family,matrix_id,device,solver,config,threads,status,n,nnz,setup_s,solve_s,total_s,iters,rel_res,fillin,us_per_nnz,solve_rss_mb,max_rss_mb,max_vram_mb,timeout_cap_s,returncode,diagnostic,git_sha,source_id,repeat,compiler,compiler_version,openmp_runtime,node_index_bits,edge_index_bits,hypre_cuda,rchol_pcg,cuda_host_compiler,arch_flags
grids,grid3d_100,cpu,ac2,,72,complete,1000000,6940000,7.294367,1.360682,8.655049,20,6.116704e-09,0.0,1.2471,,,,,,,2b75599748604439c2b51027ab2c6a428fed9c66,portable-competitors-20260828-r1,3,julia,1.12.7 (libLLVM 18.1.7),none (pure-julia solver path),,,,,,cpu_target=native (neoverse-v2)
grids,grid3d_100,cpu,ac,,72,complete,1000000,6940000,3.220511,1.45343,4.673941,27,5.975177e-09,0.0,0.6735,,,,,,,2b75599748604439c2b51027ab2c6a428fed9c66,portable-competitors-20260828-r1,3,julia,1.12.7 (libLLVM 18.1.7),none (pure-julia solver path),,,,,,cpu_target=native (neoverse-v2)
grids,grid3d_100,cpu,amgcl,,72,complete,1000000,6940000,0.1383745,0.0237773,0.1621518,13,4.480488e-09,0.0,0.0234,0.0,577.9,,,,,2b75599748604439c2b51027ab2c6a428fed9c66,,3,clang,22.1.8,llvm-libomp,32,32,off,,,-mcpu=native
grids,grid3d_100,gpu,amgcl_cuda,,72,complete,1000000,6940000,0.7122715,0.01140165,0.7236731,13,4.480488e-09,0.0,0.1043,0.0,840.8,7592.0,,,,2b75599748604439c2b51027ab2c6a428fed9c66,,3,clang,22.1.8,llvm-libomp,32,32,on,,/user-environment/env/default/bin/g++,-mcpu=native
grids,grid3d_100,cpu,apxchol_v1,bg+tree[bstr],72,complete,1000000,6940000,0.4943647,0.2483271,0.7426918,30,9.671812e-09,0.0,0.107,192.3,577.8,,,,,2b75599748604439c2b51027ab2c6a428fed9c66,,3,clang,22.1.8,llvm-libomp,32,32,off,,,-mcpu=native
grids,grid3d_100,cpu,apxchol_v1,bg+tree[fwd_star],72,complete,1000000,6940000,0.4283949,0.09151774,0.5199127,30,9.671812e-09,0.0,0.0749,102.5,577.9,,,,,2b75599748604439c2b51027ab2c6a428fed9c66,,3,clang,22.1.8,llvm-libomp,32,32,off,,,-mcpu=native
grids,grid3d_100,cpu,apxchol_v1,bg+tree[vec],72,complete,1000000,6940000,0.4892565,0.2086798,0.6979364,30,9.671812e-09,0.0,0.1006,159.7,577.8,,,,,2b75599748604439c2b51027ab2c6a428fed9c66,,3,clang,22.1.8,llvm-libomp,32,32,off,,,-mcpu=native
grids,grid3d_100,cpu,apxchol_v1,bg+tree[vec_pool],72,complete,1000000,6940000,0.1761536,0.08714618,0.2632998,30,9.671812e-09,0.0,0.0379,0.0,565.8,,,,,2b75599748604439c2b51027ab2c6a428fed9c66,,3,clang,22.1.8,llvm-libomp,32,32,off,,,-mcpu=native
grids,grid3d_100,cpu,apxchol_v1,bg+tree[vec_pool_aos],72,complete,1000000,6940000,0.1957278,0.08649067,0.2822184,30,9.671812e-09,0.0,0.0407,0.0,761.4,,,,,2b75599748604439c2b51027ab2c6a428fed9c66,,3,clang,22.1.8,llvm-libomp,32,32,off,,,-mcpu=native
grids,grid3d_100,gpu,apxchol_v1,bg+tree[vec_pool_aos],72,complete,1000000,6940000,0.3995743,0.292534,0.6921083,30,9.672925e-09,0.0,0.0997,299.4,1070.7,4318.0,,,,2b75599748604439c2b51027ab2c6a428fed9c66,,3,clang,22.1.8,llvm-libomp,32,32,on,,/user-environment/env/default/bin/g++,-mcpu=native
grids,grid3d_100,cpu,apxchol_v1,bk+tree[bstr],72,complete,1000000,6940000,0.6615232,0.4415135,1.103037,27,6.560213e-09,0.0,0.1589,0.0,577.9,,,,,2b75599748604439c2b51027ab2c6a428fed9c66,,3,clang,22.1.8,llvm-libomp,32,32,off,,,-mcpu=native
grids,grid3d_100,cpu,apxchol_v1,bk+tree[fwd_star],72,complete,1000000,6940000,0.3758305,0.1026682,0.4784987,27,6.560213e-09,0.0,0.0689,79.2,622.4,,,,,2b75599748604439c2b51027ab2c6a428fed9c66,,3,clang,22.1.8,llvm-libomp,32,32,off,,,-mcpu=native
grids,grid3d_100,cpu,apxchol_v1,bk+tree[vec],72,complete,1000000,6940000,0.626592,0.3732179,0.9998099,27,6.560213e-09,0.0,0.1441,0.0,577.8,,,,,2b75599748604439c2b51027ab2c6a428fed9c66,,3,clang,22.1.8,llvm-libomp,32,32,off,,,-mcpu=native
grids,grid3d_100,cpu,apxchol_v1,bk+tree[vec_pool],72,complete,1000000,6940000,0.2252624,0.09908864,0.3243511,27,6.560213e-09,0.0,0.0467,0.0,577.9,,,,,2b75599748604439c2b51027ab2c6a428fed9c66,,3,clang,22.1.8,llvm-libomp,32,32,off,,,-mcpu=native
grids,grid3d_100,gpu,apxchol_v1,bk+tree[vec_pool],72,complete,1000000,6940000,0.3852792,0.3792936,0.7645728,27,6.563957e-09,0.0,0.1102,180.0,1140.1,5206.0,,,,2b75599748604439c2b51027ab2c6a428fed9c66,,3,clang,22.1.8,llvm-libomp,32,32,on,,/user-environment/env/default/bin/g++,-mcpu=native
grids,grid3d_100,cpu,apxchol_v1,greedy+tree[bstr],72,complete,1000000,6940000,0.6121838,0.2548686,0.8670524,29,6.333386e-09,0.0,0.1249,0.0,577.8,,,,,2b75599748604439c2b51027ab2c6a428fed9c66,,3,clang,22.1.8,llvm-libomp,32,32,off,,,-mcpu=native
grids,grid3d_100,cpu,apxchol_v1,greedy+tree[fwd_star],72,complete,1000000,6940000,0.5141341,0.09118272,0.6053168,29,6.333386e-09,0.0,0.0872,20.8,577.8,,,,,2b75599748604439c2b51027ab2c6a428fed9c66,,3,clang,22.1.8,llvm-libomp,32,32,off,,,-mcpu=native
grids,grid3d_100,cpu,apxchol_v1,greedy+tree[vec],72,complete,1000000,6940000,0.5920589,0.2140581,0.806117,29,6.333386e-09,0.0,0.1162,0.0,577.8,,,,,2b75599748604439c2b51027ab2c6a428fed9c66,,3,clang,22.1.8,llvm-libomp,32,32,off,,,-mcpu=native
grids,grid3d_100,cpu,apxchol_v1,greedy+tree[vec_pool],72,complete,1000000,6940000,0.2115295,0.08720777,0.2987372,29,6.333386e-09,0.0,0.043,0.0,577.8,,,,,2b75599748604439c2b51027ab2c6a428fed9c66,,3,clang,22.1.8,llvm-libomp,32,32,off,,,-mcpu=native
grids,grid3d_100,gpu,apxchol_v1,greedy+tree[vec_pool],72,complete,1000000,6940000,0.3696201,0.08204521,0.4516653,29,6.347848e-09,0.0,0.0651,144.0,840.8,8312.0,,,,2b75599748604439c2b51027ab2c6a428fed9c66,,3,clang,22.1.8,llvm-libomp,32,32,on,,/user-environment/env/default/bin/g++,-mcpu=native
grids,grid3d_100,cpu,hypre_boomeramg,cut,72,complete,1000000,6940000,0.5048462,0.08707486,0.591921,9,5.124854e-09,0.0,0.0853,164.1,751.0,,,,,2b75599748604439c2b51027ab2c6a428fed9c66,,3,clang,22.1.8,llvm-libomp,32,32,off,,,-mcpu=native
grids,grid3d_100,cpu,hypre_boomeramg,,72,complete,1000000,6940000,0.5187883,0.08473448,0.6035227,9,5.124854e-09,0.0,0.087,364.2,750.9,,,,,2b75599748604439c2b51027ab2c6a428fed9c66,,3,clang,22.1.8,llvm-libomp,32,32,off,,,-mcpu=native
grids,grid3d_100,gpu,hypre_boomeramg_gpu,cut,72,complete,1000000,6940000,2.550421,0.0164299,2.56685,14,5.403377e-09,0.0,0.3699,662.8,886.6,6424.0,,,,2b75599748604439c2b51027ab2c6a428fed9c66,,3,clang,22.1.8,llvm-libomp,32,32,on,,/user-environment/env/default/bin/g++,-mcpu=native
grids,grid3d_100,gpu,hypre_boomeramg_gpu,,72,complete,1000000,6940000,2.342708,0.01796836,2.360677,14,5.403377e-09,0.0,0.3402,662.8,886.6,10920.0,,,,2b75599748604439c2b51027ab2c6a428fed9c66,,3,clang,22.1.8,llvm-libomp,32,32,on,,/user-environment/env/default/bin/g++,-mcpu=native
grids,grid3d_100,gpu,parac_graph,,72,complete,1000000,6940000,2.1726306891601563,0.234217,2.4068476891601565,32,9.06807e-09,,,,,1336.0,,,,2b75599748604439c2b51027ab2c6a428fed9c66,portable-competitors-20260828-r1,3,gcc,13.3.1+14.3.0+8.3.0,llvm-libomp,,,,,,unknown
grids,grid3d_100,gpu,parac_physics,,72,n/a,,,,,,,,,,,,,,,,2b75599748604439c2b51027ab2c6a428fed9c66,portable-competitors-20260828-r1,3,gcc,13.3.1+14.3.0+8.3.0,llvm-libomp,,,,,,unknown
grids,grid3d_100,cpu,rchol,,72,complete,1000000,6940000,8.392767,3.924696,12.31746,22,8.056397e-09,4.7449,1.7749,2023.4,2311.4,,,,,2b75599748604439c2b51027ab2c6a428fed9c66,portable-competitors-20260828-r1,3,clang,22.1.8,llvm-libomp,32,32,off,portable-eigen,,-mcpu=native
grids,grid3d_100,cpu,rchol_par,,72,complete,1000000,6940000,4.373495,2.174496,6.547991,26,6.909606e-09,5.9203,0.9435,2068.9,2116.0,,,,,2b75599748604439c2b51027ab2c6a428fed9c66,portable-competitors-20260828-r1,3,clang,22.1.8,llvm-libomp,32,32,off,portable-eigen,,-mcpu=native
grids,grid3d_150,cpu,ac2,,72,complete,3375000,23490000,28.0964,5.958856,34.05526,21,4.674019e-09,0.0,1.4498,,,,,,,2b75599748604439c2b51027ab2c6a428fed9c66,portable-competitors-20260828-r1,3,julia,1.12.7 (libLLVM 18.1.7),none (pure-julia solver path),,,,,,cpu_target=native (neoverse-v2)
grids,grid3d_150,cpu,ac,,72,complete,3375000,23490000,11.81708,5.521625,17.33871,27,8.914887e-09,0.0,0.7381,,,,,,,2b75599748604439c2b51027ab2c6a428fed9c66,portable-competitors-20260828-r1,3,julia,1.12.7 (libLLVM 18.1.7),none (pure-julia solver path),,,,,,cpu_target=native (neoverse-v2)
grids,grid3d_150,cpu,amgcl,,72,complete,3375000,23490000,0.5042376,0.1221591,0.6263967,13,4.18922e-09,0.0,0.0267,137.2,2119.6,,,,,2b75599748604439c2b51027ab2c6a428fed9c66,,3,clang,22.1.8,llvm-libomp,32,32,off,,,-mcpu=native
grids,grid3d_150,gpu,amgcl_cuda,,72,complete,3375000,23490000,1.908824,0.1428838,2.051708,13,4.18922e-09,0.0,0.0873,0.0,2672.9,4154.0,,,,2b75599748604439c2b51027ab2c6a428fed9c66,,3,clang,22.1.8,llvm-libomp,32,32,on,,/user-environment/env/default/bin/g++,-mcpu=native
grids,grid3d_150,cpu,apxchol_v1,bg+tree[bstr],72,complete,3375000,23490000,2.038914,1.481387,3.520301,31,6.378203e-09,0.0,0.1499,118.1,2987.7,,,,,2b75599748604439c2b51027ab2c6a428fed9c66,,3,clang,22.1.8,llvm-libomp,32,32,off,,,-mcpu=native
grids,grid3d_150,cpu,apxchol_v1,bg+tree[fwd_star],72,complete,3375000,23490000,1.264436,0.264973,1.529409,31,6.378203e-09,0.0,0.0651,499.2,2134.8,,,,,2b75599748604439c2b51027ab2c6a428fed9c66,,3,clang,22.1.8,llvm-libomp,32,32,off,,,-mcpu=native
grids,grid3d_150,cpu,apxchol_v1,bg+tree[vec],72,complete,3375000,23490000,2.046925,1.077186,3.12411,31,6.378203e-09,0.0,0.133,426.1,2783.1,,,,,2b75599748604439c2b51027ab2c6a428fed9c66,,3,clang,22.1.8,llvm-libomp,32,32,off,,,-mcpu=native
grids,grid3d_150,cpu,apxchol_v1,bg+tree[vec_pool],72,complete,3375000,23490000,0.5131495,0.267759,0.7809085,31,6.378203e-09,0.0,0.0332,0.0,2138.5,,,,,2b75599748604439c2b51027ab2c6a428fed9c66,,3,clang,22.1.8,llvm-libomp,32,32,off,,,-mcpu=native
grids,grid3d_150,cpu,apxchol_v1,bg+tree[vec_pool_aos],72,complete,3375000,23490000,0.3973452,0.2701121,0.6674573,31,6.378203e-09,0.0,0.0284,0.0,2109.5,,,,,2b75599748604439c2b51027ab2c6a428fed9c66,,3,clang,22.1.8,llvm-libomp,32,32,off,,,-mcpu=native
grids,grid3d_150,gpu,apxchol_v1,bg+tree[vec_pool_aos],72,complete,3375000,23490000,0.7102092,0.1836222,0.8938314,31,6.386832e-09,0.0,0.0381,856.5,2589.5,10934.0,,,,2b75599748604439c2b51027ab2c6a428fed9c66,,3,clang,22.1.8,llvm-libomp,32,32,on,,/user-environment/env/default/bin/g++,-mcpu=native
grids,grid3d_150,cpu,apxchol_v1,bk+tree[bstr],72,complete,3375000,23490000,2.962428,3.573058,6.535486,28,7.629125e-09,0.0,0.2782,2032.9,2909.5,,,,,2b75599748604439c2b51027ab2c6a428fed9c66,,3,clang,22.1.8,llvm-libomp,32,32,off,,,-mcpu=native
grids,grid3d_150,cpu,apxchol_v1,bk+tree[fwd_star],72,complete,3375000,23490000,1.19936,0.2728413,1.472201,28,7.629125e-09,0.0,0.0627,488.9,2535.0,,,,,2b75599748604439c2b51027ab2c6a428fed9c66,,3,clang,22.1.8,llvm-libomp,32,32,off,,,-mcpu=native
grids,grid3d_150,cpu,apxchol_v1,bk+tree[vec],72,complete,3375000,23490000,2.806591,2.027367,4.833958,28,7.629125e-09,0.0,0.2058,143.9,2870.2,,,,,2b75599748604439c2b51027ab2c6a428fed9c66,,3,clang,22.1.8,llvm-libomp,32,32,off,,,-mcpu=native
grids,grid3d_150,cpu,apxchol_v1,bk+tree[vec_pool],72,complete,3375000,23490000,0.7586392,0.2780852,1.036724,28,7.629125e-09,0.0,0.0441,441.7,2015.1,,,,,2b75599748604439c2b51027ab2c6a428fed9c66,,3,clang,22.1.8,llvm-libomp,32,32,off,,,-mcpu=native
grids,grid3d_150,gpu,apxchol_v1,bk+tree[vec_pool],72,complete,3375000,23490000,1.255553,0.3759902,1.631543,28,7.623863e-09,0.0,0.0695,229.6,2318.8,8822.0,,,,2b75599748604439c2b51027ab2c6a428fed9c66,,3,clang,22.1.8,llvm-libomp,32,32,on,,/user-environment/env/default/bin/g++,-mcpu=native
grids,grid3d_150,cpu,apxchol_v1,greedy+tree[bstr],72,complete,3375000,23490000,2.502098,1.596736,4.098834,30,6.39319e-09,0.0,0.1745,2014.6,2892.4,,,,,2b75599748604439c2b51027ab2c6a428fed9c66,,3,clang,22.1.8,llvm-libomp,32,32,off,,,-mcpu=native
grids,grid3d_150,cpu,apxchol_v1,greedy+tree[fwd_star],72,complete,3375000,23490000,1.586715,0.2596571,1.846372,30,6.39319e-09,0.0,0.0786,420.2,2389.7,,,,,2b75599748604439c2b51027ab2c6a428fed9c66,,3,clang,22.1.8,llvm-libomp,32,32,off,,,-mcpu=native
grids,grid3d_150,cpu,apxchol_v1,greedy+tree[vec],72,complete,3375000,23490000,2.475353,1.112996,3.588349,30,6.39319e-09,0.0,0.1528,51.8,2884.9,,,,,2b75599748604439c2b51027ab2c6a428fed9c66,,3,clang,22.1.8,llvm-libomp,32,32,off,,,-mcpu=native
grids,grid3d_150,cpu,apxchol_v1,greedy+tree[vec_pool],72,complete,3375000,23490000,0.6230872,0.2574544,0.8805415,30,6.39319e-09,0.0,0.0375,0.0,2358.0,,,,,2b75599748604439c2b51027ab2c6a428fed9c66,,3,clang,22.1.8,llvm-libomp,32,32,off,,,-mcpu=native
grids,grid3d_150,gpu,apxchol_v1,greedy+tree[vec_pool],72,complete,3375000,23490000,1.251664,0.3297202,1.581384,30,6.398945e-09,0.0,0.0673,180.0,2569.8,9488.0,,,,2b75599748604439c2b51027ab2c6a428fed9c66,,3,clang,22.1.8,llvm-libomp,32,32,on,,/user-environment/env/default/bin/g++,-mcpu=native
grids,grid3d_150,cpu,hypre_boomeramg,cut,72,complete,3375000,23490000,1.921279,0.3574349,2.278714,9,5.633025e-09,0.0,0.097,2738.3,5185.6,,,,,2b75599748604439c2b51027ab2c6a428fed9c66,,3,clang,22.1.8,llvm-libomp,32,32,off,,,-mcpu=native
grids,grid3d_150,cpu,hypre_boomeramg,,72,complete,3375000,23490000,1.790366,0.3615731,2.151939,9,5.633025e-09,0.0,0.0916,3402.3,5692.6,,,,,2b75599748604439c2b51027ab2c6a428fed9c66,,3,clang,22.1.8,llvm-libomp,32,32,off,,,-mcpu=native
grids,grid3d_150,gpu,hypre_boomeramg_gpu,cut,72,complete,3375000,23490000,2.35846,0.03361821,2.392079,14,5.033214e-09,0.0,0.1018,1143.0,2493.4,5864.0,,,,2b75599748604439c2b51027ab2c6a428fed9c66,,3,clang,22.1.8,llvm-libomp,32,32,on,,/user-environment/env/default/bin/g++,-mcpu=native
grids,grid3d_150,gpu,hypre_boomeramg_gpu,,72,complete,3375000,23490000,3.200072,0.03336318,3.233436,14,5.033214e-09,0.0,0.1377,1134.4,2548.9,7386.0,,,,2b75599748604439c2b51027ab2c6a428fed9c66,,3,clang,22.1.8,llvm-libomp,32,32,on,,/user-environment/env/default/bin/g++,-mcpu=native
grids,grid3d_150,gpu,parac_graph,,72,complete,3375000,23490000,5.27941192956543,0.933187,6.21259892956543,35,8.2757022e-09,,,,,5294.0,,,,2b75599748604439c2b51027ab2c6a428fed9c66,portable-competitors-20260828-r1,3,gcc,13.3.1+14.3.0+8.3.0,llvm-libomp,,,,,,unknown
grids,grid3d_150,gpu,parac_physics,,72,n/a,,,,,,,,,,,,,,,,2b75599748604439c2b51027ab2c6a428fed9c66,portable-competitors-20260828-r1,3,gcc,13.3.1+14.3.0+8.3.0,llvm-libomp,,,,,,unknown
grids,grid3d_150,cpu,rchol,,72,timeout,,,,,,,,,,,,,60.0,,wall-clock cap 60s,2b75599748604439c2b51027ab2c6a428fed9c66,portable-competitors-20260828-r1,3,clang,22.1.8,llvm-libomp,32,32,off,portable-eigen,,-mcpu=native
grids,grid3d_150,cpu,rchol_par,,72,timeout,,,,,,,,,,,,,60.0,,wall-clock cap 60s,2b75599748604439c2b51027ab2c6a428fed9c66,portable-competitors-20260828-r1,3,clang,22.1.8,llvm-libomp,32,32,off,portable-eigen,,-mcpu=native
grids,grid3d_200,cpu,ac2,,72,complete,8000000,55760000,72.593,16.93631,89.52932,21,8.96571e-09,0.0,1.6056,,,,,,,2b75599748604439c2b51027ab2c6a428fed9c66,portable-competitors-20260828-r1,3,julia,1.12.7 (libLLVM 18.1.7),none (pure-julia solver path),,,,,,cpu_target=native (neoverse-v2)
grids,grid3d_200,cpu,ac,,72,complete,8000000,55760000,31.12124,15.59347,46.7147,28,5.780569e-09,0.0,0.8378,,,,,,,2b75599748604439c2b51027ab2c6a428fed9c66,portable-competitors-20260828-r1,3,julia,1.12.7 (libLLVM 18.1.7),none (pure-julia solver path),,,,,,cpu_target=native (neoverse-v2)
grids,grid3d_200,cpu,amgcl,,72,complete,8000000,55760000,1.242952,0.3153638,1.558316,13,3.792952e-09,0.0,0.0279,3154.1,5139.4,,,,,2b75599748604439c2b51027ab2c6a428fed9c66,,3,clang,22.1.8,llvm-libomp,32,32,off,,,-mcpu=native
grids,grid3d_200,gpu,amgcl_cuda,,72,complete,8000000,55760000,3.039845,0.05574751,3.095593,13,3.792952e-09,0.0,0.0555,0.0,5470.3,5460.0,,,,2b75599748604439c2b51027ab2c6a428fed9c66,,3,clang,22.1.8,llvm-libomp,32,32,on,,/user-environment/env/default/bin/g++,-mcpu=native
grids,grid3d_200,cpu,apxchol_v1,bg+tree[bstr],72,complete,8000000,55760000,5.096759,4.350985,9.447744,32,9.05614e-09,0.0,0.1694,3619.4,7292.8,,,,,2b75599748604439c2b51027ab2c6a428fed9c66,,3,clang,22.1.8,llvm-libomp,32,32,off,,,-mcpu=native
grids,grid3d_200,cpu,apxchol_v1,bg+tree[fwd_star],72,complete,8000000,55760000,3.026645,0.6087976,3.635443,32,9.05614e-09,0.0,0.0652,4717.5,7182.6,,,,,2b75599748604439c2b51027ab2c6a428fed9c66,,3,clang,22.1.8,llvm-libomp,32,32,off,,,-mcpu=native
grids,grid3d_200,cpu,apxchol_v1,bg+tree[vec],72,complete,8000000,55760000,5.133753,3.221159,8.354912,32,9.05614e-09,0.0,0.1498,4525.4,7092.1,,,,,2b75599748604439c2b51027ab2c6a428fed9c66,,3,clang,22.1.8,llvm-libomp,32,32,off,,,-mcpu=native
grids,grid3d_200,cpu,apxchol_v1,bg+tree[vec_pool],72,complete,8000000,55760000,1.198654,0.6427475,1.841401,32,9.05614e-09,0.0,0.033,908.9,4940.6,,,,,2b75599748604439c2b51027ab2c6a428fed9c66,,3,clang,22.1.8,llvm-libomp,32,32,off,,,-mcpu=native
grids,grid3d_200,cpu,apxchol_v1,bg+tree[vec_pool_aos],72,complete,8000000,55760000,1.055234,0.6347711,1.690005,32,9.05614e-09,0.0,0.0303,1371.3,5213.9,,,,,2b75599748604439c2b51027ab2c6a428fed9c66,,3,clang,22.1.8,llvm-libomp,32,32,off,,,-mcpu=native
grids,grid3d_200,gpu,apxchol_v1,bg+tree[vec_pool_aos],72,complete,8000000,55760000,1.540774,0.4844978,2.025272,32,9.048462e-09,0.0,0.0363,2656.8,5180.2,10398.0,,,,2b75599748604439c2b51027ab2c6a428fed9c66,,3,clang,22.1.8,llvm-libomp,32,32,on,,/user-environment/env/default/bin/g++,-mcpu=native
grids,grid3d_200,cpu,apxchol_v1,bk+tree[bstr],72,complete,8000000,55760000,7.293852,11.28773,18.58159,29,9.051652e-09,0.0,0.3332,4949.5,7043.8,,,,,2b75599748604439c2b51027ab2c6a428fed9c66,,3,clang,22.1.8,llvm-libomp,32,32,off,,,-mcpu=native
grids,grid3d_200,cpu,apxchol_v1,bk+tree[fwd_star],72,complete,8000000,55760000,2.704935,0.6313045,3.33624,29,9.051652e-09,0.0,0.0598,2933.0,7487.3,,,,,2b75599748604439c2b51027ab2c6a428fed9c66,,3,clang,22.1.8,llvm-libomp,32,32,off,,,-mcpu=native
grids,grid3d_200,cpu,apxchol_v1,bk+tree[vec],72,complete,8000000,55760000,6.968744,8.139808,15.10855,29,9.051652e-09,0.0,0.271,3195.2,7052.8,,,,,2b75599748604439c2b51027ab2c6a428fed9c66,,3,clang,22.1.8,llvm-libomp,32,32,off,,,-mcpu=native
grids,grid3d_200,cpu,apxchol_v1,bk+tree[vec_pool],72,complete,8000000,55760000,1.579889,0.6393193,2.219209,29,9.051652e-09,0.0,0.0398,678.0,4787.3,,,,,2b75599748604439c2b51027ab2c6a428fed9c66,,3,clang,22.1.8,llvm-libomp,32,32,off,,,-mcpu=native
grids,grid3d_200,gpu,apxchol_v1,bk+tree[vec_pool],72,complete,8000000,55760000,2.023383,0.9961848,3.019567,29,9.057609e-09,0.0,0.0542,2195.8,5116.1,6726.0,,,,2b75599748604439c2b51027ab2c6a428fed9c66,,3,clang,22.1.8,llvm-libomp,32,32,on,,/user-environment/env/default/bin/g++,-mcpu=native
grids,grid3d_200,cpu,apxchol_v1,greedy+tree[bstr],72,complete,8000000,55760000,6.247671,4.650403,10.89807,30,7.474249e-09,0.0,0.1954,4519.9,7109.2,,,,,2b75599748604439c2b51027ab2c6a428fed9c66,,3,clang,22.1.8,llvm-libomp,32,32,off,,,-mcpu=native
grids,grid3d_200,cpu,apxchol_v1,greedy+tree[fwd_star],72,complete,8000000,55760000,3.476725,0.6112575,4.087983,30,7.474249e-09,0.0,0.0733,3856.5,7082.9,,,,,2b75599748604439c2b51027ab2c6a428fed9c66,,3,clang,22.1.8,llvm-libomp,32,32,off,,,-mcpu=native
grids,grid3d_200,cpu,apxchol_v1,greedy+tree[vec],72,complete,8000000,55760000,6.189735,3.456793,9.646528,30,7.474249e-09,0.0,0.173,3275.3,7172.4,,,,,2b75599748604439c2b51027ab2c6a428fed9c66,,3,clang,22.1.8,llvm-libomp,32,32,off,,,-mcpu=native
grids,grid3d_200,cpu,apxchol_v1,greedy+tree[vec_pool],72,complete,8000000,55760000,1.500576,0.6070706,2.107647,30,7.474249e-09,0.0,0.0378,1555.1,5187.9,,,,,2b75599748604439c2b51027ab2c6a428fed9c66,,3,clang,22.1.8,llvm-libomp,32,32,off,,,-mcpu=native
grids,grid3d_200,gpu,apxchol_v1,greedy+tree[vec_pool],72,complete,8000000,55760000,1.970847,0.5798376,2.550685,30,7.478208e-09,0.0,0.0457,2515.6,5509.1,5518.0,,,,2b75599748604439c2b51027ab2c6a428fed9c66,,3,clang,22.1.8,llvm-libomp,32,32,on,,/user-environment/env/default/bin/g++,-mcpu=native
grids,grid3d_200,cpu,hypre_boomeramg,cut,72,complete,8000000,55760000,4.657444,0.4530754,5.11052,9,2.733701e-09,0.0,0.0917,7677.4,13518.8,,,,,2b75599748604439c2b51027ab2c6a428fed9c66,,3,clang,22.1.8,llvm-libomp,32,32,off,,,-mcpu=native
grids,grid3d_200,cpu,hypre_boomeramg,,72,complete,8000000,55760000,4.63173,0.4708742,5.102604,9,2.733701e-09,0.0,0.0915,6900.6,14513.4,,,,,2b75599748604439c2b51027ab2c6a428fed9c66,,3,clang,22.1.8,llvm-libomp,32,32,off,,,-mcpu=native
grids,grid3d_200,gpu,hypre_boomeramg_gpu,cut,72,complete,8000000,55760000,4.255396,0.07172757,4.327124,14,7.0258e-09,0.0,0.0776,2123.4,5337.7,9698.0,,,,2b75599748604439c2b51027ab2c6a428fed9c66,,3,clang,22.1.8,llvm-libomp,32,32,on,,/user-environment/env/default/bin/g++,-mcpu=native
grids,grid3d_200,gpu,hypre_boomeramg_gpu,,72,complete,8000000,55760000,6.86098,0.06351305,6.924493,14,7.954582e-09,0.0,0.1242,2205.2,5284.9,11728.0,,,,2b75599748604439c2b51027ab2c6a428fed9c66,,3,clang,22.1.8,llvm-libomp,32,32,on,,/user-environment/env/default/bin/g++,-mcpu=native
grids,grid3d_200,gpu,parac_graph,,72,complete,8000000,55760000,12.539803107727053,1.67358,14.213383107727052,35,9.1280835e-09,,,,,11782.0,,,,2b75599748604439c2b51027ab2c6a428fed9c66,portable-competitors-20260828-r1,3,gcc,13.3.1+14.3.0+8.3.0,llvm-libomp,,,,,,unknown
grids,grid3d_200,gpu,parac_physics,,72,n/a,,,,,,,,,,,,,,,,2b75599748604439c2b51027ab2c6a428fed9c66,portable-competitors-20260828-r1,3,gcc,13.3.1+14.3.0+8.3.0,llvm-libomp,,,,,,unknown
grids,grid3d_200,cpu,rchol,,72,timeout,,,,,,,,,,,,,60.0,,wall-clock cap 60s,2b75599748604439c2b51027ab2c6a428fed9c66,portable-competitors-20260828-r1,3,clang,22.1.8,llvm-libomp,32,32,off,portable-eigen,,-mcpu=native
grids,grid3d_200,cpu,rchol_par,,72,timeout,,,,,,,,,,,,,60.0,,wall-clock cap 60s,2b75599748604439c2b51027ab2c6a428fed9c66,portable-competitors-20260828-r1,3,clang,22.1.8,llvm-libomp,32,32,off,portable-eigen,,-mcpu=native
grids,grid3d_250,cpu,ac2,,72,complete,15625000,109000000,134.3771,41.42107,175.7982,21,4.620037e-09,0.0,1.6128,,,,,,,2b75599748604439c2b51027ab2c6a428fed9c66,portable-competitors-20260828-r1,3,julia,1.12.7 (libLLVM 18.1.7),none (pure-julia solver path),,,,,,cpu_target=native (neoverse-v2)
grids,grid3d_250,cpu,ac,,72,complete,15625000,109000000,60.82473,36.89278,97.71751,29,7.332721e-09,0.0,0.8965,,,,,,,2b75599748604439c2b51027ab2c6a428fed9c66,portable-competitors-20260828-r1,3,julia,1.12.7 (libLLVM 18.1.7),none (pure-julia solver path),,,,,,cpu_target=native (neoverse-v2)
grids,grid3d_250,cpu,amgcl,,72,complete,15625000,109000000,2.326283,0.7343819,3.060665,15,4.7191e-09,0.0,0.0281,8438.4,10410.9,,,,,2b75599748604439c2b51027ab2c6a428fed9c66,,3,clang,22.1.8,llvm-libomp,32,32,off,,,-mcpu=native
grids,grid3d_250,gpu,amgcl_cuda,,72,complete,15625000,109000000,3.769698,0.09382248,3.863521,15,4.7191e-09,0.0,0.0354,0.0,10082.1,23874.0,,,,2b75599748604439c2b51027ab2c6a428fed9c66,,3,clang,22.1.8,llvm-libomp,32,32,on,,/user-environment/env/default/bin/g++,-mcpu=native
grids,grid3d_250,cpu,apxchol_v1,bg+tree[bstr],72,complete,15625000,109000000,9.838876,10.02106,19.85994,32,7.12973e-09,0.0,0.1822,4984.8,12282.6,,,,,2b75599748604439c2b51027ab2c6a428fed9c66,,3,clang,22.1.8,llvm-libomp,32,32,off,,,-mcpu=native
grids,grid3d_250,cpu,apxchol_v1,bg+tree[fwd_star],72,complete,15625000,109000000,5.878432,1.466522,7.344954,32,7.12973e-09,0.0,0.0674,3903.4,13842.1,,,,,2b75599748604439c2b51027ab2c6a428fed9c66,,3,clang,22.1.8,llvm-libomp,32,32,off,,,-mcpu=native
grids,grid3d_250,cpu,apxchol_v1,bg+tree[vec],72,complete,15625000,109000000,10.18831,7.522325,17.71064,32,7.12973e-09,0.0,0.1625,5163.2,11865.7,,,,,2b75599748604439c2b51027ab2c6a428fed9c66,,3,clang,22.1.8,llvm-libomp,32,32,off,,,-mcpu=native
grids,grid3d_250,cpu,apxchol_v1,bg+tree[vec_pool],72,complete,15625000,109000000,2.49012,1.32828,3.818399,32,7.12973e-09,0.0,0.035,3957.5,9439.5,,,,,2b75599748604439c2b51027ab2c6a428fed9c66,,3,clang,22.1.8,llvm-libomp,32,32,off,,,-mcpu=native
grids,grid3d_250,cpu,apxchol_v1,bg+tree[vec_pool_aos],72,complete,15625000,109000000,1.972921,1.335667,3.308588,32,7.12973e-09,0.0,0.0304,4625.1,9547.5,,,,,2b75599748604439c2b51027ab2c6a428fed9c66,,3,clang,22.1.8,llvm-libomp,32,32,off,,,-mcpu=native
grids,grid3d_250,gpu,apxchol_v1,bg+tree[vec_pool_aos],72,complete,15625000,109000000,3.040738,0.5538471,3.594585,32,7.131714e-09,0.0,0.033,4924.8,9861.2,9010.0,,,,2b75599748604439c2b51027ab2c6a428fed9c66,,3,clang,22.1.8,llvm-libomp,32,32,on,,/user-environment/env/default/bin/g++,-mcpu=native
grids,grid3d_250,cpu,apxchol_v1,bk+tree[bstr],72,complete,15625000,109000000,14.64802,27.61909,42.26711,29,6.12273e-09,0.0,0.3878,3541.8,11999.1,,,,,2b75599748604439c2b51027ab2c6a428fed9c66,,3,clang,22.1.8,llvm-libomp,32,32,off,,,-mcpu=native
grids,grid3d_250,cpu,apxchol_v1,bk+tree[fwd_star],72,complete,15625000,109000000,5.56146,1.372191,6.93365,29,6.12273e-09,0.0,0.0636,4078.7,16357.6,,,,,2b75599748604439c2b51027ab2c6a428fed9c66,,3,clang,22.1.8,llvm-libomp,32,32,off,,,-mcpu=native
grids,grid3d_250,cpu,apxchol_v1,bk+tree[vec],72,complete,15625000,109000000,14.28587,20.29319,34.57905,29,6.12273e-09,0.0,0.3172,3702.9,11793.8,,,,,2b75599748604439c2b51027ab2c6a428fed9c66,,3,clang,22.1.8,llvm-libomp,32,32,off,,,-mcpu=native
grids,grid3d_250,cpu,apxchol_v1,bk+tree[vec_pool],72,complete,15625000,109000000,3.392614,1.369533,4.762146,29,6.12273e-09,0.0,0.0437,4400.4,9438.8,,,,,2b75599748604439c2b51027ab2c6a428fed9c66,,3,clang,22.1.8,llvm-libomp,32,32,off,,,-mcpu=native
grids,grid3d_250,gpu,apxchol_v1,bk+tree[vec_pool],72,complete,15625000,109000000,4.054494,0.4165254,4.47102,29,6.128685e-09,0.0,0.041,4539.6,9789.7,9578.0,,,,2b75599748604439c2b51027ab2c6a428fed9c66,,3,clang,22.1.8,llvm-libomp,32,32,on,,/user-environment/env/default/bin/g++,-mcpu=native
grids,grid3d_250,cpu,apxchol_v1,greedy+tree[bstr],72,complete,15625000,109000000,12.39471,10.60638,23.00108,31,6.402518e-09,0.0,0.211,3665.5,12124.0,,,,,2b75599748604439c2b51027ab2c6a428fed9c66,,3,clang,22.1.8,llvm-libomp,32,32,off,,,-mcpu=native
grids,grid3d_250,cpu,apxchol_v1,greedy+tree[fwd_star],72,complete,15625000,109000000,6.76085,1.262801,8.023651,31,6.402518e-09,0.0,0.0736,4210.1,13396.8,,,,,2b75599748604439c2b51027ab2c6a428fed9c66,,3,clang,22.1.8,llvm-libomp,32,32,off,,,-mcpu=native
grids,grid3d_250,cpu,apxchol_v1,greedy+tree[vec],72,complete,15625000,109000000,12.64476,8.253807,20.89857,31,6.402518e-09,0.0,0.1917,4415.4,12552.2,,,,,2b75599748604439c2b51027ab2c6a428fed9c66,,3,clang,22.1.8,llvm-libomp,32,32,off,,,-mcpu=native
grids,grid3d_250,cpu,apxchol_v1,greedy+tree[vec_pool],72,complete,15625000,109000000,2.980115,1.384604,4.36472,31,6.402518e-09,0.0,0.04,3660.1,9874.0,,,,,2b75599748604439c2b51027ab2c6a428fed9c66,,3,clang,22.1.8,llvm-libomp,32,32,off,,,-mcpu=native
grids,grid3d_250,gpu,apxchol_v1,greedy+tree[vec_pool],72,complete,15625000,109000000,3.879581,0.5306645,4.410246,31,6.39985e-09,0.0,0.0405,5137.5,9954.2,10748.0,,,,2b75599748604439c2b51027ab2c6a428fed9c66,,3,clang,22.1.8,llvm-libomp,32,32,on,,/user-environment/env/default/bin/g++,-mcpu=native
grids,grid3d_250,cpu,hypre_boomeramg,cut,72,complete,15625000,109000000,8.365535,0.9841938,9.349729,9,3.740562e-09,0.0,0.0858,14008.1,16001.9,,,,,2b75599748604439c2b51027ab2c6a428fed9c66,,3,clang,22.1.8,llvm-libomp,32,32,off,,,-mcpu=native
grids,grid3d_250,cpu,hypre_boomeramg,,72,complete,15625000,109000000,8.223333,1.02199,9.245323,9,3.740562e-09,0.0,0.0848,13988.4,16407.4,,,,,2b75599748604439c2b51027ab2c6a428fed9c66,,3,clang,22.1.8,llvm-libomp,32,32,off,,,-mcpu=native
grids,grid3d_250,gpu,hypre_boomeramg_gpu,cut,72,complete,15625000,109000000,3.508668,0.1182565,3.626925,14,8.868164e-09,0.0,0.0333,3889.9,10082.1,25890.0,,,,2b75599748604439c2b51027ab2c6a428fed9c66,,3,clang,22.1.8,llvm-libomp,32,32,on,,/user-environment/env/default/bin/g++,-mcpu=native
grids,grid3d_250,gpu,hypre_boomeramg_gpu,,72,complete,15625000,109000000,4.751605,0.1326409,4.884246,14,8.868164e-09,0.0,0.0448,3918.2,9892.7,24536.0,,,,2b75599748604439c2b51027ab2c6a428fed9c66,,3,clang,22.1.8,llvm-libomp,32,32,on,,/user-environment/env/default/bin/g++,-mcpu=native
grids,grid3d_250,gpu,parac_graph,,72,complete,15625000,109000000,26.575140967269895,2.9335,29.508640967269894,37,9.1558011e-09,,,,,24752.0,,,,2b75599748604439c2b51027ab2c6a428fed9c66,portable-competitors-20260828-r1,3,gcc,13.3.1+14.3.0+8.3.0,llvm-libomp,,,,,,unknown
grids,grid3d_250,gpu,parac_physics,,72,n/a,,,,,,,,,,,,,,,,2b75599748604439c2b51027ab2c6a428fed9c66,portable-competitors-20260828-r1,3,gcc,13.3.1+14.3.0+8.3.0,llvm-libomp,,,,,,unknown
grids,grid3d_250,cpu,rchol,,72,timeout,,,,,,,,,,,,,60.0,,wall-clock cap 60s,2b75599748604439c2b51027ab2c6a428fed9c66,portable-competitors-20260828-r1,3,clang,22.1.8,llvm-libomp,32,32,off,portable-eigen,,-mcpu=native
grids,grid3d_250,cpu,rchol_par,,72,timeout,,,,,,,,,,,,,60.0,,wall-clock cap 60s,2b75599748604439c2b51027ab2c6a428fed9c66,portable-competitors-20260828-r1,3,clang,22.1.8,llvm-libomp,32,32,off,portable-eigen,,-mcpu=native
grids,grid_1000,cpu,ac2,,72,complete,1000000,4996000,2.975641,0.8496879,3.825329,25,9.569032e-09,0.0,0.7657,,,,,,,2b75599748604439c2b51027ab2c6a428fed9c66,portable-competitors-20260828-r1,3,julia,1.12.7 (libLLVM 18.1.7),none (pure-julia solver path),,,,,,cpu_target=native (neoverse-v2)
grids,grid_1000,cpu,ac,,72,complete,1000000,4996000,1.558568,1.340626,2.899194,43,6.587697e-09,0.0,0.5803,,,,,,,2b75599748604439c2b51027ab2c6a428fed9c66,portable-competitors-20260828-r1,3,julia,1.12.7 (libLLVM 18.1.7),none (pure-julia solver path),,,,,,cpu_target=native (neoverse-v2)
grids,grid_1000,cpu,amgcl,,72,complete,1000000,4996000,0.07865029,0.01479474,0.09344503,12,6.945382e-09,0.0,0.0187,0.0,413.1,,,,,2b75599748604439c2b51027ab2c6a428fed9c66,,3,clang,22.1.8,llvm-libomp,32,32,off,,,-mcpu=native
grids,grid_1000,gpu,amgcl_cuda,,72,complete,1000000,4996000,0.5112401,0.01964664,0.5308868,12,6.945382e-09,0.0,0.1063,0.0,717.7,9354.0,,,,2b75599748604439c2b51027ab2c6a428fed9c66,,3,clang,22.1.8,llvm-libomp,32,32,on,,/user-environment/env/default/bin/g++,-mcpu=native
grids,grid_1000,cpu,apxchol_v1,bg+tree[bstr],72,complete,1000000,4996000,0.2271657,0.1167495,0.3439152,44,9.210537e-09,0.0,0.0688,313.4,408.9,,,,,2b75599748604439c2b51027ab2c6a428fed9c66,,3,clang,22.1.8,llvm-libomp,32,32,off,,,-mcpu=native
grids,grid_1000,cpu,apxchol_v1,bg+tree[fwd_star],72,complete,1000000,4996000,0.09478052,0.04104575,0.1358263,44,9.210537e-09,0.0,0.0272,149.1,408.9,,,,,2b75599748604439c2b51027ab2c6a428fed9c66,,3,clang,22.1.8,llvm-libomp,32,32,off,,,-mcpu=native
grids,grid_1000,cpu,apxchol_v1,bg+tree[vec],72,complete,1000000,4996000,0.2419066,0.09662678,0.3385334,44,9.210537e-09,0.0,0.0678,200.9,408.9,,,,,2b75599748604439c2b51027ab2c6a428fed9c66,,3,clang,22.1.8,llvm-libomp,32,32,off,,,-mcpu=native
grids,grid_1000,cpu,apxchol_v1,bg+tree[vec_pool],72,complete,1000000,4996000,0.06721127,0.04076569,0.107977,44,9.210537e-09,0.0,0.0216,5.1,408.9,,,,,2b75599748604439c2b51027ab2c6a428fed9c66,,3,clang,22.1.8,llvm-libomp,32,32,off,,,-mcpu=native
grids,grid_1000,cpu,apxchol_v1,bg+tree[vec_pool_aos],72,complete,1000000,4996000,0.06861005,0.04280076,0.1114108,44,9.210537e-09,0.0,0.0223,0.0,690.8,,,,,2b75599748604439c2b51027ab2c6a428fed9c66,,3,clang,22.1.8,llvm-libomp,32,32,off,,,-mcpu=native
grids,grid_1000,gpu,apxchol_v1,bg+tree[vec_pool_aos],72,complete,1000000,4996000,0.1054656,0.3215287,0.4269943,45,9.113076e-09,0.0,0.0855,108.0,898.6,2224.0,,,,2b75599748604439c2b51027ab2c6a428fed9c66,,3,clang,22.1.8,llvm-libomp,32,32,on,,/user-environment/env/default/bin/g++,-mcpu=native
grids,grid_1000,cpu,apxchol_v1,bk+tree[bstr],72,complete,1000000,4996000,0.292226,0.1488676,0.4410936,42,7.219394e-09,0.0,0.0883,274.8,408.9,,,,,2b75599748604439c2b51027ab2c6a428fed9c66,,3,clang,22.1.8,llvm-libomp,32,32,off,,,-mcpu=native
grids,grid_1000,cpu,apxchol_v1,bk+tree[fwd_star],72,complete,1000000,4996000,0.1215061,0.04130037,0.1628065,42,7.219394e-09,0.0,0.0326,198.7,409.6,,,,,2b75599748604439c2b51027ab2c6a428fed9c66,,3,clang,22.1.8,llvm-libomp,32,32,off,,,-mcpu=native
grids,grid_1000,cpu,apxchol_v1,bk+tree[vec],72,complete,1000000,4996000,0.3426932,0.1138492,0.4565424,42,7.219394e-09,0.0,0.0914,108.2,408.9,,,,,2b75599748604439c2b51027ab2c6a428fed9c66,,3,clang,22.1.8,llvm-libomp,32,32,off,,,-mcpu=native
grids,grid_1000,cpu,apxchol_v1,bk+tree[vec_pool],72,complete,1000000,4996000,0.09222153,0.04137165,0.1335932,42,7.219394e-09,0.0,0.0267,9.8,408.9,,,,,2b75599748604439c2b51027ab2c6a428fed9c66,,3,clang,22.1.8,llvm-libomp,32,32,off,,,-mcpu=native
grids,grid_1000,gpu,apxchol_v1,bk+tree[vec_pool],72,complete,1000000,4996000,0.452436,0.08751336,0.5399493,42,8.281151e-09,0.0,0.1081,239.8,717.7,2726.0,,,,2b75599748604439c2b51027ab2c6a428fed9c66,,3,clang,22.1.8,llvm-libomp,32,32,on,,/user-environment/env/default/bin/g++,-mcpu=native
grids,grid_1000,cpu,apxchol_v1,greedy+tree[bstr],72,complete,1000000,4996000,0.2710726,0.1132823,0.3843548,41,8.387431e-09,0.0,0.0769,140.1,408.9,,,,,2b75599748604439c2b51027ab2c6a428fed9c66,,3,clang,22.1.8,llvm-libomp,32,32,off,,,-mcpu=native
grids,grid_1000,cpu,apxchol_v1,greedy+tree[fwd_star],72,complete,1000000,4996000,0.1232209,0.03665836,0.1598793,41,8.387431e-09,0.0,0.032,146.8,408.9,,,,,2b75599748604439c2b51027ab2c6a428fed9c66,,3,clang,22.1.8,llvm-libomp,32,32,off,,,-mcpu=native
grids,grid_1000,cpu,apxchol_v1,greedy+tree[vec],72,complete,1000000,4996000,0.3205582,0.1010582,0.4216164,41,8.387431e-09,0.0,0.0844,265.1,408.9,,,,,2b75599748604439c2b51027ab2c6a428fed9c66,,3,clang,22.1.8,llvm-libomp,32,32,off,,,-mcpu=native
grids,grid_1000,cpu,apxchol_v1,greedy+tree[vec_pool],72,complete,1000000,4996000,0.08749405,0.03690274,0.1243968,41,8.387431e-09,0.0,0.0249,0.0,408.9,,,,,2b75599748604439c2b51027ab2c6a428fed9c66,,3,clang,22.1.8,llvm-libomp,32,32,off,,,-mcpu=native
grids,grid_1000,gpu,apxchol_v1,greedy+tree[vec_pool],72,complete,1000000,4996000,0.2253776,0.4226215,0.6479991,41,9.109769e-09,0.0,0.1297,180.0,717.8,3998.0,,,,2b75599748604439c2b51027ab2c6a428fed9c66,,3,clang,22.1.8,llvm-libomp,32,32,on,,/user-environment/env/default/bin/g++,-mcpu=native
grids,grid_1000,cpu,hypre_boomeramg,cut,72,complete,1000000,4996000,0.3940802,0.0646202,0.4587004,8,1.601111e-09,0.0,0.0918,388.7,1085.5,,,,,2b75599748604439c2b51027ab2c6a428fed9c66,,3,clang,22.1.8,llvm-libomp,32,32,off,,,-mcpu=native
grids,grid_1000,cpu,hypre_boomeramg,,72,complete,1000000,4996000,0.3991569,0.06310328,0.4622601,8,1.601111e-09,0.0,0.0925,412.8,1085.6,,,,,2b75599748604439c2b51027ab2c6a428fed9c66,,3,clang,22.1.8,llvm-libomp,32,32,off,,,-mcpu=native
grids,grid_1000,gpu,hypre_boomeramg_gpu,cut,72,complete,1000000,4996000,2.539857,0.01359852,2.553455,12,9.239173e-09,0.0,0.5111,656.1,728.1,5746.0,,,,2b75599748604439c2b51027ab2c6a428fed9c66,,3,clang,22.1.8,llvm-libomp,32,32,on,,/user-environment/env/default/bin/g++,-mcpu=native
grids,grid_1000,gpu,hypre_boomeramg_gpu,,72,complete,1000000,4996000,1.753214,0.0133664,1.766581,12,7.49467e-09,0.0,0.3536,675.1,728.1,4976.0,,,,2b75599748604439c2b51027ab2c6a428fed9c66,,3,clang,22.1.8,llvm-libomp,32,32,on,,/user-environment/env/default/bin/g++,-mcpu=native
grids,grid_1000,gpu,parac_graph,,72,complete,1000000,4996000,1.788459755380249,0.0992176,1.887677355380249,63,8.4639173e-09,,,,,1128.0,,,,2b75599748604439c2b51027ab2c6a428fed9c66,portable-competitors-20260828-r1,3,gcc,13.3.1+14.3.0+8.3.0,llvm-libomp,,,,,,unknown
grids,grid_1000,gpu,parac_physics,,72,n/a,,,,,,,,,,,,,,,,2b75599748604439c2b51027ab2c6a428fed9c66,portable-competitors-20260828-r1,3,gcc,13.3.1+14.3.0+8.3.0,llvm-libomp,,,,,,unknown
grids,grid_1000,cpu,rchol,,72,complete,1000000,4996000,6.339438,5.805286,12.14472,43,9.595706e-09,3.0584,2.4309,1475.2,1619.2,,,,,2b75599748604439c2b51027ab2c6a428fed9c66,portable-competitors-20260828-r1,3,clang,22.1.8,llvm-libomp,32,32,off,portable-eigen,,-mcpu=native
grids,grid_1000,cpu,rchol_par,,72,complete,1000000,4996000,3.838986,3.66448,7.503466,56,8.165367e-09,3.5792,1.5019,967.3,1328.4,,,,,2b75599748604439c2b51027ab2c6a428fed9c66,portable-competitors-20260828-r1,3,clang,22.1.8,llvm-libomp,32,32,off,portable-eigen,,-mcpu=native
grids,grid_2000,cpu,ac2,,72,complete,4000000,19992000,10.20148,4.424163,14.62564,26,9.151727e-09,0.0,0.7316,,,,,,,2b75599748604439c2b51027ab2c6a428fed9c66,portable-competitors-20260828-r1,3,julia,1.12.7 (libLLVM 18.1.7),none (pure-julia solver path),,,,,,cpu_target=native (neoverse-v2)
grids,grid_2000,cpu,ac,,72,complete,4000000,19992000,5.389563,5.774125,11.16369,45,7.991232e-09,0.0,0.5584,,,,,,,2b75599748604439c2b51027ab2c6a428fed9c66,portable-competitors-20260828-r1,3,julia,1.12.7 (libLLVM 18.1.7),none (pure-julia solver path),,,,,,cpu_target=native (neoverse-v2)
grids,grid_2000,cpu,amgcl,,72,complete,4000000,19992000,0.3080943,0.1017828,0.4098771,13,9.376208e-09,0.0,0.0205,1958.1,2030.1,,,,,2b75599748604439c2b51027ab2c6a428fed9c66,,3,clang,22.1.8,llvm-libomp,32,32,off,,,-mcpu=native
grids,grid_2000,gpu,amgcl_cuda,,72,complete,4000000,19992000,1.168865,0.02664566,1.195511,13,9.376208e-09,0.0,0.0598,0.0,2291.1,7424.0,,,,2b75599748604439c2b51027ab2c6a428fed9c66,,3,clang,22.1.8,llvm-libomp,32,32,on,,/user-environment/env/default/bin/g++,-mcpu=native
grids,grid_2000,cpu,apxchol_v1,bg+tree[bstr],72,complete,4000000,19992000,1.063114,0.7403398,1.803454,47,7.608705e-09,0.0,0.0902,89.1,1659.9,,,,,2b75599748604439c2b51027ab2c6a428fed9c66,,3,clang,22.1.8,llvm-libomp,32,32,off,,,-mcpu=native
grids,grid_2000,cpu,apxchol_v1,bg+tree[fwd_star],72,complete,4000000,19992000,0.365343,0.190831,0.5561741,47,7.608705e-09,0.0,0.0278,0.0,1670.5,,,,,2b75599748604439c2b51027ab2c6a428fed9c66,,3,clang,22.1.8,llvm-libomp,32,32,off,,,-mcpu=native
grids,grid_2000,cpu,apxchol_v1,bg+tree[vec],72,complete,4000000,19992000,1.075523,0.5756943,1.651217,47,7.608705e-09,0.0,0.0826,527.4,2026.2,,,,,2b75599748604439c2b51027ab2c6a428fed9c66,,3,clang,22.1.8,llvm-libomp,32,32,off,,,-mcpu=native
grids,grid_2000,cpu,apxchol_v1,bg+tree[vec_pool],72,complete,4000000,19992000,0.2513795,0.1913462,0.4427258,47,7.608705e-09,0.0,0.0221,0.0,1637.1,,,,,2b75599748604439c2b51027ab2c6a428fed9c66,,3,clang,22.1.8,llvm-libomp,32,32,off,,,-mcpu=native
grids,grid_2000,cpu,apxchol_v1,bg+tree[vec_pool_aos],72,complete,4000000,19992000,0.2811342,0.2101366,0.4912708,47,7.608705e-09,0.0,0.0246,0.0,1759.8,,,,,2b75599748604439c2b51027ab2c6a428fed9c66,,3,clang,22.1.8,llvm-libomp,32,32,off,,,-mcpu=native
grids,grid_2000,gpu,apxchol_v1,bg+tree[vec_pool_aos],72,complete,4000000,19992000,0.7628035,0.4085642,1.171368,48,7.304014e-09,0.0,0.0586,180.0,2323.3,3990.0,,,,2b75599748604439c2b51027ab2c6a428fed9c66,,3,clang,22.1.8,llvm-libomp,32,32,on,,/user-environment/env/default/bin/g++,-mcpu=native
grids,grid_2000,cpu,apxchol_v1,bk+tree[bstr],72,complete,4000000,19992000,1.545539,1.008678,2.554217,49,8.842986e-09,0.0,0.1278,0.0,1657.4,,,,,2b75599748604439c2b51027ab2c6a428fed9c66,,3,clang,22.1.8,llvm-libomp,32,32,off,,,-mcpu=native
grids,grid_2000,cpu,apxchol_v1,bk+tree[fwd_star],72,complete,4000000,19992000,0.4981242,0.1974848,0.695609,49,8.842986e-09,0.0,0.0348,0.0,1796.5,,,,,2b75599748604439c2b51027ab2c6a428fed9c66,,3,clang,22.1.8,llvm-libomp,32,32,off,,,-mcpu=native
grids,grid_2000,cpu,apxchol_v1,bk+tree[vec],72,complete,4000000,19992000,1.659211,0.7599826,2.419193,49,8.842986e-09,0.0,0.121,36.1,1848.8,,,,,2b75599748604439c2b51027ab2c6a428fed9c66,,3,clang,22.1.8,llvm-libomp,32,32,off,,,-mcpu=native
grids,grid_2000,cpu,apxchol_v1,bk+tree[vec_pool],72,complete,4000000,19992000,0.3670793,0.1982948,0.5653741,49,8.842986e-09,0.0,0.0283,0.0,1940.2,,,,,2b75599748604439c2b51027ab2c6a428fed9c66,,3,clang,22.1.8,llvm-libomp,32,32,off,,,-mcpu=native
grids,grid_2000,gpu,apxchol_v1,bk+tree[vec_pool],72,complete,4000000,19992000,0.9106886,0.3584198,1.269108,50,8.229964e-09,0.0,0.0635,345.3,2030.9,4876.0,,,,2b75599748604439c2b51027ab2c6a428fed9c66,,3,clang,22.1.8,llvm-libomp,32,32,on,,/user-environment/env/default/bin/g++,-mcpu=native
grids,grid_2000,cpu,apxchol_v1,greedy+tree[bstr],72,complete,4000000,19992000,1.407982,0.7378164,2.145798,47,7.664005e-09,0.0,0.1073,188.9,2106.3,,,,,2b75599748604439c2b51027ab2c6a428fed9c66,,3,clang,22.1.8,llvm-libomp,32,32,off,,,-mcpu=native
grids,grid_2000,cpu,apxchol_v1,greedy+tree[fwd_star],72,complete,4000000,19992000,0.4606102,0.1911371,0.6517473,47,7.664005e-09,0.0,0.0326,0.0,2002.4,,,,,2b75599748604439c2b51027ab2c6a428fed9c66,,3,clang,22.1.8,llvm-libomp,32,32,off,,,-mcpu=native
grids,grid_2000,cpu,apxchol_v1,greedy+tree[vec],72,complete,4000000,19992000,1.401218,0.5862744,1.987492,47,7.664005e-09,0.0,0.0994,507.2,1909.4,,,,,2b75599748604439c2b51027ab2c6a428fed9c66,,3,clang,22.1.8,llvm-libomp,32,32,off,,,-mcpu=native
grids,grid_2000,cpu,apxchol_v1,greedy+tree[vec_pool],72,complete,4000000,19992000,0.330543,0.1932174,0.5237604,47,7.664005e-09,0.0,0.0262,0.0,1886.5,,,,,2b75599748604439c2b51027ab2c6a428fed9c66,,3,clang,22.1.8,llvm-libomp,32,32,off,,,-mcpu=native
grids,grid_2000,gpu,apxchol_v1,greedy+tree[vec_pool],72,complete,4000000,19992000,1.00141,0.1200577,1.121467,47,8.995384e-09,0.0,0.0561,995.9,2358.5,3194.0,,,,2b75599748604439c2b51027ab2c6a428fed9c66,,3,clang,22.1.8,llvm-libomp,32,32,on,,/user-environment/env/default/bin/g++,-mcpu=native
grids,grid_2000,cpu,hypre_boomeramg,cut,72,complete,4000000,19992000,1.604273,0.5035963,2.107869,8,6.295678e-09,0.0,0.1054,1941.8,6430.1,,,,,2b75599748604439c2b51027ab2c6a428fed9c66,,3,clang,22.1.8,llvm-libomp,32,32,off,,,-mcpu=native
grids,grid_2000,cpu,hypre_boomeramg,,72,complete,4000000,19992000,1.751762,0.4388117,2.190574,8,6.295678e-09,0.0,0.1096,3690.4,6928.3,,,,,2b75599748604439c2b51027ab2c6a428fed9c66,,3,clang,22.1.8,llvm-libomp,32,32,off,,,-mcpu=native
grids,grid_2000,gpu,hypre_boomeramg_gpu,cut,72,complete,4000000,19992000,2.91881,0.02996001,2.94877,12,8.979066e-09,0.0,0.1475,1042.8,2150.4,10920.0,,,,2b75599748604439c2b51027ab2c6a428fed9c66,,3,clang,22.1.8,llvm-libomp,32,32,on,,/user-environment/env/default/bin/g++,-mcpu=native
grids,grid_2000,gpu,hypre_boomeramg_gpu,,72,complete,4000000,19992000,3.425069,0.02977294,3.454842,12,8.979066e-09,0.0,0.1728,1096.0,2379.1,5730.0,,,,2b75599748604439c2b51027ab2c6a428fed9c66,,3,clang,22.1.8,llvm-libomp,32,32,on,,/user-environment/env/default/bin/g++,-mcpu=native
grids,grid_2000,gpu,parac_graph,,72,complete,4000000,19992000,4.988991766748047,0.25009,5.239081766748047,74,9.8981005e-09,,,,,4650.0,,,,2b75599748604439c2b51027ab2c6a428fed9c66,portable-competitors-20260828-r1,3,gcc,13.3.1+14.3.0+8.3.0,llvm-libomp,,,,,,unknown
grids,grid_2000,gpu,parac_physics,,72,n/a,,,,,,,,,,,,,,,,2b75599748604439c2b51027ab2c6a428fed9c66,portable-competitors-20260828-r1,3,gcc,13.3.1+14.3.0+8.3.0,llvm-libomp,,,,,,unknown
grids,grid_2000,cpu,rchol,,72,timeout,,,,,,,,,,,,,60.0,,wall-clock cap 60s,2b75599748604439c2b51027ab2c6a428fed9c66,portable-competitors-20260828-r1,3,clang,22.1.8,llvm-libomp,32,32,off,portable-eigen,,-mcpu=native
grids,grid_2000,cpu,rchol_par,,72,timeout,,,,,,,,,,,,,60.0,,wall-clock cap 60s,2b75599748604439c2b51027ab2c6a428fed9c66,portable-competitors-20260828-r1,3,clang,22.1.8,llvm-libomp,32,32,off,portable-eigen,,-mcpu=native
grids,grid_3000,cpu,ac2,,72,complete,9000000,44988000,23.58294,13.14101,36.72395,27,7.200257e-09,0.0,0.8163,,,,,,,2b75599748604439c2b51027ab2c6a428fed9c66,portable-competitors-20260828-r1,3,julia,1.12.7 (libLLVM 18.1.7),none (pure-julia solver path),,,,,,cpu_target=native (neoverse-v2)
grids,grid_3000,cpu,ac,,72,complete,9000000,44988000,12.68027,15.66816,28.34844,46,8.149415e-09,0.0,0.6301,,,,,,,2b75599748604439c2b51027ab2c6a428fed9c66,portable-competitors-20260828-r1,3,julia,1.12.7 (libLLVM 18.1.7),none (pure-julia solver path),,,,,,cpu_target=native (neoverse-v2)
grids,grid_3000,cpu,amgcl,,72,complete,9000000,44988000,0.7057733,0.241938,0.9477113,13,5.001157e-09,0.0,0.0211,4069.1,4635.9,,,,,2b75599748604439c2b51027ab2c6a428fed9c66,,3,clang,22.1.8,llvm-libomp,32,32,off,,,-mcpu=native
grids,grid_3000,gpu,amgcl_cuda,,72,complete,9000000,44988000,2.293664,0.046211,2.339875,13,5.001157e-09,0.0,0.052,0.0,4383.8,5784.0,,,,2b75599748604439c2b51027ab2c6a428fed9c66,,3,clang,22.1.8,llvm-libomp,32,32,on,,/user-environment/env/default/bin/g++,-mcpu=native
grids,grid_3000,cpu,apxchol_v1,bg+tree[bstr],72,complete,9000000,44988000,2.573681,1.828542,4.402222,49,9.422621e-09,0.0,0.0979,1274.7,5167.7,,,,,2b75599748604439c2b51027ab2c6a428fed9c66,,3,clang,22.1.8,llvm-libomp,32,32,off,,,-mcpu=native
grids,grid_3000,cpu,apxchol_v1,bg+tree[fwd_star],72,complete,9000000,44988000,0.8218099,0.4520339,1.273844,49,9.422621e-09,0.0,0.0283,1107.1,5814.9,,,,,2b75599748604439c2b51027ab2c6a428fed9c66,,3,clang,22.1.8,llvm-libomp,32,32,off,,,-mcpu=native
grids,grid_3000,cpu,apxchol_v1,bg+tree[vec],72,complete,9000000,44988000,2.53113,1.369596,3.900725,49,9.422621e-09,0.0,0.0867,454.8,5014.1,,,,,2b75599748604439c2b51027ab2c6a428fed9c66,,3,clang,22.1.8,llvm-libomp,32,32,off,,,-mcpu=native
grids,grid_3000,cpu,apxchol_v1,bg+tree[vec_pool],72,complete,9000000,44988000,0.5770686,0.4412112,1.01828,49,9.422621e-09,0.0,0.0226,38.0,3732.1,,,,,2b75599748604439c2b51027ab2c6a428fed9c66,,3,clang,22.1.8,llvm-libomp,32,32,off,,,-mcpu=native
grids,grid_3000,cpu,apxchol_v1,bg+tree[vec_pool_aos],72,complete,9000000,44988000,0.5660861,0.4398679,1.005954,49,9.422621e-09,0.0,0.0224,755.9,3770.2,,,,,2b75599748604439c2b51027ab2c6a428fed9c66,,3,clang,22.1.8,llvm-libomp,32,32,off,,,-mcpu=native
grids,grid_3000,gpu,apxchol_v1,bg+tree[vec_pool_aos],72,complete,9000000,44988000,1.279962,0.531417,1.811379,50,9.25397e-09,0.0,0.0403,1077.9,4194.7,3994.0,,,,2b75599748604439c2b51027ab2c6a428fed9c66,,3,clang,22.1.8,llvm-libomp,32,32,on,,/user-environment/env/default/bin/g++,-mcpu=native
grids,grid_3000,cpu,apxchol_v1,bk+tree[bstr],72,complete,9000000,44988000,3.927776,2.468022,6.395799,48,7.909834e-09,0.0,0.1422,1879.5,4983.9,,,,,2b75599748604439c2b51027ab2c6a428fed9c66,,3,clang,22.1.8,llvm-libomp,32,32,off,,,-mcpu=native
grids,grid_3000,cpu,apxchol_v1,bk+tree[fwd_star],72,complete,9000000,44988000,1.147595,0.4325674,1.580162,48,7.909834e-09,0.0,0.0351,1046.3,5675.7,,,,,2b75599748604439c2b51027ab2c6a428fed9c66,,3,clang,22.1.8,llvm-libomp,32,32,off,,,-mcpu=native
grids,grid_3000,cpu,apxchol_v1,bk+tree[vec],72,complete,9000000,44988000,4.015875,1.879291,5.895166,48,7.909834e-09,0.0,0.131,1958.2,4834.1,,,,,2b75599748604439c2b51027ab2c6a428fed9c66,,3,clang,22.1.8,llvm-libomp,32,32,off,,,-mcpu=native
grids,grid_3000,cpu,apxchol_v1,bk+tree[vec_pool],72,complete,9000000,44988000,0.8647967,0.4347871,1.299584,48,7.909834e-09,0.0,0.0289,76.6,3832.1,,,,,2b75599748604439c2b51027ab2c6a428fed9c66,,3,clang,22.1.8,llvm-libomp,32,32,off,,,-mcpu=native
grids,grid_3000,gpu,apxchol_v1,bk+tree[vec_pool],72,complete,9000000,44988000,1.498759,0.520994,2.019753,49,7.982019e-09,0.0,0.0449,567.6,4170.4,5726.0,,,,2b75599748604439c2b51027ab2c6a428fed9c66,,3,clang,22.1.8,llvm-libomp,32,32,on,,/user-environment/env/default/bin/g++,-mcpu=native
grids,grid_3000,cpu,apxchol_v1,greedy+tree[bstr],72,complete,9000000,44988000,2.945331,1.834272,4.779602,50,8.57176e-09,0.0,0.1062,537.4,5092.2,,,,,2b75599748604439c2b51027ab2c6a428fed9c66,,3,clang,22.1.8,llvm-libomp,32,32,off,,,-mcpu=native
grids,grid_3000,cpu,apxchol_v1,greedy+tree[fwd_star],72,complete,9000000,44988000,1.038753,0.46317,1.501923,50,8.57176e-09,0.0,0.0334,0.0,5784.7,,,,,2b75599748604439c2b51027ab2c6a428fed9c66,,3,clang,22.1.8,llvm-libomp,32,32,off,,,-mcpu=native
grids,grid_3000,cpu,apxchol_v1,greedy+tree[vec],72,complete,9000000,44988000,3.216946,1.483283,4.700229,50,8.57176e-09,0.0,0.1045,943.8,4927.4,,,,,2b75599748604439c2b51027ab2c6a428fed9c66,,3,clang,22.1.8,llvm-libomp,32,32,off,,,-mcpu=native
grids,grid_3000,cpu,apxchol_v1,greedy+tree[vec_pool],72,complete,9000000,44988000,0.7712053,0.4730836,1.244289,50,8.57176e-09,0.0,0.0277,96.2,3983.1,,,,,2b75599748604439c2b51027ab2c6a428fed9c66,,3,clang,22.1.8,llvm-libomp,32,32,off,,,-mcpu=native
grids,grid_3000,gpu,apxchol_v1,greedy+tree[vec_pool],72,complete,9000000,44988000,1.321185,0.4998885,1.821074,52,8.616493e-09,0.0,0.0405,1349.9,4446.4,4810.0,,,,2b75599748604439c2b51027ab2c6a428fed9c66,,3,clang,22.1.8,llvm-libomp,32,32,on,,/user-environment/env/default/bin/g++,-mcpu=native
grids,grid_3000,cpu,hypre_boomeramg,cut,72,complete,9000000,44988000,3.612344,0.441993,4.054337,8,1.006377e-09,0.0,0.0901,6475.5,15030.6,,,,,2b75599748604439c2b51027ab2c6a428fed9c66,,3,clang,22.1.8,llvm-libomp,32,32,off,,,-mcpu=native
grids,grid_3000,cpu,hypre_boomeramg,,72,complete,9000000,44988000,3.746038,0.4641185,4.210156,8,1.006377e-09,0.0,0.0936,7560.5,15038.4,,,,,2b75599748604439c2b51027ab2c6a428fed9c66,,3,clang,22.1.8,llvm-libomp,32,32,off,,,-mcpu=native
grids,grid_3000,gpu,hypre_boomeramg_gpu,cut,72,complete,9000000,44988000,3.675755,0.237628,3.913383,12,8.867297e-09,0.0,0.087,1812.9,4121.0,7404.0,,,,2b75599748604439c2b51027ab2c6a428fed9c66,,3,clang,22.1.8,llvm-libomp,32,32,on,,/user-environment/env/default/bin/g++,-mcpu=native
grids,grid_3000,gpu,hypre_boomeramg_gpu,,72,complete,9000000,44988000,4.279611,0.06608078,4.345692,13,2.995831e-09,0.0,0.0966,2030.2,4372.6,10920.0,,,,2b75599748604439c2b51027ab2c6a428fed9c66,,3,clang,22.1.8,llvm-libomp,32,32,on,,/user-environment/env/default/bin/g++,-mcpu=native
grids,grid_3000,gpu,parac_graph,,72,complete,9000000,44988000,11.319577989456178,0.571465,11.891042989456178,76,8.7129883e-09,,,,,9714.0,,,,2b75599748604439c2b51027ab2c6a428fed9c66,portable-competitors-20260828-r1,3,gcc,13.3.1+14.3.0+8.3.0,llvm-libomp,,,,,,unknown
grids,grid_3000,gpu,parac_physics,,72,n/a,,,,,,,,,,,,,,,,2b75599748604439c2b51027ab2c6a428fed9c66,portable-competitors-20260828-r1,3,gcc,13.3.1+14.3.0+8.3.0,llvm-libomp,,,,,,unknown
grids,grid_3000,cpu,rchol,,72,timeout,,,,,,,,,,,,,60.0,,wall-clock cap 60s,2b75599748604439c2b51027ab2c6a428fed9c66,portable-competitors-20260828-r1,3,clang,22.1.8,llvm-libomp,32,32,off,portable-eigen,,-mcpu=native
grids,grid_3000,cpu,rchol_par,,72,timeout,,,,,,,,,,,,,60.0,,wall-clock cap 60s,2b75599748604439c2b51027ab2c6a428fed9c66,portable-competitors-20260828-r1,3,clang,22.1.8,llvm-libomp,32,32,off,portable-eigen,,-mcpu=native
grids,grid_4000,cpu,ac2,,72,complete,16000000,79984000,41.75633,23.95481,65.71114,27,7.317882e-09,0.0,0.8216,,,,,,,2b75599748604439c2b51027ab2c6a428fed9c66,portable-competitors-20260828-r1,3,julia,1.12.7 (libLLVM 18.1.7),none (pure-julia solver path),,,,,,cpu_target=native (neoverse-v2)
grids,grid_4000,cpu,ac,,72,complete,16000000,79984000,21.97811,30.96613,52.94424,48,7.236874e-09,0.0,0.6619,,,,,,,2b75599748604439c2b51027ab2c6a428fed9c66,portable-competitors-20260828-r1,3,julia,1.12.7 (libLLVM 18.1.7),none (pure-julia solver path),,,,,,cpu_target=native (neoverse-v2)
grids,grid_4000,cpu,amgcl,,72,complete,16000000,79984000,1.303639,0.4853407,1.78898,14,4.238827e-09,0.0,0.0224,7135.6,8410.6,,,,,2b75599748604439c2b51027ab2c6a428fed9c66,,3,clang,22.1.8,llvm-libomp,32,32,off,,,-mcpu=native
grids,grid_4000,gpu,amgcl_cuda,,72,complete,16000000,79984000,2.79099,0.08119249,2.872183,14,4.238827e-09,0.0,0.0359,0.0,7125.9,23116.0,,,,2b75599748604439c2b51027ab2c6a428fed9c66,,3,clang,22.1.8,llvm-libomp,32,32,on,,/user-environment/env/default/bin/g++,-mcpu=native
grids,grid_4000,cpu,apxchol_v1,bg+tree[bstr],72,complete,16000000,79984000,4.347311,3.561067,7.908379,53,9.461328e-09,0.0,0.0989,2774.8,10052.6,,,,,2b75599748604439c2b51027ab2c6a428fed9c66,,3,clang,22.1.8,llvm-libomp,32,32,off,,,-mcpu=native
grids,grid_4000,cpu,apxchol_v1,bg+tree[fwd_star],72,complete,16000000,79984000,1.537283,0.9407933,2.478077,53,9.461328e-09,0.0,0.031,2846.1,11134.9,,,,,2b75599748604439c2b51027ab2c6a428fed9c66,,3,clang,22.1.8,llvm-libomp,32,32,off,,,-mcpu=native
grids,grid_4000,cpu,apxchol_v1,bg+tree[vec],72,complete,16000000,79984000,4.453861,2.837705,7.291566,53,9.461328e-09,0.0,0.0912,2546.2,10104.2,,,,,2b75599748604439c2b51027ab2c6a428fed9c66,,3,clang,22.1.8,llvm-libomp,32,32,off,,,-mcpu=native
grids,grid_4000,cpu,apxchol_v1,bg+tree[vec_pool],72,complete,16000000,79984000,1.06692,0.9087282,1.975648,53,9.461328e-09,0.0,0.0247,3443.2,6886.8,,,,,2b75599748604439c2b51027ab2c6a428fed9c66,,3,clang,22.1.8,llvm-libomp,32,32,off,,,-mcpu=native
grids,grid_4000,cpu,apxchol_v1,bg+tree[vec_pool_aos],72,complete,16000000,79984000,1.005292,0.9434822,1.948774,53,9.461328e-09,0.0,0.0244,2551.7,7017.8,,,,,2b75599748604439c2b51027ab2c6a428fed9c66,,3,clang,22.1.8,llvm-libomp,32,32,off,,,-mcpu=native
grids,grid_4000,gpu,apxchol_v1,bg+tree[vec_pool_aos],72,complete,16000000,79984000,1.524265,0.5202183,2.044484,54,8.579172e-09,0.0,0.0256,2639.7,6882.3,9010.0,,,,2b75599748604439c2b51027ab2c6a428fed9c66,,3,clang,22.1.8,llvm-libomp,32,32,on,,/user-environment/env/default/bin/g++,-mcpu=native
grids,grid_4000,cpu,apxchol_v1,bk+tree[bstr],72,complete,16000000,79984000,6.010025,4.689932,10.69996,48,9.933356e-09,0.0,0.1338,3389.2,9453.1,,,,,2b75599748604439c2b51027ab2c6a428fed9c66,,3,clang,22.1.8,llvm-libomp,32,32,off,,,-mcpu=native
grids,grid_4000,cpu,apxchol_v1,bk+tree[fwd_star],72,complete,16000000,79984000,2.159052,0.8544412,3.013493,48,9.933356e-09,0.0,0.0377,2124.6,9801.9,,,,,2b75599748604439c2b51027ab2c6a428fed9c66,,3,clang,22.1.8,llvm-libomp,32,32,off,,,-mcpu=native
grids,grid_4000,cpu,apxchol_v1,bk+tree[vec],72,complete,16000000,79984000,7.083231,3.630973,10.7142,48,9.933356e-09,0.0,0.134,2006.3,9193.8,,,,,2b75599748604439c2b51027ab2c6a428fed9c66,,3,clang,22.1.8,llvm-libomp,32,32,off,,,-mcpu=native
grids,grid_4000,cpu,apxchol_v1,bk+tree[vec_pool],72,complete,16000000,79984000,1.56854,0.9472412,2.515781,48,9.933356e-09,0.0,0.0315,2690.8,6659.1,,,,,2b75599748604439c2b51027ab2c6a428fed9c66,,3,clang,22.1.8,llvm-libomp,32,32,off,,,-mcpu=native
grids,grid_4000,gpu,apxchol_v1,bk+tree[vec_pool],72,complete,16000000,79984000,2.388878,0.5512345,2.940112,49,8.291029e-09,0.0,0.0368,2071.4,6996.6,10748.0,,,,2b75599748604439c2b51027ab2c6a428fed9c66,,3,clang,22.1.8,llvm-libomp,32,32,on,,/user-environment/env/default/bin/g++,-mcpu=native
grids,grid_4000,cpu,apxchol_v1,greedy+tree[bstr],72,complete,16000000,79984000,5.269981,3.532798,8.802779,49,8.751521e-09,0.0,0.1101,2682.6,9958.5,,,,,2b75599748604439c2b51027ab2c6a428fed9c66,,3,clang,22.1.8,llvm-libomp,32,32,off,,,-mcpu=native
grids,grid_4000,cpu,apxchol_v1,greedy+tree[fwd_star],72,complete,16000000,79984000,1.929417,0.9673979,2.896815,49,8.751521e-09,0.0,0.0362,1727.4,10957.0,,,,,2b75599748604439c2b51027ab2c6a428fed9c66,,3,clang,22.1.8,llvm-libomp,32,32,off,,,-mcpu=native
grids,grid_4000,cpu,apxchol_v1,greedy+tree[vec],72,complete,16000000,79984000,6.135962,2.718114,8.854076,49,8.751521e-09,0.0,0.1107,2376.8,9502.4,,,,,2b75599748604439c2b51027ab2c6a428fed9c66,,3,clang,22.1.8,llvm-libomp,32,32,off,,,-mcpu=native
grids,grid_4000,cpu,apxchol_v1,greedy+tree[vec_pool],72,complete,16000000,79984000,1.39659,0.9942436,2.390834,49,8.751521e-09,0.0,0.0299,2928.9,7014.7,,,,,2b75599748604439c2b51027ab2c6a428fed9c66,,3,clang,22.1.8,llvm-libomp,32,32,off,,,-mcpu=native
grids,grid_4000,gpu,apxchol_v1,greedy+tree[vec_pool],72,complete,16000000,79984000,2.111737,0.4186907,2.530428,50,8.192946e-09,0.0,0.0316,2994.8,7125.9,7578.0,,,,2b75599748604439c2b51027ab2c6a428fed9c66,,3,clang,22.1.8,llvm-libomp,32,32,on,,/user-environment/env/default/bin/g++,-mcpu=native
grids,grid_4000,cpu,hypre_boomeramg,cut,72,complete,16000000,79984000,6.323838,0.7505447,7.074383,8,3.134599e-09,0.0,0.0884,13344.1,17497.2,,,,,2b75599748604439c2b51027ab2c6a428fed9c66,,3,clang,22.1.8,llvm-libomp,32,32,off,,,-mcpu=native
grids,grid_4000,cpu,hypre_boomeramg,,72,complete,16000000,79984000,6.221086,0.754831,6.975917,8,3.134599e-09,0.0,0.0872,11182.8,16374.2,,,,,2b75599748604439c2b51027ab2c6a428fed9c66,,3,clang,22.1.8,llvm-libomp,32,32,off,,,-mcpu=native
grids,grid_4000,gpu,hypre_boomeramg_gpu,cut,72,complete,16000000,79984000,3.534496,0.1357353,3.670232,12,9.377583e-09,0.0,0.0459,3186.8,6996.6,30282.0,,,,2b75599748604439c2b51027ab2c6a428fed9c66,,3,clang,22.1.8,llvm-libomp,32,32,on,,/user-environment/env/default/bin/g++,-mcpu=native
grids,grid_4000,gpu,hypre_boomeramg_gpu,,72,complete,16000000,79984000,3.575837,0.1742378,3.750075,12,9.515064e-09,0.0,0.0469,2934.8,6954.7,14348.0,,,,2b75599748604439c2b51027ab2c6a428fed9c66,,3,clang,22.1.8,llvm-libomp,32,32,on,,/user-environment/env/default/bin/g++,-mcpu=native
grids,grid_4000,gpu,parac_graph,,72,complete,16000000,79984000,22.50969115723572,1.10356,23.613251157235723,79,7.8076123e-09,,,,,16822.0,,,,2b75599748604439c2b51027ab2c6a428fed9c66,portable-competitors-20260828-r1,3,gcc,13.3.1+14.3.0+8.3.0,llvm-libomp,,,,,,unknown
grids,grid_4000,gpu,parac_physics,,72,n/a,,,,,,,,,,,,,,,,2b75599748604439c2b51027ab2c6a428fed9c66,portable-competitors-20260828-r1,3,gcc,13.3.1+14.3.0+8.3.0,llvm-libomp,,,,,,unknown
grids,grid_4000,cpu,rchol,,72,timeout,,,,,,,,,,,,,60.0,,wall-clock cap 60s,2b75599748604439c2b51027ab2c6a428fed9c66,portable-competitors-20260828-r1,3,clang,22.1.8,llvm-libomp,32,32,off,portable-eigen,,-mcpu=native
grids,grid_4000,cpu,rchol_par,,72,timeout,,,,,,,,,,,,,60.0,,wall-clock cap 60s,2b75599748604439c2b51027ab2c6a428fed9c66,portable-competitors-20260828-r1,3,clang,22.1.8,llvm-libomp,32,32,off,portable-eigen,,-mcpu=native
grids,grid_5000,cpu,ac2,,72,failed,,,,,,,,,,,,,,,Julia driver failed,2b75599748604439c2b51027ab2c6a428fed9c66,portable-competitors-20260828-r1,3,julia,1.12.7 (libLLVM 18.1.7),none (pure-julia solver path),,,,,,cpu_target=native (neoverse-v2)
grids,grid_5000,cpu,ac,,72,failed,,,,,,,,,,,,,,,Julia driver failed,2b75599748604439c2b51027ab2c6a428fed9c66,portable-competitors-20260828-r1,3,julia,1.12.7 (libLLVM 18.1.7),none (pure-julia solver path),,,,,,cpu_target=native (neoverse-v2)
grids,grid_5000,cpu,amgcl,,72,complete,25000000,124980000,2.242326,0.9657165,3.208043,14,9.764804e-09,0.0,0.0257,11794.8,12569.8,,,,,2b75599748604439c2b51027ab2c6a428fed9c66,,3,clang,22.1.8,llvm-libomp,32,32,off,,,-mcpu=native
grids,grid_5000,gpu,amgcl_cuda,,72,complete,25000000,124980000,3.088792,0.1123238,3.201115,14,9.764804e-09,0.0,0.0256,0.0,11643.9,5338.0,,,,2b75599748604439c2b51027ab2c6a428fed9c66,,3,clang,22.1.8,llvm-libomp,32,32,on,,/user-environment/env/default/bin/g++,-mcpu=native
grids,grid_5000,cpu,apxchol_v1,bg+tree[bstr],72,complete,25000000,124980000,7.436017,6.662224,14.09824,51,9.48652e-09,0.0,0.1128,4943.4,16157.9,,,,,2b75599748604439c2b51027ab2c6a428fed9c66,,3,clang,22.1.8,llvm-libomp,32,32,off,,,-mcpu=native
grids,grid_5000,cpu,apxchol_v1,bg+tree[fwd_star],72,complete,25000000,124980000,2.827074,2.849514,5.676588,51,9.48652e-09,0.0,0.0454,2595.6,17210.8,,,,,2b75599748604439c2b51027ab2c6a428fed9c66,,3,clang,22.1.8,llvm-libomp,32,32,off,,,-mcpu=native
grids,grid_5000,cpu,apxchol_v1,bg+tree[vec],72,complete,25000000,124980000,7.848072,5.601792,13.44986,51,9.48652e-09,0.0,0.1076,4373.0,15619.8,,,,,2b75599748604439c2b51027ab2c6a428fed9c66,,3,clang,22.1.8,llvm-libomp,32,32,off,,,-mcpu=native
grids,grid_5000,cpu,apxchol_v1,bg+tree[vec_pool],72,complete,25000000,124980000,1.9287,2.652846,4.581547,51,9.48652e-09,0.0,0.0367,4169.7,10943.4,,,,,2b75599748604439c2b51027ab2c6a428fed9c66,,3,clang,22.1.8,llvm-libomp,32,32,off,,,-mcpu=native
grids,grid_5000,cpu,apxchol_v1,bg+tree[vec_pool_aos],72,complete,25000000,124980000,1.844841,2.692007,4.536848,51,9.48652e-09,0.0,0.0363,4557.3,10963.8,,,,,2b75599748604439c2b51027ab2c6a428fed9c66,,3,clang,22.1.8,llvm-libomp,32,32,off,,,-mcpu=native
grids,grid_5000,gpu,apxchol_v1,bg+tree[vec_pool_aos],72,complete,25000000,124980000,2.640223,0.7679304,3.408153,52,8.542077e-09,0.0,0.0273,5201.2,11192.8,9010.0,,,,2b75599748604439c2b51027ab2c6a428fed9c66,,3,clang,22.1.8,llvm-libomp,32,32,on,,/user-environment/env/default/bin/g++,-mcpu=native
grids,grid_5000,cpu,apxchol_v1,bk+tree[bstr],72,complete,25000000,124980000,10.96607,9.209772,20.17584,50,7.839615e-09,0.0,0.1614,4627.1,15746.6,,,,,2b75599748604439c2b51027ab2c6a428fed9c66,,3,clang,22.1.8,llvm-libomp,32,32,off,,,-mcpu=native
grids,grid_5000,cpu,apxchol_v1,bk+tree[fwd_star],72,complete,25000000,124980000,4.448144,2.559741,7.007885,50,7.839615e-09,0.0,0.0561,3429.7,16947.4,,,,,2b75599748604439c2b51027ab2c6a428fed9c66,,3,clang,22.1.8,llvm-libomp,32,32,off,,,-mcpu=native
grids,grid_5000,cpu,apxchol_v1,bk+tree[vec],72,complete,25000000,124980000,12.34331,7.098601,19.44191,50,7.839615e-09,0.0,0.1556,4487.9,15491.2,,,,,2b75599748604439c2b51027ab2c6a428fed9c66,,3,clang,22.1.8,llvm-libomp,32,32,off,,,-mcpu=native
grids,grid_5000,cpu,apxchol_v1,bk+tree[vec_pool],72,complete,25000000,124980000,3.066907,2.826232,5.893139,50,7.839615e-09,0.0,0.0472,4162.1,10930.9,,,,,2b75599748604439c2b51027ab2c6a428fed9c66,,3,clang,22.1.8,llvm-libomp,32,32,off,,,-mcpu=native
grids,grid_5000,gpu,apxchol_v1,bk+tree[vec_pool],72,complete,25000000,124980000,3.723144,0.7396923,4.462836,51,8.263841e-09,0.0,0.0357,3830.1,11251.4,11858.0,,,,2b75599748604439c2b51027ab2c6a428fed9c66,,3,clang,22.1.8,llvm-libomp,32,32,on,,/user-environment/env/default/bin/g++,-mcpu=native
grids,grid_5000,cpu,apxchol_v1,greedy+tree[bstr],72,complete,25000000,124980000,9.464218,6.576066,16.04028,51,9.606082e-09,0.0,0.1283,5373.5,16042.1,,,,,2b75599748604439c2b51027ab2c6a428fed9c66,,3,clang,22.1.8,llvm-libomp,32,32,off,,,-mcpu=native
grids,grid_5000,cpu,apxchol_v1,greedy+tree[fwd_star],72,complete,25000000,124980000,3.612951,2.852602,6.465554,51,9.606082e-09,0.0,0.0517,4035.9,16706.7,,,,,2b75599748604439c2b51027ab2c6a428fed9c66,,3,clang,22.1.8,llvm-libomp,32,32,off,,,-mcpu=native
grids,grid_5000,cpu,apxchol_v1,greedy+tree[vec],72,complete,25000000,124980000,10.08163,5.557164,15.6388,51,9.606082e-09,0.0,0.1251,4610.4,15270.5,,,,,2b75599748604439c2b51027ab2c6a428fed9c66,,3,clang,22.1.8,llvm-libomp,32,32,off,,,-mcpu=native
grids,grid_5000,cpu,apxchol_v1,greedy+tree[vec_pool],72,complete,25000000,124980000,2.605739,2.666527,5.272266,51,9.606082e-09,0.0,0.0422,4294.5,10446.2,,,,,2b75599748604439c2b51027ab2c6a428fed9c66,,3,clang,22.1.8,llvm-libomp,32,32,off,,,-mcpu=native
grids,grid_5000,gpu,apxchol_v1,greedy+tree[vec_pool],72,complete,25000000,124980000,3.260813,0.7022135,3.963026,52,8.242847e-09,0.0,0.0317,5147.4,11251.4,10748.0,,,,2b75599748604439c2b51027ab2c6a428fed9c66,,3,clang,22.1.8,llvm-libomp,32,32,on,,/user-environment/env/default/bin/g++,-mcpu=native
grids,grid_5000,cpu,hypre_boomeramg,cut,72,complete,25000000,124980000,9.857326,1.467096,11.32442,7,9.235214e-09,0.0,0.0906,14587.6,44214.3,,,,,2b75599748604439c2b51027ab2c6a428fed9c66,,3,clang,22.1.8,llvm-libomp,32,32,off,,,-mcpu=native
grids,grid_5000,cpu,hypre_boomeramg,,72,complete,25000000,124980000,9.791572,1.619468,11.41104,7,9.235214e-09,0.0,0.0913,15046.0,43946.1,,,,,2b75599748604439c2b51027ab2c6a428fed9c66,,3,clang,22.1.8,llvm-libomp,32,32,off,,,-mcpu=native
grids,grid_5000,gpu,hypre_boomeramg_gpu,cut,72,complete,25000000,124980000,3.697465,0.1649106,3.862375,13,3.493401e-09,0.0,0.0309,4807.1,11263.9,24256.0,,,,2b75599748604439c2b51027ab2c6a428fed9c66,,3,clang,22.1.8,llvm-libomp,32,32,on,,/user-environment/env/default/bin/g++,-mcpu=native
grids,grid_5000,gpu,hypre_boomeramg_gpu,,72,complete,25000000,124980000,5.073203,0.1987397,5.271942,13,3.15291e-09,0.0,0.0422,4771.1,11265.8,30282.0,,,,2b75599748604439c2b51027ab2c6a428fed9c66,,3,clang,22.1.8,llvm-libomp,32,32,on,,/user-environment/env/default/bin/g++,-mcpu=native
grids,grid_5000,gpu,parac_graph,,72,complete,25000000,124980000,36.9012879287262,1.87243,38.7737179287262,92,8.5942691e-09,,,,,27992.0,,,,2b75599748604439c2b51027ab2c6a428fed9c66,portable-competitors-20260828-r1,3,gcc,13.3.1+14.3.0+8.3.0,llvm-libomp,,,,,,unknown
grids,grid_5000,gpu,parac_physics,,72,n/a,,,,,,,,,,,,,,,,2b75599748604439c2b51027ab2c6a428fed9c66,portable-competitors-20260828-r1,3,gcc,13.3.1+14.3.0+8.3.0,llvm-libomp,,,,,,unknown
grids,grid_5000,cpu,rchol,,72,timeout,,,,,,,,,,,,,60.0,,wall-clock cap 60s,2b75599748604439c2b51027ab2c6a428fed9c66,portable-competitors-20260828-r1,3,clang,22.1.8,llvm-libomp,32,32,off,portable-eigen,,-mcpu=native
grids,grid_5000,cpu,rchol_par,,72,timeout,,,,,,,,,,,,,60.0,,wall-clock cap 60s,2b75599748604439c2b51027ab2c6a428fed9c66,portable-competitors-20260828-r1,3,clang,22.1.8,llvm-libomp,32,32,off,portable-eigen,,-mcpu=native
grids,grid_500,cpu,ac2,,72,complete,250000,1248000,0.6044331,0.4300214,1.034455,24,7.150093e-09,0.0,0.8289,,,,,,,2b75599748604439c2b51027ab2c6a428fed9c66,portable-competitors-20260828-r1,3,julia,1.12.7 (libLLVM 18.1.7),none (pure-julia solver path),,,,,,cpu_target=native (neoverse-v2)
grids,grid_500,cpu,ac,,72,complete,250000,1248000,0.4284101,0.470639,0.8990491,37,8.268736e-09,0.0,0.7204,,,,,,,2b75599748604439c2b51027ab2c6a428fed9c66,portable-competitors-20260828-r1,3,julia,1.12.7 (libLLVM 18.1.7),none (pure-julia solver path),,,,,,cpu_target=native (neoverse-v2)
grids,grid_500,cpu,amgcl,,72,complete,250000,1248000,0.02270062,0.003584608,0.02628522,14,3.690828e-09,0.0,0.0211,29.6,72.0,,,,,2b75599748604439c2b51027ab2c6a428fed9c66,,3,clang,22.1.8,llvm-libomp,32,32,off,,,-mcpu=native
grids,grid_500,gpu,amgcl_cuda,,72,complete,250000,1248000,0.3113188,0.009653807,0.3209726,14,3.690828e-09,0.0,0.2572,0.0,396.0,5708.0,,,,2b75599748604439c2b51027ab2c6a428fed9c66,,3,clang,22.1.8,llvm-libomp,32,32,on,,/user-environment/env/default/bin/g++,-mcpu=native
grids,grid_500,cpu,apxchol_v1,bg+tree[bstr],72,complete,250000,1248000,0.06909308,0.02931788,0.09841096,39,7.733252e-09,0.0,0.0789,108.0,108.0,,,,,2b75599748604439c2b51027ab2c6a428fed9c66,,3,clang,22.1.8,llvm-libomp,32,32,off,,,-mcpu=native
grids,grid_500,cpu,apxchol_v1,bg+tree[fwd_star],72,complete,250000,1248000,0.03158518,0.0145561,0.04614127,39,7.733252e-09,0.0,0.037,144.0,144.0,,,,,2b75599748604439c2b51027ab2c6a428fed9c66,,3,clang,22.1.8,llvm-libomp,32,32,off,,,-mcpu=native
grids,grid_500,cpu,apxchol_v1,bg+tree[vec],72,complete,250000,1248000,0.07695575,0.0222926,0.09924835,39,7.733252e-09,0.0,0.0795,108.0,108.0,,,,,2b75599748604439c2b51027ab2c6a428fed9c66,,3,clang,22.1.8,llvm-libomp,32,32,off,,,-mcpu=native
grids,grid_500,cpu,apxchol_v1,bg+tree[vec_pool],72,complete,250000,1248000,0.02557512,0.0106106,0.03618573,39,7.733252e-09,0.0,0.029,72.0,72.0,,,,,2b75599748604439c2b51027ab2c6a428fed9c66,,3,clang,22.1.8,llvm-libomp,32,32,off,,,-mcpu=native
grids,grid_500,cpu,apxchol_v1,bg+tree[vec_pool_aos],72,complete,250000,1248000,0.02334159,0.01056916,0.03391075,39,7.733252e-09,0.0,0.0272,29.7,72.0,,,,,2b75599748604439c2b51027ab2c6a428fed9c66,,3,clang,22.1.8,llvm-libomp,32,32,off,,,-mcpu=native
grids,grid_500,gpu,apxchol_v1,bg+tree[vec_pool_aos],72,complete,250000,1248000,0.2802385,0.03014534,0.3103838,39,9.33369e-09,0.0,0.2487,281.2,324.0,2224.0,,,,2b75599748604439c2b51027ab2c6a428fed9c66,,3,clang,22.1.8,llvm-libomp,32,32,on,,/user-environment/env/default/bin/g++,-mcpu=native
grids,grid_500,cpu,apxchol_v1,bk+tree[bstr],72,complete,250000,1248000,0.08081847,0.0387152,0.1195337,38,9.661726e-09,0.0,0.0958,108.0,108.0,,,,,2b75599748604439c2b51027ab2c6a428fed9c66,,3,clang,22.1.8,llvm-libomp,32,32,off,,,-mcpu=native
grids,grid_500,cpu,apxchol_v1,bk+tree[fwd_star],72,complete,250000,1248000,0.04176197,0.01481813,0.0565801,38,9.661726e-09,0.0,0.0453,144.0,144.0,,,,,2b75599748604439c2b51027ab2c6a428fed9c66,,3,clang,22.1.8,llvm-libomp,32,32,off,,,-mcpu=native
grids,grid_500,cpu,apxchol_v1,bk+tree[vec],72,complete,250000,1248000,0.1005308,0.03142013,0.1319509,38,9.661726e-09,0.0,0.1057,108.0,108.0,,,,,2b75599748604439c2b51027ab2c6a428fed9c66,,3,clang,22.1.8,llvm-libomp,32,32,off,,,-mcpu=native
grids,grid_500,cpu,apxchol_v1,bk+tree[vec_pool],72,complete,250000,1248000,0.03232644,0.01140872,0.04373516,38,9.661726e-09,0.0,0.035,72.0,72.0,,,,,2b75599748604439c2b51027ab2c6a428fed9c66,,3,clang,22.1.8,llvm-libomp,32,32,off,,,-mcpu=native
grids,grid_500,gpu,apxchol_v1,bk+tree[vec_pool],72,complete,250000,1248000,0.2897346,0.01913514,0.3088697,40,6.56218e-09,0.0,0.2475,316.6,360.0,3194.0,,,,2b75599748604439c2b51027ab2c6a428fed9c66,,3,clang,22.1.8,llvm-libomp,32,32,on,,/user-environment/env/default/bin/g++,-mcpu=native
grids,grid_500,cpu,apxchol_v1,greedy+tree[bstr],72,complete,250000,1248000,0.0748976,0.02820549,0.1031031,37,7.277892e-09,0.0,0.0826,108.0,108.0,,,,,2b75599748604439c2b51027ab2c6a428fed9c66,,3,clang,22.1.8,llvm-libomp,32,32,off,,,-mcpu=native
grids,grid_500,cpu,apxchol_v1,greedy+tree[fwd_star],72,complete,250000,1248000,0.04292599,0.01146136,0.05438736,37,7.277892e-09,0.0,0.0436,106.2,144.0,,,,,2b75599748604439c2b51027ab2c6a428fed9c66,,3,clang,22.1.8,llvm-libomp,32,32,off,,,-mcpu=native
grids,grid_500,cpu,apxchol_v1,greedy+tree[vec],72,complete,250000,1248000,0.09202844,0.02627063,0.1182991,37,7.277892e-09,0.0,0.0948,108.0,108.0,,,,,2b75599748604439c2b51027ab2c6a428fed9c66,,3,clang,22.1.8,llvm-libomp,32,32,off,,,-mcpu=native
grids,grid_500,cpu,apxchol_v1,greedy+tree[vec_pool],72,complete,250000,1248000,0.03270345,0.0103564,0.04305985,37,7.277892e-09,0.0,0.0345,72.0,72.0,,,,,2b75599748604439c2b51027ab2c6a428fed9c66,,3,clang,22.1.8,llvm-libomp,32,32,off,,,-mcpu=native
grids,grid_500,gpu,apxchol_v1,greedy+tree[vec_pool],72,complete,250000,1248000,0.3684197,0.02925826,0.397678,37,7.277194e-09,0.0,0.3187,416.5,929.0,3996.0,,,,2b75599748604439c2b51027ab2c6a428fed9c66,,3,clang,22.1.8,llvm-libomp,32,32,on,,/user-environment/env/default/bin/g++,-mcpu=native
grids,grid_500,cpu,hypre_boomeramg,cut,72,complete,250000,1248000,0.11527,0.02647354,0.1417435,8,9.322591e-09,0.0,0.1136,0.0,144.0,,,,,2b75599748604439c2b51027ab2c6a428fed9c66,,3,clang,22.1.8,llvm-libomp,32,32,off,,,-mcpu=native
grids,grid_500,cpu,hypre_boomeramg,,72,complete,250000,1248000,0.114556,0.03368826,0.1482443,8,9.322591e-09,0.0,0.1188,0.0,144.0,,,,,2b75599748604439c2b51027ab2c6a428fed9c66,,3,clang,22.1.8,llvm-libomp,32,32,off,,,-mcpu=native
grids,grid_500,gpu,hypre_boomeramg_gpu,cut,72,complete,250000,1248000,1.881073,0.05266366,1.933737,13,3.374252e-09,0.0,1.5495,468.0,540.0,4370.0,,,,2b75599748604439c2b51027ab2c6a428fed9c66,,3,clang,22.1.8,llvm-libomp,32,32,on,,/user-environment/env/default/bin/g++,-mcpu=native
grids,grid_500,gpu,hypre_boomeramg_gpu,,72,complete,250000,1248000,0.4329,0.008291492,0.4411915,12,6.508244e-09,0.0,0.3535,468.0,504.0,4434.0,,,,2b75599748604439c2b51027ab2c6a428fed9c66,,3,clang,22.1.8,llvm-libomp,32,32,on,,/user-environment/env/default/bin/g++,-mcpu=native
grids,grid_500,gpu,parac_graph,,72,complete,250000,1248000,1.0089232851043701,0.0478762,1.05679948510437,56,8.3775375e-09,,,,,142.0,,,,2b75599748604439c2b51027ab2c6a428fed9c66,portable-competitors-20260828-r1,3,gcc,13.3.1+14.3.0+8.3.0,llvm-libomp,,,,,,unknown
grids,grid_500,gpu,parac_physics,,72,n/a,,,,,,,,,,,,,,,,2b75599748604439c2b51027ab2c6a428fed9c66,portable-competitors-20260828-r1,3,gcc,13.3.1+14.3.0+8.3.0,llvm-libomp,,,,,,unknown
grids,grid_500,cpu,rchol,,72,complete,250000,1248000,0.5799966,0.8401595,1.420156,35,6.998208e-09,3.0321,1.1379,359.1,395.1,,,,,2b75599748604439c2b51027ab2c6a428fed9c66,portable-competitors-20260828-r1,3,clang,22.1.8,llvm-libomp,32,32,off,portable-eigen,,-mcpu=native
grids,grid_500,cpu,rchol_par,,72,complete,250000,1248000,1.929303,0.9148526,2.844156,38,9.482274e-09,3.3952,2.279,307.4,316.8,,,,,2b75599748604439c2b51027ab2c6a428fed9c66,portable-competitors-20260828-r1,3,clang,22.1.8,llvm-libomp,32,32,off,portable-eigen,,-mcpu=native
ipm,iter0010,cpu,ac2,,72,complete,524288,7867398,6.3255,2.428177,8.753677,18,5.496059e-09,0.0,1.1127,,,,,,,2b75599748604439c2b51027ab2c6a428fed9c66,portable-competitors-20260828-r1,3,julia,1.12.7 (libLLVM 18.1.7),none (pure-julia solver path),,,,,,cpu_target=native (neoverse-v2)
ipm,iter0010,cpu,ac,,72,complete,524288,7867398,4.782665,1.32864,6.111304,31,6.827498e-09,0.0,0.7768,,,,,,,2b75599748604439c2b51027ab2c6a428fed9c66,portable-competitors-20260828-r1,3,julia,1.12.7 (libLLVM 18.1.7),none (pure-julia solver path),,,,,,cpu_target=native (neoverse-v2)
ipm,iter0010,cpu,amgcl,,72,complete,524288,7867398,2.535653,0.190318,2.725971,20,8.292839e-09,0.0,0.3465,3.1,396.0,,,,,2b75599748604439c2b51027ab2c6a428fed9c66,,3,clang,22.1.8,llvm-libomp,32,32,off,,,-mcpu=native
ipm,iter0010,gpu,amgcl_cuda,,72,complete,524288,7867398,4.114455,0.0193119,4.133767,20,8.292838e-09,0.0,0.5254,0.0,756.0,31086.0,,,,2b75599748604439c2b51027ab2c6a428fed9c66,,3,clang,22.1.8,llvm-libomp,32,32,on,,/user-environment/env/default/bin/g++,-mcpu=native
ipm,iter0010,cpu,apxchol_v1,bg+tree[bstr],72,complete,524288,7867398,0.6138542,0.1470439,0.7608981,30,6.338259e-09,0.0,0.0967,100.2,416.6,,,,,2b75599748604439c2b51027ab2c6a428fed9c66,,3,clang,22.1.8,llvm-libomp,32,32,off,,,-mcpu=native
ipm,iter0010,cpu,apxchol_v1,bg+tree[fwd_star],72,complete,524288,7867398,1.919836,0.09565425,2.01549,30,6.338259e-09,0.0,0.2562,3.1,574.6,,,,,2b75599748604439c2b51027ab2c6a428fed9c66,,3,clang,22.1.8,llvm-libomp,32,32,off,,,-mcpu=native
ipm,iter0010,cpu,apxchol_v1,bg+tree[vec],72,complete,524288,7867398,0.6012151,0.1466366,0.7478517,30,6.338259e-09,0.0,0.0951,3.1,416.6,,,,,2b75599748604439c2b51027ab2c6a428fed9c66,,3,clang,22.1.8,llvm-libomp,32,32,off,,,-mcpu=native
ipm,iter0010,cpu,apxchol_v1,bg+tree[vec_pool],72,complete,524288,7867398,0.387762,0.09023784,0.4779998,30,6.338259e-09,0.0,0.0608,3.1,396.0,,,,,2b75599748604439c2b51027ab2c6a428fed9c66,,3,clang,22.1.8,llvm-libomp,32,32,off,,,-mcpu=native
ipm,iter0010,cpu,apxchol_v1,bg+tree[vec_pool_aos],72,complete,524288,7867398,0.2545986,0.09537183,0.3499704,30,6.338259e-09,0.0,0.0445,3.1,396.0,,,,,2b75599748604439c2b51027ab2c6a428fed9c66,,3,clang,22.1.8,llvm-libomp,32,32,off,,,-mcpu=native
ipm,iter0010,gpu,apxchol_v1,bg+tree[vec_pool_aos],72,complete,524288,7867398,0.935352,0.03896767,0.9743196,30,8.675597e-09,0.0,0.1238,157.0,1035.8,2928.0,,,,2b75599748604439c2b51027ab2c6a428fed9c66,,3,clang,22.1.8,llvm-libomp,32,32,on,,/user-environment/env/default/bin/g++,-mcpu=native
ipm,iter0010,cpu,apxchol_v1,bk+tree[bstr],72,complete,524288,7867398,0.6603452,0.394089,1.054434,31,7.383377e-09,0.0,0.134,3.1,416.6,,,,,2b75599748604439c2b51027ab2c6a428fed9c66,,3,clang,22.1.8,llvm-libomp,32,32,off,,,-mcpu=native
ipm,iter0010,cpu,apxchol_v1,bk+tree[fwd_star],72,complete,524288,7867398,1.51503,0.121885,1.636915,31,7.383377e-09,0.0,0.2081,3.1,620.9,,,,,2b75599748604439c2b51027ab2c6a428fed9c66,,3,clang,22.1.8,llvm-libomp,32,32,off,,,-mcpu=native
ipm,iter0010,cpu,apxchol_v1,bk+tree[vec],72,complete,524288,7867398,0.6883905,0.3208007,1.009191,31,7.383377e-09,0.0,0.1283,52.2,416.6,,,,,2b75599748604439c2b51027ab2c6a428fed9c66,,3,clang,22.1.8,llvm-libomp,32,32,off,,,-mcpu=native
ipm,iter0010,cpu,apxchol_v1,bk+tree[vec_pool],72,complete,524288,7867398,0.5076896,0.1162727,0.6239623,31,7.383377e-09,0.0,0.0793,3.1,784.6,,,,,2b75599748604439c2b51027ab2c6a428fed9c66,,3,clang,22.1.8,llvm-libomp,32,32,off,,,-mcpu=native
ipm,iter0010,gpu,apxchol_v1,bk+tree[vec_pool],72,complete,524288,7867398,0.6326801,0.4101169,1.042797,32,7.002637e-09,0.0,0.1325,193.6,756.0,3144.0,,,,2b75599748604439c2b51027ab2c6a428fed9c66,,3,clang,22.1.8,llvm-libomp,32,32,on,,/user-environment/env/default/bin/g++,-mcpu=native
ipm,iter0010,cpu,apxchol_v1,greedy+tree[bstr],72,complete,524288,7867398,0.6168285,0.1495624,0.7663909,32,8.189207e-09,0.0,0.0974,3.1,416.6,,,,,2b75599748604439c2b51027ab2c6a428fed9c66,,3,clang,22.1.8,llvm-libomp,32,32,off,,,-mcpu=native
ipm,iter0010,cpu,apxchol_v1,greedy+tree[fwd_star],72,complete,524288,7867398,2.024166,0.1075148,2.131681,32,8.189207e-09,0.0,0.271,114.8,599.0,,,,,2b75599748604439c2b51027ab2c6a428fed9c66,,3,clang,22.1.8,llvm-libomp,32,32,off,,,-mcpu=native
ipm,iter0010,cpu,apxchol_v1,greedy+tree[vec],72,complete,524288,7867398,0.6078689,0.149111,0.7569799,32,8.189207e-09,0.0,0.0962,94.6,416.6,,,,,2b75599748604439c2b51027ab2c6a428fed9c66,,3,clang,22.1.8,llvm-libomp,32,32,off,,,-mcpu=native
ipm,iter0010,cpu,apxchol_v1,greedy+tree[vec_pool],72,complete,524288,7867398,0.413093,0.1022718,0.5153648,32,8.189207e-09,0.0,0.0655,21.4,396.0,,,,,2b75599748604439c2b51027ab2c6a428fed9c66,,3,clang,22.1.8,llvm-libomp,32,32,off,,,-mcpu=native
ipm,iter0010,gpu,apxchol_v1,greedy+tree[vec_pool],72,complete,524288,7867398,0.6143398,0.354203,0.9685427,33,8.230052e-09,0.0,0.1231,180.1,684.0,2978.0,,,,2b75599748604439c2b51027ab2c6a428fed9c66,,3,clang,22.1.8,llvm-libomp,32,32,on,,/user-environment/env/default/bin/g++,-mcpu=native
ipm,iter0010,cpu,hypre_boomeramg,cut,72,complete,524288,7867398,0.2417959,0.3140005,0.5557964,22,7.95325e-09,0.0,0.0706,3.1,624.5,,,,,2b75599748604439c2b51027ab2c6a428fed9c66,,3,clang,22.1.8,llvm-libomp,32,32,off,,,-mcpu=native
ipm,iter0010,cpu,hypre_boomeramg,,72,complete,524288,7867398,0.315288,0.1909334,0.5062214,10,7.235166e-09,0.0,0.0643,310.7,632.6,,,,,2b75599748604439c2b51027ab2c6a428fed9c66,,3,clang,22.1.8,llvm-libomp,32,32,off,,,-mcpu=native
ipm,iter0010,gpu,hypre_boomeramg_gpu,cut,72,complete,524288,7867398,0.8843046,0.06011316,0.9444178,14,4.122127e-09,0.0,0.12,745.4,914.7,4354.0,,,,2b75599748604439c2b51027ab2c6a428fed9c66,,3,clang,22.1.8,llvm-libomp,32,32,on,,/user-environment/env/default/bin/g++,-mcpu=native
ipm,iter0010,gpu,hypre_boomeramg_gpu,,72,complete,524288,7867398,1.844326,0.019651,1.863977,13,8.201164e-09,0.0,0.2369,738.6,911.2,20166.0,,,,2b75599748604439c2b51027ab2c6a428fed9c66,,3,clang,22.1.8,llvm-libomp,32,32,on,,/user-environment/env/default/bin/g++,-mcpu=native
ipm,iter0010,gpu,parac_graph,,72,n/a,,,,,,,,,,,,,,,,2b75599748604439c2b51027ab2c6a428fed9c66,portable-competitors-20260828-r1,3,gcc,13.3.1+14.3.0+8.3.0,llvm-libomp,,,,,,unknown
ipm,iter0010,gpu,parac_physics,,72,complete,524289,8915975,2.415497852508545,1.50202,3.917517852508545,49,7.3527616e-09,,,,,1212.0,,,,2b75599748604439c2b51027ab2c6a428fed9c66,portable-competitors-20260828-r1,3,gcc,13.3.1+14.3.0+8.3.0,llvm-libomp,,,,,,unknown
ipm,iter0010,cpu,rchol,,72,complete,524288,7867398,2.366571,1.624849,3.99142,35,9.547428e-09,2.5761,0.5073,1174.3,1690.1,,,,,2b75599748604439c2b51027ab2c6a428fed9c66,portable-competitors-20260828-r1,3,clang,22.1.8,llvm-libomp,32,32,off,portable-eigen,,-mcpu=native
ipm,iter0010,cpu,rchol_par,,72,complete,524288,7867398,2.206768,1.396241,3.60301,34,7.696155e-09,3.7095,0.458,1658.9,1905.1,,,,,2b75599748604439c2b51027ab2c6a428fed9c66,portable-competitors-20260828-r1,3,clang,22.1.8,llvm-libomp,32,32,off,portable-eigen,,-mcpu=native
ipm,iter0020,cpu,ac2,,72,complete,524288,7867398,8.44195,1.12989,9.57184,19,4.686879e-09,0.0,1.2166,,,,,,,2b75599748604439c2b51027ab2c6a428fed9c66,portable-competitors-20260828-r1,3,julia,1.12.7 (libLLVM 18.1.7),none (pure-julia solver path),,,,,,cpu_target=native (neoverse-v2)
ipm,iter0020,cpu,ac,,72,complete,524288,7867398,5.003173,1.282607,6.28578,28,9.047251e-09,0.0,0.799,,,,,,,2b75599748604439c2b51027ab2c6a428fed9c66,portable-competitors-20260828-r1,3,julia,1.12.7 (libLLVM 18.1.7),none (pure-julia solver path),,,,,,cpu_target=native (neoverse-v2)
ipm,iter0020,cpu,amgcl,,72,complete,524288,7867398,9.584008,0.2279155,9.811924,19,6.594911e-09,0.0,1.2472,320.3,524.6,,,,,2b75599748604439c2b51027ab2c6a428fed9c66,,3,clang,22.1.8,llvm-libomp,32,32,off,,,-mcpu=native
ipm,iter0020,gpu,amgcl_cuda,,72,complete,524288,7867398,10.00434,0.02933121,10.03367,19,6.594911e-09,0.0,1.2753,0.0,878.0,16932.0,,,,2b75599748604439c2b51027ab2c6a428fed9c66,,3,clang,22.1.8,llvm-libomp,32,32,on,,/user-environment/env/default/bin/g++,-mcpu=native
ipm,iter0020,cpu,apxchol_v1,bg+tree[bstr],72,complete,524288,7867398,0.6225521,0.1393625,0.7619147,29,8.114695e-09,0.0,0.0968,3.1,416.6,,,,,2b75599748604439c2b51027ab2c6a428fed9c66,,3,clang,22.1.8,llvm-libomp,32,32,off,,,-mcpu=native
ipm,iter0020,cpu,apxchol_v1,bg+tree[fwd_star],72,complete,524288,7867398,2.010094,0.08834235,2.098436,29,8.114695e-09,0.0,0.2667,3.1,580.2,,,,,2b75599748604439c2b51027ab2c6a428fed9c66,,3,clang,22.1.8,llvm-libomp,32,32,off,,,-mcpu=native
ipm,iter0020,cpu,apxchol_v1,bg+tree[vec],72,complete,524288,7867398,0.6284947,0.1280725,0.7565672,29,8.114695e-09,0.0,0.0962,3.1,416.6,,,,,2b75599748604439c2b51027ab2c6a428fed9c66,,3,clang,22.1.8,llvm-libomp,32,32,off,,,-mcpu=native
ipm,iter0020,cpu,apxchol_v1,bg+tree[vec_pool],72,complete,524288,7867398,0.3879191,0.08705643,0.4749755,29,8.114695e-09,0.0,0.0604,3.1,396.0,,,,,2b75599748604439c2b51027ab2c6a428fed9c66,,3,clang,22.1.8,llvm-libomp,32,32,off,,,-mcpu=native
ipm,iter0020,cpu,apxchol_v1,bg+tree[vec_pool_aos],72,complete,524288,7867398,0.3307604,0.08616605,0.4169264,29,8.114695e-09,0.0,0.053,3.1,712.7,,,,,2b75599748604439c2b51027ab2c6a428fed9c66,,3,clang,22.1.8,llvm-libomp,32,32,off,,,-mcpu=native
ipm,iter0020,gpu,apxchol_v1,bg+tree[vec_pool_aos],72,complete,524288,7867398,0.4508366,0.02857755,0.4794141,29,8.119549e-09,0.0,0.0609,193.6,1037.9,2718.0,,,,2b75599748604439c2b51027ab2c6a428fed9c66,,3,clang,22.1.8,llvm-libomp,32,32,on,,/user-environment/env/default/bin/g++,-mcpu=native
ipm,iter0020,cpu,apxchol_v1,bk+tree[bstr],72,complete,524288,7867398,0.6918713,0.3663177,1.058189,30,7.405016e-09,0.0,0.1345,3.1,416.6,,,,,2b75599748604439c2b51027ab2c6a428fed9c66,,3,clang,22.1.8,llvm-libomp,32,32,off,,,-mcpu=native
ipm,iter0020,cpu,apxchol_v1,bk+tree[fwd_star],72,complete,524288,7867398,1.553218,0.1071158,1.660334,30,7.405016e-09,0.0,0.211,3.1,571.3,,,,,2b75599748604439c2b51027ab2c6a428fed9c66,,3,clang,22.1.8,llvm-libomp,32,32,off,,,-mcpu=native
ipm,iter0020,cpu,apxchol_v1,bk+tree[vec],72,complete,524288,7867398,0.6918383,0.299962,0.9918004,30,7.405016e-09,0.0,0.1261,3.4,416.6,,,,,2b75599748604439c2b51027ab2c6a428fed9c66,,3,clang,22.1.8,llvm-libomp,32,32,off,,,-mcpu=native
ipm,iter0020,cpu,apxchol_v1,bk+tree[vec_pool],72,complete,524288,7867398,0.4265236,0.1053094,0.531833,30,7.405016e-09,0.0,0.0676,3.1,396.0,,,,,2b75599748604439c2b51027ab2c6a428fed9c66,,3,clang,22.1.8,llvm-libomp,32,32,off,,,-mcpu=native
ipm,iter0020,gpu,apxchol_v1,bk+tree[vec_pool],72,complete,524288,7867398,0.6867017,0.06659019,0.7532919,30,7.3992e-09,0.0,0.0957,193.7,756.0,2142.0,,,,2b75599748604439c2b51027ab2c6a428fed9c66,,3,clang,22.1.8,llvm-libomp,32,32,on,,/user-environment/env/default/bin/g++,-mcpu=native
ipm,iter0020,cpu,apxchol_v1,greedy+tree[bstr],72,complete,524288,7867398,0.6470932,0.1436741,0.7907673,30,5.574412e-09,0.0,0.1005,3.1,416.6,,,,,2b75599748604439c2b51027ab2c6a428fed9c66,,3,clang,22.1.8,llvm-libomp,32,32,off,,,-mcpu=native
ipm,iter0020,cpu,apxchol_v1,greedy+tree[fwd_star],72,complete,524288,7867398,2.154758,0.08981587,2.244574,30,5.574412e-09,0.0,0.2853,19.8,589.8,,,,,2b75599748604439c2b51027ab2c6a428fed9c66,,3,clang,22.1.8,llvm-libomp,32,32,off,,,-mcpu=native
ipm,iter0020,cpu,apxchol_v1,greedy+tree[vec],72,complete,524288,7867398,0.6399958,0.1300011,0.7699969,30,5.574412e-09,0.0,0.0979,3.1,416.6,,,,,2b75599748604439c2b51027ab2c6a428fed9c66,,3,clang,22.1.8,llvm-libomp,32,32,off,,,-mcpu=native
ipm,iter0020,cpu,apxchol_v1,greedy+tree[vec_pool],72,complete,524288,7867398,0.4095326,0.08954471,0.4990773,30,5.574412e-09,0.0,0.0634,3.1,396.0,,,,,2b75599748604439c2b51027ab2c6a428fed9c66,,3,clang,22.1.8,llvm-libomp,32,32,off,,,-mcpu=native
ipm,iter0020,gpu,apxchol_v1,greedy+tree[vec_pool],72,complete,524288,7867398,0.795204,0.07369197,0.868896,30,6.443646e-09,0.0,0.1104,193.6,756.0,31086.0,,,,2b75599748604439c2b51027ab2c6a428fed9c66,,3,clang,22.1.8,llvm-libomp,32,32,on,,/user-environment/env/default/bin/g++,-mcpu=native
ipm,iter0020,cpu,hypre_boomeramg,cut,72,complete,524288,7867398,0.2718955,0.3974469,0.6693424,39,8.897197e-09,0.0,0.0851,3.1,632.6,,,,,2b75599748604439c2b51027ab2c6a428fed9c66,,3,clang,22.1.8,llvm-libomp,32,32,off,,,-mcpu=native
ipm,iter0020,cpu,hypre_boomeramg,,72,complete,524288,7867398,0.4085333,0.2104075,0.6189408,12,9.349663e-09,0.0,0.0787,283.2,632.6,,,,,2b75599748604439c2b51027ab2c6a428fed9c66,,3,clang,22.1.8,llvm-libomp,32,32,off,,,-mcpu=native
ipm,iter0020,gpu,hypre_boomeramg_gpu,cut,72,complete,524288,7867398,0.8102282,0.01921831,0.8294465,16,6.635375e-09,0.0,0.1054,712.5,880.3,2910.0,,,,2b75599748604439c2b51027ab2c6a428fed9c66,,3,clang,22.1.8,llvm-libomp,32,32,on,,/user-environment/env/default/bin/g++,-mcpu=native
ipm,iter0020,gpu,hypre_boomeramg_gpu,,72,complete,524288,7867398,0.8281767,0.04116342,0.8693401,16,8.955404e-09,0.0,0.1105,661.4,830.7,18476.0,,,,2b75599748604439c2b51027ab2c6a428fed9c66,,3,clang,22.1.8,llvm-libomp,32,32,on,,/user-environment/env/default/bin/g++,-mcpu=native
ipm,iter0020,gpu,parac_graph,,72,n/a,,,,,,,,,,,,,,,,2b75599748604439c2b51027ab2c6a428fed9c66,portable-competitors-20260828-r1,3,gcc,13.3.1+14.3.0+8.3.0,llvm-libomp,,,,,,unknown
ipm,iter0020,gpu,parac_physics,,72,complete,524289,8915975,2.3256599932495114,0.497991,2.8236509932495113,45,7.7358707e-09,,,,,1214.0,,,,2b75599748604439c2b51027ab2c6a428fed9c66,portable-competitors-20260828-r1,3,gcc,13.3.1+14.3.0+8.3.0,llvm-libomp,,,,,,unknown
ipm,iter0020,cpu,rchol,,72,complete,524288,7867398,2.38801,1.574395,3.962405,33,9.228225e-09,2.6846,0.5036,1208.4,1749.3,,,,,2b75599748604439c2b51027ab2c6a428fed9c66,portable-competitors-20260828-r1,3,clang,22.1.8,llvm-libomp,32,32,off,portable-eigen,,-mcpu=native
ipm,iter0020,cpu,rchol_par,,72,complete,524288,7867398,2.227006,1.445152,3.672158,36,6.748877e-09,3.6464,0.4668,1682.4,1851.3,,,,,2b75599748604439c2b51027ab2c6a428fed9c66,portable-competitors-20260828-r1,3,clang,22.1.8,llvm-libomp,32,32,off,portable-eigen,,-mcpu=native
ipm,iter0030,cpu,ac2,,72,complete,524288,7867398,8.480905,1.285487,9.766391,22,9.322253e-09,0.0,1.2414,,,,,,,2b75599748604439c2b51027ab2c6a428fed9c66,portable-competitors-20260828-r1,3,julia,1.12.7 (libLLVM 18.1.7),none (pure-julia solver path),,,,,,cpu_target=native (neoverse-v2)
ipm,iter0030,cpu,ac,,72,complete,524288,7867398,4.984162,1.885265,6.869427,42,9.002981e-09,0.0,0.8732,,,,,,,2b75599748604439c2b51027ab2c6a428fed9c66,portable-competitors-20260828-r1,3,julia,1.12.7 (libLLVM 18.1.7),none (pure-julia solver path),,,,,,cpu_target=native (neoverse-v2)
ipm,iter0030,cpu,amgcl,,72,complete,524288,7867398,7.276715,0.2204848,7.4972,20,9.606331e-09,0.0,0.9529,30.6,624.2,,,,,2b75599748604439c2b51027ab2c6a428fed9c66,,3,clang,22.1.8,llvm-libomp,32,32,off,,,-mcpu=native
ipm,iter0030,gpu,amgcl_cuda,,72,complete,524288,7867398,7.511195,0.01790595,7.529101,20,9.606331e-09,0.0,0.957,0.0,985.9,1336.0,,,,2b75599748604439c2b51027ab2c6a428fed9c66,,3,clang,22.1.8,llvm-libomp,32,32,on,,/user-environment/env/default/bin/g++,-mcpu=native
ipm,iter0030,cpu,apxchol_v1,bg+tree[bstr],72,complete,524288,7867398,0.6258599,0.1710112,0.7968711,41,7.505635e-09,0.0,0.1013,3.1,416.6,,,,,2b75599748604439c2b51027ab2c6a428fed9c66,,3,clang,22.1.8,llvm-libomp,32,32,off,,,-mcpu=native
ipm,iter0030,cpu,apxchol_v1,bg+tree[fwd_star],72,complete,524288,7867398,2.027302,0.1194124,2.146715,41,7.505635e-09,0.0,0.2729,3.1,573.7,,,,,2b75599748604439c2b51027ab2c6a428fed9c66,,3,clang,22.1.8,llvm-libomp,32,32,off,,,-mcpu=native
ipm,iter0030,cpu,apxchol_v1,bg+tree[vec],72,complete,524288,7867398,0.6237891,0.1597535,0.7835426,41,7.505635e-09,0.0,0.0996,32.5,441.9,,,,,2b75599748604439c2b51027ab2c6a428fed9c66,,3,clang,22.1.8,llvm-libomp,32,32,off,,,-mcpu=native
ipm,iter0030,cpu,apxchol_v1,bg+tree[vec_pool],72,complete,524288,7867398,0.3795572,0.1177204,0.4972776,41,7.505635e-09,0.0,0.0632,3.1,396.0,,,,,2b75599748604439c2b51027ab2c6a428fed9c66,,3,clang,22.1.8,llvm-libomp,32,32,off,,,-mcpu=native
ipm,iter0030,cpu,apxchol_v1,bg+tree[vec_pool_aos],72,complete,524288,7867398,0.2668524,0.1176169,0.3844693,41,7.505635e-09,0.0,0.0489,3.1,714.3,,,,,2b75599748604439c2b51027ab2c6a428fed9c66,,3,clang,22.1.8,llvm-libomp,32,32,off,,,-mcpu=native
ipm,iter0030,gpu,apxchol_v1,bg+tree[vec_pool_aos],72,complete,524288,7867398,0.4665041,0.05368353,0.5201877,41,8.794255e-09,0.0,0.0661,174.0,684.0,1542.0,,,,2b75599748604439c2b51027ab2c6a428fed9c66,,3,clang,22.1.8,llvm-libomp,32,32,on,,/user-environment/env/default/bin/g++,-mcpu=native
ipm,iter0030,cpu,apxchol_v1,bk+tree[bstr],72,complete,524288,7867398,0.6820384,0.4009151,1.082953,44,8.041295e-09,0.0,0.1377,19.3,416.6,,,,,2b75599748604439c2b51027ab2c6a428fed9c66,,3,clang,22.1.8,llvm-libomp,32,32,off,,,-mcpu=native
ipm,iter0030,cpu,apxchol_v1,bk+tree[fwd_star],72,complete,524288,7867398,1.534769,0.1475992,1.682368,44,8.041295e-09,0.0,0.2138,3.1,611.9,,,,,2b75599748604439c2b51027ab2c6a428fed9c66,,3,clang,22.1.8,llvm-libomp,32,32,off,,,-mcpu=native
ipm,iter0030,cpu,apxchol_v1,bk+tree[vec],72,complete,524288,7867398,0.6864642,0.3408675,1.027332,44,8.041295e-09,0.0,0.1306,12.8,416.6,,,,,2b75599748604439c2b51027ab2c6a428fed9c66,,3,clang,22.1.8,llvm-libomp,32,32,off,,,-mcpu=native
ipm,iter0030,cpu,apxchol_v1,bk+tree[vec_pool],72,complete,524288,7867398,0.4187404,0.1471711,0.5659114,44,8.041295e-09,0.0,0.0719,3.1,396.0,,,,,2b75599748604439c2b51027ab2c6a428fed9c66,,3,clang,22.1.8,llvm-libomp,32,32,off,,,-mcpu=native
ipm,iter0030,gpu,apxchol_v1,bk+tree[vec_pool],72,complete,524288,7867398,0.7163978,0.09547335,0.8118712,45,8.420844e-09,0.0,0.1032,294.2,1141.9,1440.0,,,,2b75599748604439c2b51027ab2c6a428fed9c66,,3,clang,22.1.8,llvm-libomp,32,32,on,,/user-environment/env/default/bin/g++,-mcpu=native
ipm,iter0030,cpu,apxchol_v1,greedy+tree[bstr],72,complete,524288,7867398,0.6287561,0.1712188,0.7999749,41,7.970998e-09,0.0,0.1017,8.0,416.6,,,,,2b75599748604439c2b51027ab2c6a428fed9c66,,3,clang,22.1.8,llvm-libomp,32,32,off,,,-mcpu=native
ipm,iter0030,cpu,apxchol_v1,greedy+tree[fwd_star],72,complete,524288,7867398,2.092114,0.1182851,2.210399,41,7.970998e-09,0.0,0.281,4.4,574.5,,,,,2b75599748604439c2b51027ab2c6a428fed9c66,,3,clang,22.1.8,llvm-libomp,32,32,off,,,-mcpu=native
ipm,iter0030,cpu,apxchol_v1,greedy+tree[vec],72,complete,524288,7867398,0.6397467,0.1583461,0.7980927,41,7.970998e-09,0.0,0.1014,3.1,416.6,,,,,2b75599748604439c2b51027ab2c6a428fed9c66,,3,clang,22.1.8,llvm-libomp,32,32,off,,,-mcpu=native
ipm,iter0030,cpu,apxchol_v1,greedy+tree[vec_pool],72,complete,524288,7867398,0.4043743,0.1170593,0.5214336,41,7.970998e-09,0.0,0.0663,24.9,396.0,,,,,2b75599748604439c2b51027ab2c6a428fed9c66,,3,clang,22.1.8,llvm-libomp,32,32,off,,,-mcpu=native
ipm,iter0030,gpu,apxchol_v1,greedy+tree[vec_pool],72,complete,524288,7867398,0.507604,0.2598608,0.7674647,43,7.223483e-09,0.0,0.0976,193.8,756.0,1368.0,,,,2b75599748604439c2b51027ab2c6a428fed9c66,,3,clang,22.1.8,llvm-libomp,32,32,on,,/user-environment/env/default/bin/g++,-mcpu=native
ipm,iter0030,cpu,hypre_boomeramg,cut,72,complete,524288,7867398,0.2972831,0.2863293,0.5836123,33,7.632058e-09,0.0,0.0742,3.1,632.6,,,,,2b75599748604439c2b51027ab2c6a428fed9c66,,3,clang,22.1.8,llvm-libomp,32,32,off,,,-mcpu=native
ipm,iter0030,cpu,hypre_boomeramg,,72,complete,524288,7867398,0.4194777,0.2036588,0.6231365,12,4.833931e-09,0.0,0.0792,3.1,632.6,,,,,2b75599748604439c2b51027ab2c6a428fed9c66,,3,clang,22.1.8,llvm-libomp,32,32,off,,,-mcpu=native
ipm,iter0030,gpu,hypre_boomeramg_gpu,cut,72,complete,524288,7867398,0.5804644,0.02569144,0.6061559,15,8.856043e-09,0.0,0.077,710.9,880.1,1752.0,,,,2b75599748604439c2b51027ab2c6a428fed9c66,,3,clang,22.1.8,llvm-libomp,32,32,on,,/user-environment/env/default/bin/g++,-mcpu=native
ipm,iter0030,gpu,hypre_boomeramg_gpu,,72,complete,524288,7867398,0.591393,0.01807259,0.6094656,15,8.633228e-09,0.0,0.0775,729.1,896.9,1686.0,,,,2b75599748604439c2b51027ab2c6a428fed9c66,,3,clang,22.1.8,llvm-libomp,32,32,on,,/user-environment/env/default/bin/g++,-mcpu=native
ipm,iter0030,gpu,parac_graph,,72,n/a,,,,,,,,,,,,,,,,2b75599748604439c2b51027ab2c6a428fed9c66,portable-competitors-20260828-r1,3,gcc,13.3.1+14.3.0+8.3.0,llvm-libomp,,,,,,unknown
ipm,iter0030,gpu,parac_physics,,72,complete,524289,8915975,2.1637992920440676,0.752785,2.9165842920440674,66,8.5979269e-09,,,,,1208.0,,,,2b75599748604439c2b51027ab2c6a428fed9c66,portable-competitors-20260828-r1,3,gcc,13.3.1+14.3.0+8.3.0,llvm-libomp,,,,,,unknown
ipm,iter0030,cpu,rchol,,72,complete,524288,7867398,2.416298,2.237794,4.654092,49,8.131595e-09,2.7112,0.5916,1262.8,1805.4,,,,,2b75599748604439c2b51027ab2c6a428fed9c66,portable-competitors-20260828-r1,3,clang,22.1.8,llvm-libomp,32,32,off,portable-eigen,,-mcpu=native
ipm,iter0030,cpu,rchol_par,,72,complete,524288,7867398,2.198408,1.850505,4.048913,46,7.426623e-09,3.6992,0.5146,1655.4,1844.3,,,,,2b75599748604439c2b51027ab2c6a428fed9c66,portable-competitors-20260828-r1,3,clang,22.1.8,llvm-libomp,32,32,off,portable-eigen,,-mcpu=native
ipm,iter0040,cpu,ac2,,72,complete,524288,7867398,8.411954,1.331193,9.743147,23,7.30469e-09,0.0,1.2384,,,,,,,2b75599748604439c2b51027ab2c6a428fed9c66,portable-competitors-20260828-r1,3,julia,1.12.7 (libLLVM 18.1.7),none (pure-julia solver path),,,,,,cpu_target=native (neoverse-v2)
ipm,iter0040,cpu,ac,,72,complete,524288,7867398,4.95772,1.86326,6.82098,41,9.791847e-09,0.0,0.867,,,,,,,2b75599748604439c2b51027ab2c6a428fed9c66,portable-competitors-20260828-r1,3,julia,1.12.7 (libLLVM 18.1.7),none (pure-julia solver path),,,,,,cpu_target=native (neoverse-v2)
ipm,iter0040,cpu,amgcl,,72,complete,524288,7867398,7.632956,0.209832,7.842788,19,7.00286e-09,0.0,0.9969,3.1,583.7,,,,,2b75599748604439c2b51027ab2c6a428fed9c66,,3,clang,22.1.8,llvm-libomp,32,32,off,,,-mcpu=native
ipm,iter0040,gpu,amgcl_cuda,,72,complete,524288,7867398,7.894287,0.04302907,7.937316,19,7.00286e-09,0.0,1.0089,0.0,949.8,2682.0,,,,2b75599748604439c2b51027ab2c6a428fed9c66,,3,clang,22.1.8,llvm-libomp,32,32,on,,/user-environment/env/default/bin/g++,-mcpu=native
ipm,iter0040,cpu,apxchol_v1,bg+tree[bstr],72,complete,524288,7867398,0.6106553,0.1747262,0.7853815,46,8.549985e-09,0.0,0.0998,134.6,416.6,,,,,2b75599748604439c2b51027ab2c6a428fed9c66,,3,clang,22.1.8,llvm-libomp,32,32,off,,,-mcpu=native
ipm,iter0040,cpu,apxchol_v1,bg+tree[fwd_star],72,complete,524288,7867398,1.935871,0.1229255,2.058796,46,8.549985e-09,0.0,0.2617,3.1,573.9,,,,,2b75599748604439c2b51027ab2c6a428fed9c66,,3,clang,22.1.8,llvm-libomp,32,32,off,,,-mcpu=native
ipm,iter0040,cpu,apxchol_v1,bg+tree[vec],72,complete,524288,7867398,0.6107836,0.163109,0.7738926,46,8.549985e-09,0.0,0.0984,148.4,416.6,,,,,2b75599748604439c2b51027ab2c6a428fed9c66,,3,clang,22.1.8,llvm-libomp,32,32,off,,,-mcpu=native
ipm,iter0040,cpu,apxchol_v1,bg+tree[vec_pool],72,complete,524288,7867398,0.36821,0.1217538,0.4899638,46,8.549985e-09,0.0,0.0623,3.1,396.0,,,,,2b75599748604439c2b51027ab2c6a428fed9c66,,3,clang,22.1.8,llvm-libomp,32,32,off,,,-mcpu=native
ipm,iter0040,cpu,apxchol_v1,bg+tree[vec_pool_aos],72,complete,524288,7867398,0.2458681,0.1212582,0.3671263,46,8.549985e-09,0.0,0.0467,3.1,396.0,,,,,2b75599748604439c2b51027ab2c6a428fed9c66,,3,clang,22.1.8,llvm-libomp,32,32,off,,,-mcpu=native
ipm,iter0040,gpu,apxchol_v1,bg+tree[vec_pool_aos],72,complete,524288,7867398,0.4537706,0.07593353,0.5297042,48,8.323547e-09,0.0,0.0673,155.6,990.2,10624.0,,,,2b75599748604439c2b51027ab2c6a428fed9c66,,3,clang,22.1.8,llvm-libomp,32,32,on,,/user-environment/env/default/bin/g++,-mcpu=native
ipm,iter0040,cpu,apxchol_v1,bk+tree[bstr],72,complete,524288,7867398,0.6803203,0.402202,1.082522,49,9.936114e-09,0.0,0.1376,3.1,416.6,,,,,2b75599748604439c2b51027ab2c6a428fed9c66,,3,clang,22.1.8,llvm-libomp,32,32,off,,,-mcpu=native
ipm,iter0040,cpu,apxchol_v1,bk+tree[fwd_star],72,complete,524288,7867398,1.521747,0.1483897,1.670137,49,9.936114e-09,0.0,0.2123,73.6,615.4,,,,,2b75599748604439c2b51027ab2c6a428fed9c66,,3,clang,22.1.8,llvm-libomp,32,32,off,,,-mcpu=native
ipm,iter0040,cpu,apxchol_v1,bk+tree[vec],72,complete,524288,7867398,0.6768686,0.3388132,1.015682,49,9.936114e-09,0.0,0.1291,64.6,416.6,,,,,2b75599748604439c2b51027ab2c6a428fed9c66,,3,clang,22.1.8,llvm-libomp,32,32,off,,,-mcpu=native
ipm,iter0040,cpu,apxchol_v1,bk+tree[vec_pool],72,complete,524288,7867398,0.415951,0.1494169,0.5653679,49,9.936114e-09,0.0,0.0719,3.1,396.0,,,,,2b75599748604439c2b51027ab2c6a428fed9c66,,3,clang,22.1.8,llvm-libomp,32,32,off,,,-mcpu=native
ipm,iter0040,gpu,apxchol_v1,bk+tree[vec_pool],72,complete,524288,7867398,0.723954,0.09423329,0.8181873,52,7.418757e-09,0.0,0.104,193.6,756.0,2064.0,,,,2b75599748604439c2b51027ab2c6a428fed9c66,,3,clang,22.1.8,llvm-libomp,32,32,on,,/user-environment/env/default/bin/g++,-mcpu=native
ipm,iter0040,cpu,apxchol_v1,greedy+tree[bstr],72,complete,524288,7867398,0.6186829,0.1690422,0.7877251,44,9.713716e-09,0.0,0.1001,148.8,416.6,,,,,2b75599748604439c2b51027ab2c6a428fed9c66,,3,clang,22.1.8,llvm-libomp,32,32,off,,,-mcpu=native
ipm,iter0040,cpu,apxchol_v1,greedy+tree[fwd_star],72,complete,524288,7867398,1.986453,0.1181914,2.104644,44,9.713716e-09,0.0,0.2675,3.1,597.8,,,,,2b75599748604439c2b51027ab2c6a428fed9c66,,3,clang,22.1.8,llvm-libomp,32,32,off,,,-mcpu=native
ipm,iter0040,cpu,apxchol_v1,greedy+tree[vec],72,complete,524288,7867398,0.6224678,0.1578379,0.7803057,44,9.713716e-09,0.0,0.0992,212.4,416.6,,,,,2b75599748604439c2b51027ab2c6a428fed9c66,,3,clang,22.1.8,llvm-libomp,32,32,off,,,-mcpu=native
ipm,iter0040,cpu,apxchol_v1,greedy+tree[vec_pool],72,complete,524288,7867398,0.4651914,0.1177605,0.5829519,44,9.713716e-09,0.0,0.0741,3.1,820.7,,,,,2b75599748604439c2b51027ab2c6a428fed9c66,,3,clang,22.1.8,llvm-libomp,32,32,off,,,-mcpu=native
ipm,iter0040,gpu,apxchol_v1,greedy+tree[vec_pool],72,complete,524288,7867398,0.6117173,0.104772,0.7164892,45,9.571541e-09,0.0,0.0911,193.6,756.0,1878.0,,,,2b75599748604439c2b51027ab2c6a428fed9c66,,3,clang,22.1.8,llvm-libomp,32,32,on,,/user-environment/env/default/bin/g++,-mcpu=native
ipm,iter0040,cpu,hypre_boomeramg,cut,72,complete,524288,7867398,0.2707031,0.3670711,0.6377743,42,7.755445e-09,0.0,0.0811,441.4,632.6,,,,,2b75599748604439c2b51027ab2c6a428fed9c66,,3,clang,22.1.8,llvm-libomp,32,32,off,,,-mcpu=native
ipm,iter0040,cpu,hypre_boomeramg,,72,complete,524288,7867398,0.4073702,0.2045072,0.6118774,12,4.601707e-09,0.0,0.0778,3.1,632.6,,,,,2b75599748604439c2b51027ab2c6a428fed9c66,,3,clang,22.1.8,llvm-libomp,32,32,off,,,-mcpu=native
ipm,iter0040,gpu,hypre_boomeramg_gpu,cut,72,complete,524288,7867398,0.4794473,0.03560228,0.5150496,15,7.340333e-09,0.0,0.0655,748.2,916.0,2208.0,,,,2b75599748604439c2b51027ab2c6a428fed9c66,,3,clang,22.1.8,llvm-libomp,32,32,on,,/user-environment/env/default/bin/g++,-mcpu=native
ipm,iter0040,gpu,hypre_boomeramg_gpu,,72,complete,524288,7867398,0.369263,0.01680979,0.3860728,15,7.340333e-09,0.0,0.0491,710.6,878.4,2420.0,,,,2b75599748604439c2b51027ab2c6a428fed9c66,,3,clang,22.1.8,llvm-libomp,32,32,on,,/user-environment/env/default/bin/g++,-mcpu=native
ipm,iter0040,gpu,parac_graph,,72,n/a,,,,,,,,,,,,,,,,2b75599748604439c2b51027ab2c6a428fed9c66,portable-competitors-20260828-r1,3,gcc,13.3.1+14.3.0+8.3.0,llvm-libomp,,,,,,unknown
ipm,iter0040,gpu,parac_physics,,72,complete,524289,8915975,2.201220999481201,1.17382,3.375040999481201,75,9.2008726e-09,,,,,1212.0,,,,2b75599748604439c2b51027ab2c6a428fed9c66,portable-competitors-20260828-r1,3,gcc,13.3.1+14.3.0+8.3.0,llvm-libomp,,,,,,unknown
ipm,iter0040,cpu,rchol,,72,complete,524288,7867398,2.471962,2.480009,4.95197,54,8.350328e-09,2.6946,0.6294,1795.8,1795.8,,,,,2b75599748604439c2b51027ab2c6a428fed9c66,portable-competitors-20260828-r1,3,clang,22.1.8,llvm-libomp,32,32,off,portable-eigen,,-mcpu=native
ipm,iter0040,cpu,rchol_par,,72,complete,524288,7867398,2.263911,2.166283,4.430194,55,8.450803e-09,3.687,0.5631,1431.4,1866.4,,,,,2b75599748604439c2b51027ab2c6a428fed9c66,portable-competitors-20260828-r1,3,clang,22.1.8,llvm-libomp,32,32,off,portable-eigen,,-mcpu=native
suitesparse,G3_circuit,cpu,ac2,,72,not_converged,1585478,7660826,6.510286,1.334511,7.844797,21,1.396169e-07,0.0,1.024,,,,,,true residual 1.4e-07 > 1e-8,2b75599748604439c2b51027ab2c6a428fed9c66,portable-competitors-20260828-r1,3,julia,1.12.7 (libLLVM 18.1.7),none (pure-julia solver path),,,,,,cpu_target=native (neoverse-v2)
suitesparse,G3_circuit,cpu,ac,,72,not_converged,1585478,7660826,3.422891,2.140901,5.563792,34,1.398053e-07,0.0,0.7263,,,,,,true residual 1.4e-07 > 1e-8,2b75599748604439c2b51027ab2c6a428fed9c66,portable-competitors-20260828-r1,3,julia,1.12.7 (libLLVM 18.1.7),none (pure-julia solver path),,,,,,cpu_target=native (neoverse-v2)
suitesparse,G3_circuit,cpu,amgcl,,72,complete,1585478,7660826,0.1622835,0.06499299,0.2272765,17,7.542419e-09,0.0,0.0297,3.1,360.0,,,,,2b75599748604439c2b51027ab2c6a428fed9c66,,3,clang,22.1.8,llvm-libomp,32,32,off,,,-mcpu=native
suitesparse,G3_circuit,gpu,amgcl_cuda,,72,complete,1585478,7660826,0.5707561,0.2372475,0.8080035,17,7.542419e-09,0.0,0.1055,0.0,776.9,3458.0,,,,2b75599748604439c2b51027ab2c6a428fed9c66,,3,clang,22.1.8,llvm-libomp,32,32,on,,/user-environment/env/default/bin/g++,-mcpu=native
suitesparse,G3_circuit,cpu,apxchol_v1,bg+tree[bstr],72,complete,1585478,7660826,0.4901246,0.2223252,0.7124498,34,9.424209e-09,0.0,0.093,12.6,565.6,,,,,2b75599748604439c2b51027ab2c6a428fed9c66,,3,clang,22.1.8,llvm-libomp,32,32,off,,,-mcpu=native
suitesparse,G3_circuit,cpu,apxchol_v1,bg+tree[fwd_star],72,complete,1585478,7660826,0.2004961,0.06546762,0.2659637,34,9.424209e-09,0.0,0.0347,3.1,660.6,,,,,2b75599748604439c2b51027ab2c6a428fed9c66,,3,clang,22.1.8,llvm-libomp,32,32,off,,,-mcpu=native
suitesparse,G3_circuit,cpu,apxchol_v1,bg+tree[vec],72,complete,1585478,7660826,0.5263506,0.1893838,0.7157344,34,9.424209e-09,0.0,0.0934,3.1,529.6,,,,,2b75599748604439c2b51027ab2c6a428fed9c66,,3,clang,22.1.8,llvm-libomp,32,32,off,,,-mcpu=native
suitesparse,G3_circuit,cpu,apxchol_v1,bg+tree[vec_pool],72,complete,1585478,7660826,0.1305416,0.06585752,0.1963991,34,9.424209e-09,0.0,0.0256,3.1,421.6,,,,,2b75599748604439c2b51027ab2c6a428fed9c66,,3,clang,22.1.8,llvm-libomp,32,32,off,,,-mcpu=native
suitesparse,G3_circuit,cpu,apxchol_v1,bg+tree[vec_pool_aos],72,complete,1585478,7660826,0.1133085,0.06568397,0.1789925,34,9.424209e-09,0.0,0.0234,3.1,360.0,,,,,2b75599748604439c2b51027ab2c6a428fed9c66,,3,clang,22.1.8,llvm-libomp,32,32,off,,,-mcpu=native
suitesparse,G3_circuit,gpu,apxchol_v1,bg+tree[vec_pool_aos],72,complete,1585478,7660826,0.4175994,0.2972819,0.7148813,34,9.428536e-09,0.0,0.0933,193.6,720.0,2750.0,,,,2b75599748604439c2b51027ab2c6a428fed9c66,,3,clang,22.1.8,llvm-libomp,32,32,on,,/user-environment/env/default/bin/g++,-mcpu=native
suitesparse,G3_circuit,cpu,apxchol_v1,bk+tree[bstr],72,complete,1585478,7660826,0.5918954,0.3215821,0.9134775,34,9.453078e-09,0.0,0.1192,3.1,529.6,,,,,2b75599748604439c2b51027ab2c6a428fed9c66,,3,clang,22.1.8,llvm-libomp,32,32,off,,,-mcpu=native
suitesparse,G3_circuit,cpu,apxchol_v1,bk+tree[fwd_star],72,complete,1585478,7660826,0.2554665,0.07264965,0.3281161,34,9.453078e-09,0.0,0.0428,3.1,666.6,,,,,2b75599748604439c2b51027ab2c6a428fed9c66,,3,clang,22.1.8,llvm-libomp,32,32,off,,,-mcpu=native
suitesparse,G3_circuit,cpu,apxchol_v1,bk+tree[vec],72,complete,1585478,7660826,0.6828436,0.2408773,0.9237209,34,9.453078e-09,0.0,0.1206,3.1,529.6,,,,,2b75599748604439c2b51027ab2c6a428fed9c66,,3,clang,22.1.8,llvm-libomp,32,32,off,,,-mcpu=native
suitesparse,G3_circuit,cpu,apxchol_v1,bk+tree[vec_pool],72,complete,1585478,7660826,0.1763582,0.07199933,0.2483576,34,9.453078e-09,0.0,0.0324,3.1,421.6,,,,,2b75599748604439c2b51027ab2c6a428fed9c66,,3,clang,22.1.8,llvm-libomp,32,32,off,,,-mcpu=native
suitesparse,G3_circuit,gpu,apxchol_v1,bk+tree[vec_pool],72,complete,1585478,7660826,0.5002571,0.2679066,0.7681637,35,9.87329e-09,0.0,0.1003,193.6,720.0,2914.0,,,,2b75599748604439c2b51027ab2c6a428fed9c66,,3,clang,22.1.8,llvm-libomp,32,32,on,,/user-environment/env/default/bin/g++,-mcpu=native
suitesparse,G3_circuit,cpu,apxchol_v1,greedy+tree[bstr],72,complete,1585478,7660826,0.5677812,0.2206239,0.7884052,32,9.058167e-09,0.0,0.1029,3.1,590.9,,,,,2b75599748604439c2b51027ab2c6a428fed9c66,,3,clang,22.1.8,llvm-libomp,32,32,off,,,-mcpu=native
suitesparse,G3_circuit,cpu,apxchol_v1,greedy+tree[fwd_star],72,complete,1585478,7660826,0.2374937,0.06169854,0.2991922,32,9.058167e-09,0.0,0.0391,3.1,601.6,,,,,2b75599748604439c2b51027ab2c6a428fed9c66,,3,clang,22.1.8,llvm-libomp,32,32,off,,,-mcpu=native
suitesparse,G3_circuit,cpu,apxchol_v1,greedy+tree[vec],72,complete,1585478,7660826,0.6177334,0.1816088,0.7993422,32,9.058167e-09,0.0,0.1043,3.1,529.6,,,,,2b75599748604439c2b51027ab2c6a428fed9c66,,3,clang,22.1.8,llvm-libomp,32,32,off,,,-mcpu=native
suitesparse,G3_circuit,cpu,apxchol_v1,greedy+tree[vec_pool],72,complete,1585478,7660826,0.1601174,0.06165361,0.221771,32,9.058167e-09,0.0,0.0289,3.1,385.6,,,,,2b75599748604439c2b51027ab2c6a428fed9c66,,3,clang,22.1.8,llvm-libomp,32,32,off,,,-mcpu=native
suitesparse,G3_circuit,gpu,apxchol_v1,greedy+tree[vec_pool],72,complete,1585478,7660826,0.3812115,0.5366998,0.9179113,33,6.907186e-09,0.0,0.1198,155.0,695.4,2362.0,,,,2b75599748604439c2b51027ab2c6a428fed9c66,,3,clang,22.1.8,llvm-libomp,32,32,on,,/user-environment/env/default/bin/g++,-mcpu=native
suitesparse,G3_circuit,cpu,hypre_boomeramg,cut,72,complete,1585478,7660826,0.6201141,0.1204421,0.7405562,9,1.695508e-09,0.0,0.0967,722.8,1505.1,,,,,2b75599748604439c2b51027ab2c6a428fed9c66,,3,clang,22.1.8,llvm-libomp,32,32,off,,,-mcpu=native
suitesparse,G3_circuit,cpu,hypre_boomeramg,,72,complete,1585478,7660826,0.6219324,0.1133386,0.735271,9,1.695508e-09,0.0,0.096,664.8,2017.3,,,,,2b75599748604439c2b51027ab2c6a428fed9c66,,3,clang,22.1.8,llvm-libomp,32,32,off,,,-mcpu=native
suitesparse,G3_circuit,gpu,hypre_boomeramg_gpu,cut,72,complete,1585478,7660826,2.849778,0.02108338,2.870861,14,6.331708e-09,0.0,0.3747,773.8,931.4,20166.0,,,,2b75599748604439c2b51027ab2c6a428fed9c66,,3,clang,22.1.8,llvm-libomp,32,32,on,,/user-environment/env/default/bin/g++,-mcpu=native
suitesparse,G3_circuit,gpu,hypre_boomeramg_gpu,,72,complete,1585478,7660826,2.64299,0.02114254,2.664133,14,6.331708e-09,0.0,0.3478,772.8,930.4,3724.0,,,,2b75599748604439c2b51027ab2c6a428fed9c66,,3,clang,22.1.8,llvm-libomp,32,32,on,,/user-environment/env/default/bin/g++,-mcpu=native
suitesparse,G3_circuit,gpu,parac_graph,,72,n/a,,,,,,,,,,,,,,,,2b75599748604439c2b51027ab2c6a428fed9c66,portable-competitors-20260828-r1,3,gcc,13.3.1+14.3.0+8.3.0,llvm-libomp,,,,,,unknown
suitesparse,G3_circuit,gpu,parac_physics,,72,complete,1585479,9196725,2.607506344372559,0.143016,2.7505223443725586,50,7.7526243e-09,,,,,2436.0,,,,2b75599748604439c2b51027ab2c6a428fed9c66,portable-competitors-20260828-r1,3,gcc,13.3.1+14.3.0+8.3.0,llvm-libomp,,,,,,unknown
suitesparse,G3_circuit,cpu,rchol,,72,complete,1585478,7660826,7.050283,6.774563,13.82485,36,8.448908e-09,3.3677,1.8046,2037.8,2775.8,,,,,2b75599748604439c2b51027ab2c6a428fed9c66,portable-competitors-20260828-r1,3,clang,22.1.8,llvm-libomp,32,32,off,portable-eigen,,-mcpu=native
suitesparse,G3_circuit,cpu,rchol_par,,72,complete,1585478,7660826,7.621771,5.233264,12.85504,44,9.404842e-09,4.3469,1.678,1880.4,2967.3,,,,,2b75599748604439c2b51027ab2c6a428fed9c66,portable-competitors-20260828-r1,3,clang,22.1.8,llvm-libomp,32,32,off,portable-eigen,,-mcpu=native
suitesparse,apache2,cpu,ac2,,72,not_converged,715176,4817870,3.5414,1.148374,4.689774,18,6.500575e-06,0.0,0.9734,,,,,,true residual 6.5e-06 > 1e-8,2b75599748604439c2b51027ab2c6a428fed9c66,portable-competitors-20260828-r1,3,julia,1.12.7 (libLLVM 18.1.7),none (pure-julia solver path),,,,,,cpu_target=native (neoverse-v2)
suitesparse,apache2,cpu,ac,,72,not_converged,715176,4817870,2.384701,0.8259164,3.210618,25,6.500555e-06,0.0,0.6664,,,,,,true residual 6.5e-06 > 1e-8,2b75599748604439c2b51027ab2c6a428fed9c66,portable-competitors-20260828-r1,3,julia,1.12.7 (libLLVM 18.1.7),none (pure-julia solver path),,,,,,cpu_target=native (neoverse-v2)
suitesparse,apache2,cpu,amgcl,,72,complete,715176,4817870,0.05826048,0.02742664,0.08568712,17,7.868329e-09,0.0,0.0178,36.0,216.0,,,,,2b75599748604439c2b51027ab2c6a428fed9c66,,3,clang,22.1.8,llvm-libomp,32,32,off,,,-mcpu=native
suitesparse,apache2,gpu,amgcl_cuda,,72,complete,715176,4817870,0.7589228,0.01647663,0.7753994,17,7.868329e-09,0.0,0.1609,0.0,564.4,7004.0,,,,2b75599748604439c2b51027ab2c6a428fed9c66,,3,clang,22.1.8,llvm-libomp,32,32,on,,/user-environment/env/default/bin/g++,-mcpu=native
suitesparse,apache2,cpu,apxchol_v1,bg+tree[bstr],72,complete,715176,4817870,0.2429157,0.09284448,0.3357602,26,6.696698e-09,0.0,0.0697,123.4,369.1,,,,,2b75599748604439c2b51027ab2c6a428fed9c66,,3,clang,22.1.8,llvm-libomp,32,32,off,,,-mcpu=native
suitesparse,apache2,cpu,apxchol_v1,bg+tree[fwd_star],72,complete,715176,4817870,0.1401193,0.02792142,0.1680407,26,6.696698e-09,0.0,0.0349,47.1,386.1,,,,,2b75599748604439c2b51027ab2c6a428fed9c66,,3,clang,22.1.8,llvm-libomp,32,32,off,,,-mcpu=native
suitesparse,apache2,cpu,apxchol_v1,bg+tree[vec],72,complete,715176,4817870,0.2577112,0.07750589,0.3352171,26,6.696698e-09,0.0,0.0696,98.3,313.7,,,,,2b75599748604439c2b51027ab2c6a428fed9c66,,3,clang,22.1.8,llvm-libomp,32,32,off,,,-mcpu=native
suitesparse,apache2,cpu,apxchol_v1,bg+tree[vec_pool],72,complete,715176,4817870,0.07997203,0.02856943,0.1085415,26,6.696698e-09,0.0,0.0225,36.0,265.5,,,,,2b75599748604439c2b51027ab2c6a428fed9c66,,3,clang,22.1.8,llvm-libomp,32,32,off,,,-mcpu=native
suitesparse,apache2,cpu,apxchol_v1,bg+tree[vec_pool_aos],72,complete,715176,4817870,0.06724319,0.0279585,0.09520169,26,6.696698e-09,0.0,0.0198,36.0,740.3,,,,,2b75599748604439c2b51027ab2c6a428fed9c66,,3,clang,22.1.8,llvm-libomp,32,32,off,,,-mcpu=native
suitesparse,apache2,gpu,apxchol_v1,bg+tree[vec_pool_aos],72,complete,715176,4817870,0.6564103,0.04968662,0.7060969,26,6.779376e-09,0.0,0.1466,193.6,540.0,5020.0,,,,2b75599748604439c2b51027ab2c6a428fed9c66,,3,clang,22.1.8,llvm-libomp,32,32,on,,/user-environment/env/default/bin/g++,-mcpu=native
suitesparse,apache2,cpu,apxchol_v1,bk+tree[bstr],72,complete,715176,4817870,0.3478377,0.1430768,0.4909144,24,5.54185e-09,0.0,0.1019,123.9,318.3,,,,,2b75599748604439c2b51027ab2c6a428fed9c66,,3,clang,22.1.8,llvm-libomp,32,32,off,,,-mcpu=native
suitesparse,apache2,cpu,apxchol_v1,bk+tree[fwd_star],72,complete,715176,4817870,0.168081,0.03047526,0.1985563,24,5.54185e-09,0.0,0.0412,36.0,386.1,,,,,2b75599748604439c2b51027ab2c6a428fed9c66,,3,clang,22.1.8,llvm-libomp,32,32,off,,,-mcpu=native
suitesparse,apache2,cpu,apxchol_v1,bk+tree[vec],72,complete,715176,4817870,0.3269951,0.1207787,0.4477739,24,5.54185e-09,0.0,0.0929,87.2,314.1,,,,,2b75599748604439c2b51027ab2c6a428fed9c66,,3,clang,22.1.8,llvm-libomp,32,32,off,,,-mcpu=native
suitesparse,apache2,cpu,apxchol_v1,bk+tree[vec_pool],72,complete,715176,4817870,0.1136714,0.03036454,0.1440359,24,5.54185e-09,0.0,0.0299,36.0,223.4,,,,,2b75599748604439c2b51027ab2c6a428fed9c66,,3,clang,22.1.8,llvm-libomp,32,32,off,,,-mcpu=native
suitesparse,apache2,gpu,apxchol_v1,bk+tree[vec_pool],72,complete,715176,4817870,0.143833,0.3286285,0.4724615,24,5.540455e-09,0.0,0.0981,211.4,540.0,6152.0,,,,2b75599748604439c2b51027ab2c6a428fed9c66,,3,clang,22.1.8,llvm-libomp,32,32,on,,/user-environment/env/default/bin/g++,-mcpu=native
suitesparse,apache2,cpu,apxchol_v1,greedy+tree[bstr],72,complete,715176,4817870,0.3043326,0.0930615,0.3973941,24,6.544461e-09,0.0,0.0825,144.6,364.9,,,,,2b75599748604439c2b51027ab2c6a428fed9c66,,3,clang,22.1.8,llvm-libomp,32,32,off,,,-mcpu=native
suitesparse,apache2,cpu,apxchol_v1,greedy+tree[fwd_star],72,complete,715176,4817870,0.1875932,0.02688474,0.214478,24,6.544461e-09,0.0,0.0445,97.1,386.1,,,,,2b75599748604439c2b51027ab2c6a428fed9c66,,3,clang,22.1.8,llvm-libomp,32,32,off,,,-mcpu=native
suitesparse,apache2,cpu,apxchol_v1,greedy+tree[vec],72,complete,715176,4817870,0.3037467,0.07788618,0.3816329,24,6.544461e-09,0.0,0.0792,97.8,314.1,,,,,2b75599748604439c2b51027ab2c6a428fed9c66,,3,clang,22.1.8,llvm-libomp,32,32,off,,,-mcpu=native
suitesparse,apache2,cpu,apxchol_v1,greedy+tree[vec_pool],72,complete,715176,4817870,0.1051599,0.02719568,0.1323556,24,6.544461e-09,0.0,0.0275,36.0,253.7,,,,,2b75599748604439c2b51027ab2c6a428fed9c66,,3,clang,22.1.8,llvm-libomp,32,32,off,,,-mcpu=native
suitesparse,apache2,gpu,apxchol_v1,greedy+tree[vec_pool],72,complete,715176,4817870,0.3954693,0.08490742,0.4803767,24,6.544177e-09,0.0,0.0997,193.7,564.4,11728.0,,,,2b75599748604439c2b51027ab2c6a428fed9c66,,3,clang,22.1.8,llvm-libomp,32,32,on,,/user-environment/env/default/bin/g++,-mcpu=native
suitesparse,apache2,cpu,hypre_boomeramg,cut,72,complete,715176,4817870,0.2861632,0.06438833,0.3505516,8,9.024355e-09,0.0,0.0728,297.9,566.1,,,,,2b75599748604439c2b51027ab2c6a428fed9c66,,3,clang,22.1.8,llvm-libomp,32,32,off,,,-mcpu=native
suitesparse,apache2,cpu,hypre_boomeramg,,72,complete,715176,4817870,0.2824586,0.06664276,0.3491013,8,9.024355e-09,0.0,0.0725,83.1,566.1,,,,,2b75599748604439c2b51027ab2c6a428fed9c66,,3,clang,22.1.8,llvm-libomp,32,32,off,,,-mcpu=native
suitesparse,apache2,gpu,hypre_boomeramg_gpu,cut,72,complete,715176,4817870,1.275545,0.01361976,1.289164,12,7.833848e-09,0.0,0.2676,620.9,729.1,7224.0,,,,2b75599748604439c2b51027ab2c6a428fed9c66,,3,clang,22.1.8,llvm-libomp,32,32,on,,/user-environment/env/default/bin/g++,-mcpu=native
suitesparse,apache2,gpu,hypre_boomeramg_gpu,,72,complete,715176,4817870,1.929958,0.02971007,1.959668,12,9.692411e-09,0.0,0.4067,592.9,727.0,14330.0,,,,2b75599748604439c2b51027ab2c6a428fed9c66,,3,clang,22.1.8,llvm-libomp,32,32,on,,/user-environment/env/default/bin/g++,-mcpu=native
suitesparse,apache2,gpu,parac_graph,,72,n/a,,,,,,,,,,,,,,,,2b75599748604439c2b51027ab2c6a428fed9c66,portable-competitors-20260828-r1,3,gcc,13.3.1+14.3.0+8.3.0,llvm-libomp,,,,,,unknown
suitesparse,apache2,gpu,parac_physics,,72,complete,715177,5542585,1.8227772182495117,0.0865159,1.9092931182495116,32,7.4408035e-09,,,,,968.0,,,,2b75599748604439c2b51027ab2c6a428fed9c66,portable-competitors-20260828-r1,3,gcc,13.3.1+14.3.0+8.3.0,llvm-libomp,,,,,,unknown
suitesparse,apache2,cpu,rchol,,72,complete,715176,4817870,5.058656,3.870364,8.92902,29,8.673867e-09,3.8152,1.8533,1165.4,1558.1,,,,,2b75599748604439c2b51027ab2c6a428fed9c66,portable-competitors-20260828-r1,3,clang,22.1.8,llvm-libomp,32,32,off,portable-eigen,,-mcpu=native
suitesparse,apache2,cpu,rchol_par,,72,complete,715176,4817870,8.513638,2.873674,11.38731,24,8.354203e-09,4.8807,2.3636,1333.1,1403.4,,,,,2b75599748604439c2b51027ab2c6a428fed9c66,portable-competitors-20260828-r1,3,clang,22.1.8,llvm-libomp,32,32,off,portable-eigen,,-mcpu=native
suitesparse,as-Skitter,cpu,ac2,,72,complete,1696415,23887011,15.93461,2.065615,18.00022,14,4.082646e-09,0.0,0.7536,,,,,,,2b75599748604439c2b51027ab2c6a428fed9c66,portable-competitors-20260828-r1,3,julia,1.12.7 (libLLVM 18.1.7),none (pure-julia solver path),,,,,,cpu_target=native (neoverse-v2)
suitesparse,as-Skitter,cpu,ac,,72,complete,1696415,23887011,11.50202,2.361964,13.86399,18,7.96439e-09,0.0,0.5804,,,,,,,2b75599748604439c2b51027ab2c6a428fed9c66,portable-competitors-20260828-r1,3,julia,1.12.7 (libLLVM 18.1.7),none (pure-julia solver path),,,,,,cpu_target=native (neoverse-v2)
suitesparse,as-Skitter,cpu,amgcl,,72,complete,1696415,23887011,1.854469,4.881381,6.73585,270,9.830486e-09,0.0,0.282,446.9,1914.3,,,,,2b75599748604439c2b51027ab2c6a428fed9c66,,3,clang,22.1.8,llvm-libomp,32,32,off,,,-mcpu=native
suitesparse,as-Skitter,gpu,amgcl_cuda,,72,complete,1696415,23887011,2.663804,0.4966753,3.160479,270,9.830486e-09,0.0,0.1323,0.0,2239.0,9820.0,,,,2b75599748604439c2b51027ab2c6a428fed9c66,,3,clang,22.1.8,llvm-libomp,32,32,on,,/user-environment/env/default/bin/g++,-mcpu=native
suitesparse,as-Skitter,cpu,apxchol_v1,bg+tree[bstr],72,complete,1696415,23887011,1.995192,3.500304,5.495495,21,5.254047e-09,0.0,0.2301,3.0,1924.9,,,,,2b75599748604439c2b51027ab2c6a428fed9c66,,3,clang,22.1.8,llvm-libomp,32,32,off,,,-mcpu=native
suitesparse,as-Skitter,cpu,apxchol_v1,bg+tree[fwd_star],72,complete,1696415,23887011,5.102388,0.5577931,5.660181,21,5.254047e-09,0.0,0.237,439.8,2231.8,,,,,2b75599748604439c2b51027ab2c6a428fed9c66,,3,clang,22.1.8,llvm-libomp,32,32,off,,,-mcpu=native
suitesparse,as-Skitter,cpu,apxchol_v1,bg+tree[vec],72,complete,1696415,23887011,2.149753,2.397258,4.547011,21,5.254047e-09,0.0,0.1904,3.0,2191.5,,,,,2b75599748604439c2b51027ab2c6a428fed9c66,,3,clang,22.1.8,llvm-libomp,32,32,off,,,-mcpu=native
suitesparse,as-Skitter,cpu,apxchol_v1,bg+tree[vec_pool],72,complete,1696415,23887011,0.8862498,0.4764743,1.362724,21,4.768363e-09,0.0,0.057,169.4,1952.8,,,,,2b75599748604439c2b51027ab2c6a428fed9c66,,3,clang,22.1.8,llvm-libomp,32,32,off,,,-mcpu=native
suitesparse,as-Skitter,cpu,apxchol_v1,bg+tree[vec_pool_aos],72,complete,1696415,23887011,0.6274296,0.4247633,1.052193,21,4.639381e-09,0.0,0.044,3.0,2231.8,,,,,2b75599748604439c2b51027ab2c6a428fed9c66,,3,clang,22.1.8,llvm-libomp,32,32,off,,,-mcpu=native
suitesparse,as-Skitter,gpu,apxchol_v1,bg+tree[vec_pool_aos],72,complete,1696415,23887011,1.2365,0.5688079,1.805308,21,4.641248e-09,0.0,0.0756,519.0,2318.1,6056.0,,,,2b75599748604439c2b51027ab2c6a428fed9c66,,3,clang,22.1.8,llvm-libomp,32,32,on,,/user-environment/env/default/bin/g++,-mcpu=native
suitesparse,as-Skitter,cpu,apxchol_v1,bk+tree[bstr],72,complete,1696415,23887011,2.447566,5.188726,7.636292,27,9.103806e-09,0.0,0.3197,3.0,2029.4,,,,,2b75599748604439c2b51027ab2c6a428fed9c66,,3,clang,22.1.8,llvm-libomp,32,32,off,,,-mcpu=native
suitesparse,as-Skitter,cpu,apxchol_v1,bk+tree[fwd_star],72,complete,1696415,23887011,5.958269,0.8006346,6.758903,27,9.103806e-09,0.0,0.283,614.7,2091.9,,,,,2b75599748604439c2b51027ab2c6a428fed9c66,,3,clang,22.1.8,llvm-libomp,32,32,off,,,-mcpu=native
suitesparse,as-Skitter,cpu,apxchol_v1,bk+tree[vec],72,complete,1696415,23887011,2.57625,3.505656,6.081906,27,9.103806e-09,0.0,0.2546,3.0,2115.8,,,,,2b75599748604439c2b51027ab2c6a428fed9c66,,3,clang,22.1.8,llvm-libomp,32,32,off,,,-mcpu=native
suitesparse,as-Skitter,cpu,apxchol_v1,bk+tree[vec_pool],72,complete,1696415,23887011,1.566105,0.792168,2.358273,27,9.103806e-09,0.0,0.0987,3.0,1942.8,,,,,2b75599748604439c2b51027ab2c6a428fed9c66,,3,clang,22.1.8,llvm-libomp,32,32,off,,,-mcpu=native
suitesparse,as-Skitter,gpu,apxchol_v1,bk+tree[vec_pool],72,complete,1696415,23887011,2.467801,0.703097,3.170898,28,8.338518e-09,0.0,0.1327,535.6,2239.0,3422.0,,,,2b75599748604439c2b51027ab2c6a428fed9c66,,3,clang,22.1.8,llvm-libomp,32,32,on,,/user-environment/env/default/bin/g++,-mcpu=native
suitesparse,as-Skitter,cpu,apxchol_v1,greedy+tree[bstr],72,complete,1696415,23887011,2.031259,3.477283,5.508541,19,8.716545e-09,0.0,0.2306,3.0,2038.9,,,,,2b75599748604439c2b51027ab2c6a428fed9c66,,3,clang,22.1.8,llvm-libomp,32,32,off,,,-mcpu=native
suitesparse,as-Skitter,cpu,apxchol_v1,greedy+tree[fwd_star],72,complete,1696415,23887011,5.444553,0.5269412,5.971494,19,8.716545e-09,0.0,0.25,624.9,2111.8,,,,,2b75599748604439c2b51027ab2c6a428fed9c66,,3,clang,22.1.8,llvm-libomp,32,32,off,,,-mcpu=native
suitesparse,as-Skitter,cpu,apxchol_v1,greedy+tree[vec],72,complete,1696415,23887011,2.197219,2.345065,4.542284,19,8.716545e-09,0.0,0.1902,3.0,1939.3,,,,,2b75599748604439c2b51027ab2c6a428fed9c66,,3,clang,22.1.8,llvm-libomp,32,32,off,,,-mcpu=native
suitesparse,as-Skitter,cpu,apxchol_v1,greedy+tree[vec_pool],72,complete,1696415,23887011,0.9368758,0.4777428,1.414619,21,9.09201e-09,0.0,0.0592,3.0,2167.7,,,,,2b75599748604439c2b51027ab2c6a428fed9c66,,3,clang,22.1.8,llvm-libomp,32,32,off,,,-mcpu=native
suitesparse,as-Skitter,gpu,apxchol_v1,greedy+tree[vec_pool],72,complete,1696415,23887011,1.417723,0.5342172,1.95194,21,9.477927e-09,0.0,0.0817,350.8,2246.9,2898.0,,,,2b75599748604439c2b51027ab2c6a428fed9c66,,3,clang,22.1.8,llvm-libomp,32,32,on,,/user-environment/env/default/bin/g++,-mcpu=native
suitesparse,as-Skitter,cpu,hypre_boomeramg,cut,72,complete,1696415,23887011,3.210992,9.56185,12.77284,227,9.785149e-09,0.0,0.5347,1319.9,2425.1,,,,,2b75599748604439c2b51027ab2c6a428fed9c66,,3,clang,22.1.8,llvm-libomp,32,32,off,,,-mcpu=native
suitesparse,as-Skitter,cpu,hypre_boomeramg,,72,timeout,1696415,23887011,,,,,,,,,,,60.0,,wall-clock cap 60s,2b75599748604439c2b51027ab2c6a428fed9c66,,3,clang,22.1.8,llvm-libomp,32,32,off,,,-mcpu=native
suitesparse,as-Skitter,gpu,hypre_boomeramg_gpu,cut,72,complete,1696415,23887011,3.960158,0.4112746,4.371433,38,8.139644e-09,0.0,0.183,1401.4,2270.0,19290.0,,,,2b75599748604439c2b51027ab2c6a428fed9c66,,3,clang,22.1.8,llvm-libomp,32,32,on,,/user-environment/env/default/bin/g++,-mcpu=native
suitesparse,as-Skitter,gpu,hypre_boomeramg_gpu,,72,complete,1696415,23887011,5.739624,0.3279777,6.067602,38,8.139644e-09,0.0,0.254,1367.3,2209.4,31086.0,,,,2b75599748604439c2b51027ab2c6a428fed9c66,,3,clang,22.1.8,llvm-libomp,32,32,on,,/user-environment/env/default/bin/g++,-mcpu=native
suitesparse,as-Skitter,gpu,parac_graph,,72,not_converged,1696415,23887011,22.468052050354007,20.4291,42.89715205035401,300,23167.00661300298,,,,,5310.0,,,true residual 2.32e+04 > 1e-8,2b75599748604439c2b51027ab2c6a428fed9c66,portable-competitors-20260828-r1,3,gcc,13.3.1+14.3.0+8.3.0,llvm-libomp,,,,,,unknown
suitesparse,as-Skitter,gpu,parac_physics,,72,n/a,,,,,,,,,,,,,,,,2b75599748604439c2b51027ab2c6a428fed9c66,portable-competitors-20260828-r1,3,gcc,13.3.1+14.3.0+8.3.0,llvm-libomp,,,,,,unknown
suitesparse,as-Skitter,cpu,rchol,,72,timeout,,,,,,,,,,,,,60.0,,wall-clock cap 60s,2b75599748604439c2b51027ab2c6a428fed9c66,portable-competitors-20260828-r1,3,clang,22.1.8,llvm-libomp,32,32,off,portable-eigen,,-mcpu=native
suitesparse,as-Skitter,cpu,rchol_par,,72,timeout,,,,,,,,,,,,,60.0,,wall-clock cap 60s,2b75599748604439c2b51027ab2c6a428fed9c66,portable-competitors-20260828-r1,3,clang,22.1.8,llvm-libomp,32,32,off,portable-eigen,,-mcpu=native
suitesparse,coAuthorsDBLP,cpu,ac2,,72,complete,299067,2254419,1.156834,0.4964072,1.653241,17,3.162054e-09,0.0,0.7333,,,,,,,2b75599748604439c2b51027ab2c6a428fed9c66,portable-competitors-20260828-r1,3,julia,1.12.7 (libLLVM 18.1.7),none (pure-julia solver path),,,,,,cpu_target=native (neoverse-v2)
suitesparse,coAuthorsDBLP,cpu,ac,,72,complete,299067,2254419,0.8061056,0.3168439,1.122949,22,3.963966e-09,0.0,0.4981,,,,,,,2b75599748604439c2b51027ab2c6a428fed9c66,portable-competitors-20260828-r1,3,julia,1.12.7 (libLLVM 18.1.7),none (pure-julia solver path),,,,,,cpu_target=native (neoverse-v2)
suitesparse,coAuthorsDBLP,cpu,amgcl,,72,complete,299067,2254419,0.3788837,0.1991504,0.5780342,102,8.575697e-09,0.0,0.2564,0.0,1807.2,,,,,2b75599748604439c2b51027ab2c6a428fed9c66,,3,clang,22.1.8,llvm-libomp,32,32,off,,,-mcpu=native
suitesparse,coAuthorsDBLP,gpu,amgcl_cuda,,72,complete,299067,2254419,1.234737,0.0921061,1.326843,102,8.575697e-09,0.0,0.5886,0.0,2131.9,2804.0,,,,2b75599748604439c2b51027ab2c6a428fed9c66,,3,clang,22.1.8,llvm-libomp,32,32,on,,/user-environment/env/default/bin/g++,-mcpu=native
suitesparse,coAuthorsDBLP,cpu,apxchol_v1,bg+tree[bstr],72,complete,299067,2254419,0.2350003,0.09860167,0.333602,26,5.533379e-09,0.0,0.148,113.7,180.0,,,,,2b75599748604439c2b51027ab2c6a428fed9c66,,3,clang,22.1.8,llvm-libomp,32,32,off,,,-mcpu=native
suitesparse,coAuthorsDBLP,cpu,apxchol_v1,bg+tree[fwd_star],72,complete,299067,2254419,1.208315,0.06845648,1.276771,26,5.533379e-09,0.0,0.5663,150.8,197.2,,,,,2b75599748604439c2b51027ab2c6a428fed9c66,,3,clang,22.1.8,llvm-libomp,32,32,off,,,-mcpu=native
suitesparse,coAuthorsDBLP,cpu,apxchol_v1,bg+tree[vec],72,complete,299067,2254419,0.265114,0.09467135,0.3597853,26,5.533379e-09,0.0,0.1596,57.2,180.0,,,,,2b75599748604439c2b51027ab2c6a428fed9c66,,3,clang,22.1.8,llvm-libomp,32,32,off,,,-mcpu=native
suitesparse,coAuthorsDBLP,cpu,apxchol_v1,bg+tree[vec_pool],72,complete,299067,2254419,0.2722366,0.04378287,0.3160195,26,5.533379e-09,0.0,0.1402,120.1,642.8,,,,,2b75599748604439c2b51027ab2c6a428fed9c66,,3,clang,22.1.8,llvm-libomp,32,32,off,,,-mcpu=native
suitesparse,coAuthorsDBLP,cpu,apxchol_v1,bg+tree[vec_pool_aos],72,complete,299067,2254419,0.08989866,0.05664792,0.1465466,26,5.533379e-09,0.0,0.065,31.2,180.0,,,,,2b75599748604439c2b51027ab2c6a428fed9c66,,3,clang,22.1.8,llvm-libomp,32,32,off,,,-mcpu=native
suitesparse,coAuthorsDBLP,gpu,apxchol_v1,bg+tree[vec_pool_aos],72,complete,299067,2254419,0.4179997,0.05234136,0.4703411,26,5.535256e-09,0.0,0.2086,328.8,913.7,6596.0,,,,2b75599748604439c2b51027ab2c6a428fed9c66,,3,clang,22.1.8,llvm-libomp,32,32,on,,/user-environment/env/default/bin/g++,-mcpu=native
suitesparse,coAuthorsDBLP,cpu,apxchol_v1,bk+tree[bstr],72,complete,299067,2254419,0.1752334,0.1848881,0.3601215,24,7.850002e-09,0.0,0.1597,76.9,180.0,,,,,2b75599748604439c2b51027ab2c6a428fed9c66,,3,clang,22.1.8,llvm-libomp,32,32,off,,,-mcpu=native
suitesparse,coAuthorsDBLP,cpu,apxchol_v1,bk+tree[fwd_star],72,complete,299067,2254419,0.295167,0.04544702,0.340614,24,7.850002e-09,0.0,0.1511,137.1,207.4,,,,,2b75599748604439c2b51027ab2c6a428fed9c66,,3,clang,22.1.8,llvm-libomp,32,32,off,,,-mcpu=native
suitesparse,coAuthorsDBLP,cpu,apxchol_v1,bk+tree[vec],72,complete,299067,2254419,0.2097473,0.156206,0.3659532,24,7.850002e-09,0.0,0.1623,99.4,180.0,,,,,2b75599748604439c2b51027ab2c6a428fed9c66,,3,clang,22.1.8,llvm-libomp,32,32,off,,,-mcpu=native
suitesparse,coAuthorsDBLP,cpu,apxchol_v1,bk+tree[vec_pool],72,complete,299067,2254419,0.1327698,0.04822739,0.1809972,24,7.850002e-09,0.0,0.0803,81.6,180.0,,,,,2b75599748604439c2b51027ab2c6a428fed9c66,,3,clang,22.1.8,llvm-libomp,32,32,off,,,-mcpu=native
suitesparse,coAuthorsDBLP,gpu,apxchol_v1,bk+tree[vec_pool],72,complete,299067,2254419,0.1578206,0.5228236,0.6806442,24,7.853557e-09,0.0,0.3019,399.1,491.7,6010.0,,,,2b75599748604439c2b51027ab2c6a428fed9c66,,3,clang,22.1.8,llvm-libomp,32,32,on,,/user-environment/env/default/bin/g++,-mcpu=native
suitesparse,coAuthorsDBLP,cpu,apxchol_v1,greedy+tree[bstr],72,complete,299067,2254419,0.2420397,0.09545887,0.3374986,24,9.905289e-09,0.0,0.1497,83.8,180.0,,,,,2b75599748604439c2b51027ab2c6a428fed9c66,,3,clang,22.1.8,llvm-libomp,32,32,off,,,-mcpu=native
suitesparse,coAuthorsDBLP,cpu,apxchol_v1,greedy+tree[fwd_star],72,complete,299067,2254419,1.257005,0.04060107,1.297606,24,9.905289e-09,0.0,0.5756,121.8,229.8,,,,,2b75599748604439c2b51027ab2c6a428fed9c66,,3,clang,22.1.8,llvm-libomp,32,32,off,,,-mcpu=native
suitesparse,coAuthorsDBLP,cpu,apxchol_v1,greedy+tree[vec],72,complete,299067,2254419,0.2739358,0.08271917,0.356655,24,9.905289e-09,0.0,0.1582,63.2,180.0,,,,,2b75599748604439c2b51027ab2c6a428fed9c66,,3,clang,22.1.8,llvm-libomp,32,32,off,,,-mcpu=native
suitesparse,coAuthorsDBLP,cpu,apxchol_v1,greedy+tree[vec_pool],72,complete,299067,2254419,0.1976393,0.04924902,0.2468883,24,9.905289e-09,0.0,0.1095,83.5,180.0,,,,,2b75599748604439c2b51027ab2c6a428fed9c66,,3,clang,22.1.8,llvm-libomp,32,32,off,,,-mcpu=native
suitesparse,coAuthorsDBLP,gpu,apxchol_v1,greedy+tree[vec_pool],72,complete,299067,2254419,0.3711163,0.08903919,0.4601555,24,9.91021e-09,0.0,0.2041,399.1,491.7,11672.0,,,,2b75599748604439c2b51027ab2c6a428fed9c66,,3,clang,22.1.8,llvm-libomp,32,32,on,,/user-environment/env/default/bin/g++,-mcpu=native
suitesparse,coAuthorsDBLP,cpu,hypre_boomeramg,cut,72,complete,299067,2254419,0.4321559,0.2312736,0.6634295,33,7.051751e-09,0.0,0.2943,0.0,295.4,,,,,2b75599748604439c2b51027ab2c6a428fed9c66,,3,clang,22.1.8,llvm-libomp,32,32,off,,,-mcpu=native
suitesparse,coAuthorsDBLP,cpu,hypre_boomeramg,,72,complete,299067,2254419,0.6977659,0.1211537,0.8189196,16,9.086754e-09,0.0,0.3633,0.0,233.2,,,,,2b75599748604439c2b51027ab2c6a428fed9c66,,3,clang,22.1.8,llvm-libomp,32,32,off,,,-mcpu=native
suitesparse,coAuthorsDBLP,gpu,hypre_boomeramg_gpu,cut,72,complete,299067,2254419,2.147931,0.01583454,2.163765,23,8.526242e-09,0.0,0.9598,541.9,579.1,5982.0,,,,2b75599748604439c2b51027ab2c6a428fed9c66,,3,clang,22.1.8,llvm-libomp,32,32,on,,/user-environment/env/default/bin/g++,-mcpu=native
suitesparse,coAuthorsDBLP,gpu,hypre_boomeramg_gpu,,72,complete,299067,2254419,0.7564864,0.01699153,0.773478,23,7.635348e-09,0.0,0.3431,543.1,579.1,4894.0,,,,2b75599748604439c2b51027ab2c6a428fed9c66,,3,clang,22.1.8,llvm-libomp,32,32,on,,/user-environment/env/default/bin/g++,-mcpu=native
suitesparse,coAuthorsDBLP,gpu,parac_graph,,72,complete,299067,2254419,1.613626312496948,0.0912785,1.7049048124969481,26,7.3810422e-09,,,,,1024.0,,,,2b75599748604439c2b51027ab2c6a428fed9c66,portable-competitors-20260828-r1,3,gcc,13.3.1+14.3.0+8.3.0,llvm-libomp,,,,,,unknown
suitesparse,coAuthorsDBLP,gpu,parac_physics,,72,n/a,,,,,,,,,,,,,,,,2b75599748604439c2b51027ab2c6a428fed9c66,portable-competitors-20260828-r1,3,gcc,13.3.1+14.3.0+8.3.0,llvm-libomp,,,,,,unknown
suitesparse,coAuthorsDBLP,cpu,rchol,,72,complete,299067,2254419,3.444773,6.062016,9.506789,109,9.261351e-09,3.22,4.217,567.7,639.7,,,,,2b75599748604439c2b51027ab2c6a428fed9c66,portable-competitors-20260828-r1,3,clang,22.1.8,llvm-libomp,32,32,off,portable-eigen,,-mcpu=native
suitesparse,coAuthorsDBLP,cpu,rchol_par,,72,complete,299067,2254419,4.400339,1.879174,6.279513,94,9.225222e-09,2.7047,2.7854,498.9,498.9,,,,,2b75599748604439c2b51027ab2c6a428fed9c66,portable-competitors-20260828-r1,3,clang,22.1.8,llvm-libomp,32,32,off,portable-eigen,,-mcpu=native
suitesparse,coPapersDBLP,cpu,ac2,,72,complete,540486,31031944,23.66431,2.197279,25.86159,16,3.68373e-09,0.0,0.8334,,,,,,,2b75599748604439c2b51027ab2c6a428fed9c66,portable-competitors-20260828-r1,3,julia,1.12.7 (libLLVM 18.1.7),none (pure-julia solver path),,,,,,cpu_target=native (neoverse-v2)
suitesparse,coPapersDBLP,cpu,ac,,72,complete,540486,31031944,11.88387,2.173146,14.05701,20,9.454054e-09,0.0,0.453,,,,,,,2b75599748604439c2b51027ab2c6a428fed9c66,portable-competitors-20260828-r1,3,julia,1.12.7 (libLLVM 18.1.7),none (pure-julia solver path),,,,,,cpu_target=native (neoverse-v2)
suitesparse,coPapersDBLP,cpu,amgcl,,72,complete,540486,31031944,0.6085442,1.069183,1.677727,174,9.59527e-09,0.0,0.0541,956.3,2469.5,,,,,2b75599748604439c2b51027ab2c6a428fed9c66,,3,clang,22.1.8,llvm-libomp,32,32,off,,,-mcpu=native
suitesparse,coPapersDBLP,gpu,amgcl_cuda,,72,complete,540486,31031944,1.176172,0.2663693,1.442541,174,9.59527e-09,0.0,0.0465,0.0,2861.7,4894.0,,,,2b75599748604439c2b51027ab2c6a428fed9c66,,3,clang,22.1.8,llvm-libomp,32,32,on,,/user-environment/env/default/bin/g++,-mcpu=native
suitesparse,coPapersDBLP,cpu,apxchol_v1,bg+tree[bstr],72,complete,540486,31031944,1.99737,1.285736,3.283106,36,7.491111e-09,0.0,0.1058,3.0,2495.1,,,,,2b75599748604439c2b51027ab2c6a428fed9c66,,3,clang,22.1.8,llvm-libomp,32,32,off,,,-mcpu=native
suitesparse,coPapersDBLP,cpu,apxchol_v1,bg+tree[fwd_star],72,complete,540486,31031944,4.211405,0.6155672,4.826972,36,7.491111e-09,0.0,0.1555,566.6,2570.5,,,,,2b75599748604439c2b51027ab2c6a428fed9c66,,3,clang,22.1.8,llvm-libomp,32,32,off,,,-mcpu=native
suitesparse,coPapersDBLP,cpu,apxchol_v1,bg+tree[vec],72,complete,540486,31031944,2.030841,1.122977,3.153819,36,7.491111e-09,0.0,0.1016,153.9,2475.6,,,,,2b75599748604439c2b51027ab2c6a428fed9c66,,3,clang,22.1.8,llvm-libomp,32,32,off,,,-mcpu=native
suitesparse,coPapersDBLP,cpu,apxchol_v1,bg+tree[vec_pool],72,complete,540486,31031944,0.9340517,0.4567194,1.390771,37,7.530424e-09,0.0,0.0448,3.0,2481.8,,,,,2b75599748604439c2b51027ab2c6a428fed9c66,,3,clang,22.1.8,llvm-libomp,32,32,off,,,-mcpu=native
suitesparse,coPapersDBLP,cpu,apxchol_v1,bg+tree[vec_pool_aos],72,complete,540486,31031944,0.6266755,0.3910821,1.017758,37,7.549465e-09,0.0,0.0328,352.4,2487.6,,,,,2b75599748604439c2b51027ab2c6a428fed9c66,,3,clang,22.1.8,llvm-libomp,32,32,off,,,-mcpu=native
suitesparse,coPapersDBLP,gpu,apxchol_v1,bg+tree[vec_pool_aos],72,complete,540486,31031944,1.317149,0.4965798,1.813728,38,9.383728e-09,0.0,0.0584,193.6,2805.6,5420.0,,,,2b75599748604439c2b51027ab2c6a428fed9c66,,3,clang,22.1.8,llvm-libomp,32,32,on,,/user-environment/env/default/bin/g++,-mcpu=native
suitesparse,coPapersDBLP,cpu,apxchol_v1,bk+tree[bstr],72,complete,540486,31031944,1.968881,1.757918,3.726799,48,9.205976e-09,0.0,0.1201,3.0,2487.7,,,,,2b75599748604439c2b51027ab2c6a428fed9c66,,3,clang,22.1.8,llvm-libomp,32,32,off,,,-mcpu=native
suitesparse,coPapersDBLP,cpu,apxchol_v1,bk+tree[fwd_star],72,complete,540486,31031944,3.12401,0.8937077,4.017717,48,9.205976e-09,0.0,0.1295,719.0,2582.1,,,,,2b75599748604439c2b51027ab2c6a428fed9c66,,3,clang,22.1.8,llvm-libomp,32,32,off,,,-mcpu=native
suitesparse,coPapersDBLP,cpu,apxchol_v1,bk+tree[vec],72,complete,540486,31031944,2.002877,1.526932,3.529809,48,9.205976e-09,0.0,0.1137,3.0,2487.6,,,,,2b75599748604439c2b51027ab2c6a428fed9c66,,3,clang,22.1.8,llvm-libomp,32,32,off,,,-mcpu=native
suitesparse,coPapersDBLP,cpu,apxchol_v1,bk+tree[vec_pool],72,complete,540486,31031944,1.146683,0.8834012,2.030084,48,9.205976e-09,0.0,0.0654,3.0,2470.1,,,,,2b75599748604439c2b51027ab2c6a428fed9c66,,3,clang,22.1.8,llvm-libomp,32,32,off,,,-mcpu=native
suitesparse,coPapersDBLP,gpu,apxchol_v1,bk+tree[vec_pool],72,complete,540486,31031944,1.742549,1.316801,3.05935,50,8.491471e-09,0.0,0.0986,193.6,2799.6,11728.0,,,,2b75599748604439c2b51027ab2c6a428fed9c66,,3,clang,22.1.8,llvm-libomp,32,32,on,,/user-environment/env/default/bin/g++,-mcpu=native
suitesparse,coPapersDBLP,cpu,apxchol_v1,greedy+tree[bstr],72,complete,540486,31031944,2.135204,1.179417,3.314622,28,6.200456e-09,0.0,0.1068,198.9,2487.7,,,,,2b75599748604439c2b51027ab2c6a428fed9c66,,3,clang,22.1.8,llvm-libomp,32,32,off,,,-mcpu=native
suitesparse,coPapersDBLP,cpu,apxchol_v1,greedy+tree[fwd_star],72,complete,540486,31031944,4.960693,0.5315732,5.492266,28,6.200456e-09,0.0,0.177,716.4,2565.8,,,,,2b75599748604439c2b51027ab2c6a428fed9c66,,3,clang,22.1.8,llvm-libomp,32,32,off,,,-mcpu=native
suitesparse,coPapersDBLP,cpu,apxchol_v1,greedy+tree[vec],72,complete,540486,31031944,2.127199,1.031229,3.158428,28,6.200456e-09,0.0,0.1018,124.0,2467.6,,,,,2b75599748604439c2b51027ab2c6a428fed9c66,,3,clang,22.1.8,llvm-libomp,32,32,off,,,-mcpu=native
suitesparse,coPapersDBLP,cpu,apxchol_v1,greedy+tree[vec_pool],72,complete,540486,31031944,1.055743,0.383573,1.439316,28,9.759178e-09,0.0,0.0464,3.0,2465.8,,,,,2b75599748604439c2b51027ab2c6a428fed9c66,,3,clang,22.1.8,llvm-libomp,32,32,off,,,-mcpu=native
suitesparse,coPapersDBLP,gpu,apxchol_v1,greedy+tree[vec_pool],72,complete,540486,31031944,1.953582,0.700605,2.654187,30,7.178682e-09,0.0,0.0855,193.6,2785.6,3502.0,,,,2b75599748604439c2b51027ab2c6a428fed9c66,,3,clang,22.1.8,llvm-libomp,32,32,on,,/user-environment/env/default/bin/g++,-mcpu=native
suitesparse,coPapersDBLP,cpu,hypre_boomeramg,cut,72,complete,540486,31031944,8.423746,0.2630409,8.686787,35,6.202773e-09,0.0,0.2799,349.1,2558.4,,,,,2b75599748604439c2b51027ab2c6a428fed9c66,,3,clang,22.1.8,llvm-libomp,32,32,off,,,-mcpu=native
suitesparse,coPapersDBLP,cpu,hypre_boomeramg,,72,complete,540486,31031944,9.505545,0.1594237,9.664969,21,7.977647e-09,0.0,0.3115,387.5,2487.7,,,,,2b75599748604439c2b51027ab2c6a428fed9c66,,3,clang,22.1.8,llvm-libomp,32,32,off,,,-mcpu=native
suitesparse,coPapersDBLP,gpu,hypre_boomeramg_gpu,cut,72,complete,540486,31031944,2.768903,0.03835585,2.807259,33,7.683917e-09,0.0,0.0905,1180.6,2793.5,6568.0,,,,2b75599748604439c2b51027ab2c6a428fed9c66,,3,clang,22.1.8,llvm-libomp,32,32,on,,/user-environment/env/default/bin/g++,-mcpu=native
suitesparse,coPapersDBLP,gpu,hypre_boomeramg_gpu,,72,complete,540486,31031944,2.560899,0.07131888,2.632218,33,8.52874e-09,0.0,0.0848,1192.1,2828.7,14288.0,,,,2b75599748604439c2b51027ab2c6a428fed9c66,,3,clang,22.1.8,llvm-libomp,32,32,on,,/user-environment/env/default/bin/g++,-mcpu=native
suitesparse,coPapersDBLP,gpu,parac_graph,,72,complete,540486,31031944,8.878642847686768,0.509425,9.388067847686768,24,6.9166633e-09,,,,,7200.0,,,,2b75599748604439c2b51027ab2c6a428fed9c66,portable-competitors-20260828-r1,3,gcc,13.3.1+14.3.0+8.3.0,llvm-libomp,,,,,,unknown
suitesparse,coPapersDBLP,gpu,parac_physics,,72,n/a,,,,,,,,,,,,,,,,2b75599748604439c2b51027ab2c6a428fed9c66,portable-competitors-20260828-r1,3,gcc,13.3.1+14.3.0+8.3.0,llvm-libomp,,,,,,unknown
suitesparse,coPapersDBLP,cpu,rchol,,72,timeout,,,,,,,,,,,,,60.0,,wall-clock cap 60s,2b75599748604439c2b51027ab2c6a428fed9c66,portable-competitors-20260828-r1,3,clang,22.1.8,llvm-libomp,32,32,off,portable-eigen,,-mcpu=native
suitesparse,coPapersDBLP,cpu,rchol_par,,72,timeout,,,,,,,,,,,,,60.0,,wall-clock cap 60s,2b75599748604439c2b51027ab2c6a428fed9c66,portable-competitors-20260828-r1,3,clang,22.1.8,llvm-libomp,32,32,off,portable-eigen,,-mcpu=native
suitesparse,com-Amazon,cpu,ac2,,72,complete,334863,2186607,1.637214,0.4127496,2.049963,23,6.004315e-09,0.0,0.9375,,,,,,,2b75599748604439c2b51027ab2c6a428fed9c66,portable-competitors-20260828-r1,3,julia,1.12.7 (libLLVM 18.1.7),none (pure-julia solver path),,,,,,cpu_target=native (neoverse-v2)
suitesparse,com-Amazon,cpu,ac,,72,complete,334863,2186607,0.7783993,0.6995323,1.477932,29,8.821486e-09,0.0,0.6759,,,,,,,2b75599748604439c2b51027ab2c6a428fed9c66,portable-competitors-20260828-r1,3,julia,1.12.7 (libLLVM 18.1.7),none (pure-julia solver path),,,,,,cpu_target=native (neoverse-v2)
suitesparse,com-Amazon,cpu,amgcl,,72,complete,334863,2186607,0.2656948,0.1076334,0.3733282,74,9.773298e-09,0.0,0.1707,0.0,854.2,,,,,2b75599748604439c2b51027ab2c6a428fed9c66,,3,clang,22.1.8,llvm-libomp,32,32,off,,,-mcpu=native
suitesparse,com-Amazon,gpu,amgcl_cuda,,72,complete,334863,2186607,0.8033406,0.07092977,0.8742704,74,9.773298e-09,0.0,0.3998,0.0,1171.9,11632.0,,,,2b75599748604439c2b51027ab2c6a428fed9c66,,3,clang,22.1.8,llvm-libomp,32,32,on,,/user-environment/env/default/bin/g++,-mcpu=native
suitesparse,com-Amazon,cpu,apxchol_v1,bg+tree[bstr],72,complete,334863,2186607,0.1727907,0.08494209,0.2577328,33,9.423942e-09,0.0,0.1179,160.0,180.0,,,,,2b75599748604439c2b51027ab2c6a428fed9c66,,3,clang,22.1.8,llvm-libomp,32,32,off,,,-mcpu=native
suitesparse,com-Amazon,cpu,apxchol_v1,bg+tree[fwd_star],72,complete,334863,2186607,0.4287712,0.0392704,0.4680416,33,9.423942e-09,0.0,0.214,134.2,241.8,,,,,2b75599748604439c2b51027ab2c6a428fed9c66,,3,clang,22.1.8,llvm-libomp,32,32,off,,,-mcpu=native
suitesparse,com-Amazon,cpu,apxchol_v1,bg+tree[vec],72,complete,334863,2186607,0.2284329,0.07203209,0.300465,33,9.423942e-09,0.0,0.1374,160.0,180.0,,,,,2b75599748604439c2b51027ab2c6a428fed9c66,,3,clang,22.1.8,llvm-libomp,32,32,off,,,-mcpu=native
suitesparse,com-Amazon,cpu,apxchol_v1,bg+tree[vec_pool],72,complete,334863,2186607,0.09847635,0.03555625,0.1340326,33,9.423942e-09,0.0,0.0613,115.7,180.0,,,,,2b75599748604439c2b51027ab2c6a428fed9c66,,3,clang,22.1.8,llvm-libomp,32,32,off,,,-mcpu=native
suitesparse,com-Amazon,cpu,apxchol_v1,bg+tree[vec_pool_aos],72,complete,334863,2186607,0.06733174,0.04404275,0.1113745,33,9.423942e-09,0.0,0.0509,31.7,180.0,,,,,2b75599748604439c2b51027ab2c6a428fed9c66,,3,clang,22.1.8,llvm-libomp,32,32,off,,,-mcpu=native
suitesparse,com-Amazon,gpu,apxchol_v1,bg+tree[vec_pool_aos],72,complete,334863,2186607,0.4130176,0.1186819,0.5316995,36,6.537831e-09,0.0,0.2432,398.1,468.0,4150.0,,,,2b75599748604439c2b51027ab2c6a428fed9c66,,3,clang,22.1.8,llvm-libomp,32,32,on,,/user-environment/env/default/bin/g++,-mcpu=native
suitesparse,com-Amazon,cpu,apxchol_v1,bk+tree[bstr],72,complete,334863,2186607,0.1767837,0.1460177,0.3228014,34,6.255637e-09,0.0,0.1476,160.1,180.0,,,,,2b75599748604439c2b51027ab2c6a428fed9c66,,3,clang,22.1.8,llvm-libomp,32,32,off,,,-mcpu=native
suitesparse,com-Amazon,cpu,apxchol_v1,bk+tree[fwd_star],72,complete,334863,2186607,0.2075702,0.05057708,0.2581473,34,6.255637e-09,0.0,0.1181,157.1,264.5,,,,,2b75599748604439c2b51027ab2c6a428fed9c66,,3,clang,22.1.8,llvm-libomp,32,32,off,,,-mcpu=native
suitesparse,com-Amazon,cpu,apxchol_v1,bk+tree[vec],72,complete,334863,2186607,0.2198674,0.1282334,0.3481008,34,6.255637e-09,0.0,0.1592,179.9,180.0,,,,,2b75599748604439c2b51027ab2c6a428fed9c66,,3,clang,22.1.8,llvm-libomp,32,32,off,,,-mcpu=native
suitesparse,com-Amazon,cpu,apxchol_v1,bk+tree[vec_pool],72,complete,334863,2186607,0.1003886,0.04937596,0.1497646,34,6.255637e-09,0.0,0.0685,79.5,180.0,,,,,2b75599748604439c2b51027ab2c6a428fed9c66,,3,clang,22.1.8,llvm-libomp,32,32,off,,,-mcpu=native
suitesparse,com-Amazon,gpu,apxchol_v1,bk+tree[vec_pool],72,complete,334863,2186607,0.4226258,0.0684147,0.4910405,36,7.830293e-09,0.0,0.2246,447.5,447.5,11728.0,,,,2b75599748604439c2b51027ab2c6a428fed9c66,,3,clang,22.1.8,llvm-libomp,32,32,on,,/user-environment/env/default/bin/g++,-mcpu=native
suitesparse,com-Amazon,cpu,apxchol_v1,greedy+tree[bstr],72,complete,334863,2186607,0.1809228,0.08637556,0.2672983,31,5.930803e-09,0.0,0.1222,160.0,180.0,,,,,2b75599748604439c2b51027ab2c6a428fed9c66,,3,clang,22.1.8,llvm-libomp,32,32,off,,,-mcpu=native
suitesparse,com-Amazon,cpu,apxchol_v1,greedy+tree[fwd_star],72,complete,334863,2186607,0.452252,0.04185772,0.4941097,31,5.930803e-09,0.0,0.226,131.6,239.6,,,,,2b75599748604439c2b51027ab2c6a428fed9c66,,3,clang,22.1.8,llvm-libomp,32,32,off,,,-mcpu=native
suitesparse,com-Amazon,cpu,apxchol_v1,greedy+tree[vec],72,complete,334863,2186607,0.2374351,0.07525502,0.3126901,31,5.930803e-09,0.0,0.143,160.0,180.0,,,,,2b75599748604439c2b51027ab2c6a428fed9c66,,3,clang,22.1.8,llvm-libomp,32,32,off,,,-mcpu=native
suitesparse,com-Amazon,cpu,apxchol_v1,greedy+tree[vec_pool],72,complete,334863,2186607,0.1069864,0.04925999,0.1562464,31,5.930803e-09,0.0,0.0715,79.0,180.0,,,,,2b75599748604439c2b51027ab2c6a428fed9c66,,3,clang,22.1.8,llvm-libomp,32,32,off,,,-mcpu=native
suitesparse,com-Amazon,gpu,apxchol_v1,greedy+tree[vec_pool],72,complete,334863,2186607,0.421302,0.1711479,0.5924499,31,7.75183e-09,0.0,0.2709,398.1,468.0,3094.0,,,,2b75599748604439c2b51027ab2c6a428fed9c66,,3,clang,22.1.8,llvm-libomp,32,32,on,,/user-environment/env/default/bin/g++,-mcpu=native
suitesparse,com-Amazon,cpu,hypre_boomeramg,cut,72,complete,334863,2186607,0.3828587,0.303578,0.6864368,50,6.863699e-09,0.0,0.3139,0.0,245.4,,,,,2b75599748604439c2b51027ab2c6a428fed9c66,,3,clang,22.1.8,llvm-libomp,32,32,off,,,-mcpu=native
suitesparse,com-Amazon,cpu,hypre_boomeramg,,72,complete,334863,2186607,0.4425531,0.08688757,0.5294406,14,6.493733e-09,0.0,0.2421,0.0,232.1,,,,,2b75599748604439c2b51027ab2c6a428fed9c66,,3,clang,22.1.8,llvm-libomp,32,32,off,,,-mcpu=native
suitesparse,com-Amazon,gpu,hypre_boomeramg_gpu,cut,72,complete,334863,2186607,1.032214,0.02227997,1.054494,17,7.029879e-09,0.0,0.4823,462.1,534.1,7220.0,,,,2b75599748604439c2b51027ab2c6a428fed9c66,,3,clang,22.1.8,llvm-libomp,32,32,on,,/user-environment/env/default/bin/g++,-mcpu=native
suitesparse,com-Amazon,gpu,hypre_boomeramg_gpu,,72,complete,334863,2186607,1.175359,0.01202682,1.187386,16,8.840211e-09,0.0,0.543,555.6,591.6,6366.0,,,,2b75599748604439c2b51027ab2c6a428fed9c66,,3,clang,22.1.8,llvm-libomp,32,32,on,,/user-environment/env/default/bin/g++,-mcpu=native
suitesparse,com-Amazon,gpu,parac_graph,,72,complete,334863,2186607,1.3848289321044922,0.112462,1.4972909321044923,39,8.8446417e-09,,,,,772.0,,,,2b75599748604439c2b51027ab2c6a428fed9c66,portable-competitors-20260828-r1,3,gcc,13.3.1+14.3.0+8.3.0,llvm-libomp,,,,,,unknown
suitesparse,com-Amazon,gpu,parac_physics,,72,n/a,,,,,,,,,,,,,,,,2b75599748604439c2b51027ab2c6a428fed9c66,portable-competitors-20260828-r1,3,gcc,13.3.1+14.3.0+8.3.0,llvm-libomp,,,,,,unknown
suitesparse,com-Amazon,cpu,rchol,,72,complete,334863,2186607,5.042924,7.500738,12.54366,93,8.989255e-09,2.9158,5.7366,573.6,609.6,,,,,2b75599748604439c2b51027ab2c6a428fed9c66,portable-competitors-20260828-r1,3,clang,22.1.8,llvm-libomp,32,32,off,portable-eigen,,-mcpu=native
suitesparse,com-Amazon,cpu,rchol_par,,72,complete,334863,2186607,5.848131,2.467371,8.315503,69,8.510032e-09,2.3152,3.8029,405.5,513.5,,,,,2b75599748604439c2b51027ab2c6a428fed9c66,portable-competitors-20260828-r1,3,clang,22.1.8,llvm-libomp,32,32,off,portable-eigen,,-mcpu=native
suitesparse,com-LiveJournal,cpu,ac2,,72,complete,3997962,73360340,140.2646,18.99232,159.257,18,7.255739e-09,0.0,2.1709,,,,,,,2b75599748604439c2b51027ab2c6a428fed9c66,portable-competitors-20260828-r1,3,julia,1.12.7 (libLLVM 18.1.7),none (pure-julia solver path),,,,,,cpu_target=native (neoverse-v2)
suitesparse,com-LiveJournal,cpu,ac,,72,complete,3997962,73360340,77.20168,18.92678,96.12847,25,7.261857e-09,0.0,1.3104,,,,,,,2b75599748604439c2b51027ab2c6a428fed9c66,portable-competitors-20260828-r1,3,julia,1.12.7 (libLLVM 18.1.7),none (pure-julia solver path),,,,,,cpu_target=native (neoverse-v2)
suitesparse,com-LiveJournal,cpu,amgcl,,72,timeout,3997962,73360340,,,,,,,,,,,60.0,,wall-clock cap 60s,2b75599748604439c2b51027ab2c6a428fed9c66,,3,clang,22.1.8,llvm-libomp,32,32,off,,,-mcpu=native
suitesparse,com-LiveJournal,gpu,amgcl_cuda,,72,timeout,3997962,73360340,,,,,,,,,,,60.0,,wall-clock cap 60s,2b75599748604439c2b51027ab2c6a428fed9c66,,3,clang,22.1.8,llvm-libomp,32,32,on,,/user-environment/env/default/bin/g++,-mcpu=native
suitesparse,com-LiveJournal,cpu,apxchol_v1,bg+tree[bstr],72,complete,3997962,73360340,13.63244,36.32728,49.95972,29,9.218889e-09,0.0,0.681,3122.6,7610.8,,,,,2b75599748604439c2b51027ab2c6a428fed9c66,,3,clang,22.1.8,llvm-libomp,32,32,off,,,-mcpu=native
suitesparse,com-LiveJournal,cpu,apxchol_v1,bg+tree[fwd_star],72,complete,3997962,73360340,29.66479,4.083449,33.74824,29,9.218889e-09,0.0,0.46,2553.3,10965.2,,,,,2b75599748604439c2b51027ab2c6a428fed9c66,,3,clang,22.1.8,llvm-libomp,32,32,off,,,-mcpu=native
suitesparse,com-LiveJournal,cpu,apxchol_v1,bg+tree[vec],72,complete,3997962,73360340,13.91937,26.49528,40.41465,29,9.218889e-09,0.0,0.5509,3319.8,6806.2,,,,,2b75599748604439c2b51027ab2c6a428fed9c66,,3,clang,22.1.8,llvm-libomp,32,32,off,,,-mcpu=native
suitesparse,com-LiveJournal,cpu,apxchol_v1,bg+tree[vec_pool],72,complete,3997962,73360340,5.395494,2.523502,7.918996,30,8.410818e-09,0.0,0.1079,2267.5,6313.2,,,,,2b75599748604439c2b51027ab2c6a428fed9c66,,3,clang,22.1.8,llvm-libomp,32,32,off,,,-mcpu=native
suitesparse,com-LiveJournal,cpu,apxchol_v1,bg+tree[vec_pool_aos],72,complete,3997962,73360340,3.201839,2.296888,5.498727,30,6.664806e-09,0.0,0.075,1334.2,6122.7,,,,,2b75599748604439c2b51027ab2c6a428fed9c66,,3,clang,22.1.8,llvm-libomp,32,32,off,,,-mcpu=native
suitesparse,com-LiveJournal,gpu,apxchol_v1,bg+tree[vec_pool_aos],72,complete,3997962,73360340,3.6791,1.137782,4.816882,31,8.140585e-09,0.0,0.0657,1923.2,6546.9,3042.0,,,,2b75599748604439c2b51027ab2c6a428fed9c66,,3,clang,22.1.8,llvm-libomp,32,32,on,,/user-environment/env/default/bin/g++,-mcpu=native
suitesparse,com-LiveJournal,cpu,apxchol_v1,bk+tree[bstr],72,complete,3997962,73360340,13.51863,42.16352,55.68215,44,8.209101e-09,0.0,0.759,3376.0,7326.0,,,,,2b75599748604439c2b51027ab2c6a428fed9c66,,3,clang,22.1.8,llvm-libomp,32,32,off,,,-mcpu=native
suitesparse,com-LiveJournal,cpu,apxchol_v1,bk+tree[fwd_star],72,complete,3997962,73360340,26.51103,5.722357,32.23339,44,8.209101e-09,0.0,0.4394,2780.2,10251.7,,,,,2b75599748604439c2b51027ab2c6a428fed9c66,,3,clang,22.1.8,llvm-libomp,32,32,off,,,-mcpu=native
suitesparse,com-LiveJournal,cpu,apxchol_v1,bk+tree[vec],72,complete,3997962,73360340,14.08157,28.13598,42.21755,44,8.209101e-09,0.0,0.5755,3541.1,7009.0,,,,,2b75599748604439c2b51027ab2c6a428fed9c66,,3,clang,22.1.8,llvm-libomp,32,32,off,,,-mcpu=native
suitesparse,com-LiveJournal,cpu,apxchol_v1,bk+tree[vec_pool],72,complete,3997962,73360340,7.865738,5.580543,13.44628,44,8.209101e-09,0.0,0.1833,1423.4,5999.9,,,,,2b75599748604439c2b51027ab2c6a428fed9c66,,3,clang,22.1.8,llvm-libomp,32,32,off,,,-mcpu=native
suitesparse,com-LiveJournal,gpu,apxchol_v1,bk+tree[vec_pool],72,complete,3997962,73360340,8.750846,2.264264,11.01511,44,9.687961e-09,0.0,0.1502,2179.8,6366.6,7142.0,,,,2b75599748604439c2b51027ab2c6a428fed9c66,,3,clang,22.1.8,llvm-libomp,32,32,on,,/user-environment/env/default/bin/g++,-mcpu=native
suitesparse,com-LiveJournal,cpu,apxchol_v1,greedy+tree[bstr],72,complete,3997962,73360340,13.44027,35.06628,48.50655,29,9.88479e-09,0.0,0.6612,3035.6,7358.0,,,,,2b75599748604439c2b51027ab2c6a428fed9c66,,3,clang,22.1.8,llvm-libomp,32,32,off,,,-mcpu=native
suitesparse,com-LiveJournal,cpu,apxchol_v1,greedy+tree[fwd_star],72,complete,3997962,73360340,30.03962,3.997933,34.03755,29,9.88479e-09,0.0,0.464,2130.9,9688.0,,,,,2b75599748604439c2b51027ab2c6a428fed9c66,,3,clang,22.1.8,llvm-libomp,32,32,off,,,-mcpu=native
suitesparse,com-LiveJournal,cpu,apxchol_v1,greedy+tree[vec],72,complete,3997962,73360340,13.77284,25.02457,38.7974,29,9.88479e-09,0.0,0.5289,3685.2,7387.9,,,,,2b75599748604439c2b51027ab2c6a428fed9c66,,3,clang,22.1.8,llvm-libomp,32,32,off,,,-mcpu=native
suitesparse,com-LiveJournal,cpu,apxchol_v1,greedy+tree[vec_pool],72,complete,3997962,73360340,5.389739,2.472181,7.86192,30,8.343327e-09,0.0,0.1072,2298.2,5951.8,,,,,2b75599748604439c2b51027ab2c6a428fed9c66,,3,clang,22.1.8,llvm-libomp,32,32,off,,,-mcpu=native
suitesparse,com-LiveJournal,gpu,apxchol_v1,greedy+tree[vec_pool],72,complete,3997962,73360340,5.837467,1.17492,7.012387,31,6.180729e-09,0.0,0.0956,2904.4,6609.4,7142.0,,,,2b75599748604439c2b51027ab2c6a428fed9c66,,3,clang,22.1.8,llvm-libomp,32,32,on,,/user-environment/env/default/bin/g++,-mcpu=native
suitesparse,com-LiveJournal,cpu,hypre_boomeramg,cut,72,timeout,3997962,73360340,,,,,,,,,,,60.0,,wall-clock cap 60s,2b75599748604439c2b51027ab2c6a428fed9c66,,3,clang,22.1.8,llvm-libomp,32,32,off,,,-mcpu=native
suitesparse,com-LiveJournal,cpu,hypre_boomeramg,,72,timeout,3997962,73360340,,,,,,,,,,,60.0,,wall-clock cap 60s,2b75599748604439c2b51027ab2c6a428fed9c66,,3,clang,22.1.8,llvm-libomp,32,32,off,,,-mcpu=native
suitesparse,com-LiveJournal,gpu,hypre_boomeramg_gpu,cut,72,complete,3997962,73360340,5.259765,0.3310203,5.590786,43,8.557747e-09,0.0,0.0762,2420.8,6602.6,32936.0,,,,2b75599748604439c2b51027ab2c6a428fed9c66,,3,clang,22.1.8,llvm-libomp,32,32,on,,/user-environment/env/default/bin/g++,-mcpu=native
suitesparse,com-LiveJournal,gpu,hypre_boomeramg_gpu,,72,complete,3997962,73360340,5.536428,0.3326603,5.869088,43,8.557747e-09,0.0,0.08,2390.4,6750.5,32936.0,,,,2b75599748604439c2b51027ab2c6a428fed9c66,,3,clang,22.1.8,llvm-libomp,32,32,on,,/user-environment/env/default/bin/g++,-mcpu=native
suitesparse,com-LiveJournal,gpu,parac_graph,,72,complete,3997962,73360340,96.08563281532287,3.77736,99.86299281532287,36,7.3573732e-09,,,,,17734.0,,,,2b75599748604439c2b51027ab2c6a428fed9c66,portable-competitors-20260828-r1,3,gcc,13.3.1+14.3.0+8.3.0,llvm-libomp,,,,,,unknown
suitesparse,com-LiveJournal,gpu,parac_physics,,72,n/a,,,,,,,,,,,,,,,,2b75599748604439c2b51027ab2c6a428fed9c66,portable-competitors-20260828-r1,3,gcc,13.3.1+14.3.0+8.3.0,llvm-libomp,,,,,,unknown
suitesparse,com-LiveJournal,cpu,rchol,,72,timeout,,,,,,,,,,,,,60.0,,wall-clock cap 60s,2b75599748604439c2b51027ab2c6a428fed9c66,portable-competitors-20260828-r1,3,clang,22.1.8,llvm-libomp,32,32,off,portable-eigen,,-mcpu=native
suitesparse,com-LiveJournal,cpu,rchol_par,,72,timeout,,,,,,,,,,,,,60.0,,wall-clock cap 60s,2b75599748604439c2b51027ab2c6a428fed9c66,portable-competitors-20260828-r1,3,clang,22.1.8,llvm-libomp,32,32,off,portable-eigen,,-mcpu=native
suitesparse,com-Orkut,cpu,ac2,,72,timeout,,,,,,,,,,,,,151.0,,wall-clock cap 151s,2b75599748604439c2b51027ab2c6a428fed9c66,portable-competitors-20260828-r1,3,julia,1.12.7 (libLLVM 18.1.7),none (pure-julia solver path),,,,,,cpu_target=native (neoverse-v2)
suitesparse,com-Orkut,cpu,ac,,72,timeout,,,,,,,,,,,,,151.0,,wall-clock cap 151s,2b75599748604439c2b51027ab2c6a428fed9c66,portable-competitors-20260828-r1,3,julia,1.12.7 (libLLVM 18.1.7),none (pure-julia solver path),,,,,,cpu_target=native (neoverse-v2)
suitesparse,com-Orkut,cpu,amgcl,,72,complete,3072441,237442607,6.333014,5.277204,11.61022,48,6.137322e-09,0.0,0.0489,10689.1,19519.9,,,,,2b75599748604439c2b51027ab2c6a428fed9c66,,3,clang,22.1.8,llvm-libomp,32,32,off,,,-mcpu=native
suitesparse,com-Orkut,gpu,amgcl_cuda,,72,complete,3072441,237442607,6.847086,0.3682368,7.215323,48,6.137322e-09,0.0,0.0304,0.0,19838.4,3588.0,,,,2b75599748604439c2b51027ab2c6a428fed9c66,,3,clang,22.1.8,llvm-libomp,32,32,on,,/user-environment/env/default/bin/g++,-mcpu=native
suitesparse,com-Orkut,cpu,apxchol_v1,bg+tree[vec],72,complete,3072441,237442607,57.55917,49.14566,106.7048,18,6.040912e-09,0.0,0.4494,10817.6,25320.5,,,,,2b75599748604439c2b51027ab2c6a428fed9c66,,3,clang,22.1.8,llvm-libomp,32,32,off,,,-mcpu=native
suitesparse,com-Orkut,cpu,apxchol_v1,bg+tree[vec_pool],72,complete,3072441,237442607,28.50313,7.170395,35.67352,17,9.924354e-09,0.0,0.1502,6287.1,19504.7,,,,,2b75599748604439c2b51027ab2c6a428fed9c66,,3,clang,22.1.8,llvm-libomp,32,32,off,,,-mcpu=native
suitesparse,com-Orkut,cpu,apxchol_v1,bg+tree[vec_pool_aos],72,complete,3072441,237442607,11.36622,6.731779,18.098,18,4.600383e-09,0.0,0.0762,6831.6,19487.6,,,,,2b75599748604439c2b51027ab2c6a428fed9c66,,3,clang,22.1.8,llvm-libomp,32,32,off,,,-mcpu=native
suitesparse,com-Orkut,gpu,apxchol_v1,bg+tree[vec_pool_aos],72,complete,3072441,237442607,12.46384,2.675651,15.13949,19,3.857095e-09,0.0,0.0638,7275.2,19713.4,7142.0,,,,2b75599748604439c2b51027ab2c6a428fed9c66,,3,clang,22.1.8,llvm-libomp,32,32,on,,/user-environment/env/default/bin/g++,-mcpu=native
suitesparse,com-Orkut,cpu,apxchol_v1,bk+tree[vec],72,complete,3072441,237442607,53.21704,74.88394,128.101,62,8.599206e-09,0.0,0.5395,10726.9,23677.9,,,,,2b75599748604439c2b51027ab2c6a428fed9c66,,3,clang,22.1.8,llvm-libomp,32,32,off,,,-mcpu=native
suitesparse,com-Orkut,cpu,apxchol_v1,bk+tree[vec_pool],72,complete,3072441,237442607,31.81165,40.16042,71.97208,62,8.599206e-09,0.0,0.3031,7276.5,21790.8,,,,,2b75599748604439c2b51027ab2c6a428fed9c66,,3,clang,22.1.8,llvm-libomp,32,32,off,,,-mcpu=native
suitesparse,com-Orkut,gpu,apxchol_v1,bk+tree[vec_pool],72,complete,3072441,237442607,32.48325,7.086092,39.56935,65,8.706133e-09,0.0,0.1666,7231.2,22716.8,8810.0,,,,2b75599748604439c2b51027ab2c6a428fed9c66,,3,clang,22.1.8,llvm-libomp,32,32,on,,/user-environment/env/default/bin/g++,-mcpu=native
suitesparse,com-Orkut,cpu,apxchol_v1,greedy+tree[vec],72,complete,3072441,237442607,54.55795,45.41889,99.97685,14,4.367363e-09,0.0,0.4211,9603.8,23914.0,,,,,2b75599748604439c2b51027ab2c6a428fed9c66,,3,clang,22.1.8,llvm-libomp,32,32,off,,,-mcpu=native
suitesparse,com-Orkut,cpu,apxchol_v1,greedy+tree[vec_pool],72,complete,3072441,237442607,27.10807,6.479403,33.58748,14,2.821486e-09,0.0,0.1415,6326.2,19501.8,,,,,2b75599748604439c2b51027ab2c6a428fed9c66,,3,clang,22.1.8,llvm-libomp,32,32,off,,,-mcpu=native
suitesparse,com-Orkut,gpu,apxchol_v1,greedy+tree[vec_pool],72,complete,3072441,237442607,28.27461,2.523386,30.79799,14,2.820534e-09,0.0,0.1297,6455.6,19838.4,32936.0,,,,2b75599748604439c2b51027ab2c6a428fed9c66,,3,clang,22.1.8,llvm-libomp,32,32,on,,/user-environment/env/default/bin/g++,-mcpu=native
suitesparse,com-Orkut,cpu,hypre_boomeramg,cut,72,timeout,,,,,,,,,,,,,151.0,,wall-clock cap 151s,2b75599748604439c2b51027ab2c6a428fed9c66,,3,clang,22.1.8,llvm-libomp,32,32,off,,,-mcpu=native
suitesparse,com-Orkut,cpu,hypre_boomeramg,,72,timeout,,,,,,,,,,,,,151.0,,wall-clock cap 151s,2b75599748604439c2b51027ab2c6a428fed9c66,,3,clang,22.1.8,llvm-libomp,32,32,off,,,-mcpu=native
suitesparse,com-Orkut,gpu,hypre_boomeramg_gpu,cut,72,failed,3072441,237442607,,,,,,,,,19809.9,10238.0,,1,cuSPARSE insufficient resources during SpGEMM,2b75599748604439c2b51027ab2c6a428fed9c66,,3,clang,22.1.8,llvm-libomp,32,32,on,,/user-environment/env/default/bin/g++,-mcpu=native
suitesparse,com-Orkut,gpu,hypre_boomeramg_gpu,,72,failed,3072441,237442607,,,,,,,,,19803.8,10238.0,,1,cuSPARSE insufficient resources during SpGEMM,2b75599748604439c2b51027ab2c6a428fed9c66,,3,clang,22.1.8,llvm-libomp,32,32,on,,/user-environment/env/default/bin/g++,-mcpu=native
suitesparse,com-Orkut,gpu,parac_graph,,72,timeout,,,,,,,,,,,,,600.0,,wall-clock cap 600s,2b75599748604439c2b51027ab2c6a428fed9c66,portable-competitors-20260828-r1,3,gcc,13.3.1+14.3.0+8.3.0,llvm-libomp,,,,,,unknown
suitesparse,com-Orkut,gpu,parac_physics,,72,n/a,,,,,,,,,,,,,,,,2b75599748604439c2b51027ab2c6a428fed9c66,portable-competitors-20260828-r1,3,gcc,13.3.1+14.3.0+8.3.0,llvm-libomp,,,,,,unknown
suitesparse,com-Orkut,cpu,rchol,,72,timeout,,,,,,,,,,,,,151.0,,wall-clock cap 151s,2b75599748604439c2b51027ab2c6a428fed9c66,portable-competitors-20260828-r1,3,clang,22.1.8,llvm-libomp,32,32,off,portable-eigen,,-mcpu=native
suitesparse,com-Orkut,cpu,rchol_par,,72,timeout,,,,,,,,,,,,,151.0,,wall-clock cap 151s,2b75599748604439c2b51027ab2c6a428fed9c66,portable-competitors-20260828-r1,3,clang,22.1.8,llvm-libomp,32,32,off,portable-eigen,,-mcpu=native
suitesparse,com-Youtube,cpu,ac2,,72,complete,1134890,7110138,5.560158,0.7222246,6.282383,13,6.193411e-09,0.0,0.8836,,,,,,,2b75599748604439c2b51027ab2c6a428fed9c66,portable-competitors-20260828-r1,3,julia,1.12.7 (libLLVM 18.1.7),none (pure-julia solver path),,,,,,cpu_target=native (neoverse-v2)
suitesparse,com-Youtube,cpu,ac,,72,complete,1134890,7110138,2.830383,0.9966517,3.827035,15,4.379214e-09,0.0,0.5383,,,,,,,2b75599748604439c2b51027ab2c6a428fed9c66,portable-competitors-20260828-r1,3,julia,1.12.7 (libLLVM 18.1.7),none (pure-julia solver path),,,,,,cpu_target=native (neoverse-v2)
suitesparse,com-Youtube,cpu,amgcl,,72,complete,1134890,7110138,3.888994,0.9527822,4.841777,69,6.940968e-09,0.0,0.681,36.0,11962.9,,,,,2b75599748604439c2b51027ab2c6a428fed9c66,,3,clang,22.1.8,llvm-libomp,32,32,off,,,-mcpu=native
suitesparse,com-Youtube,gpu,amgcl_cuda,,72,complete,1134890,7110138,4.764528,0.1241043,4.888632,69,6.930829e-09,0.0,0.6876,0.0,11844.6,2208.0,,,,2b75599748604439c2b51027ab2c6a428fed9c66,,3,clang,22.1.8,llvm-libomp,32,32,on,,/user-environment/env/default/bin/g++,-mcpu=native
suitesparse,com-Youtube,cpu,apxchol_v1,bg+tree[bstr],72,complete,1134890,7110138,0.6361174,0.9954601,1.631577,20,3.740616e-09,0.0,0.2295,77.1,596.1,,,,,2b75599748604439c2b51027ab2c6a428fed9c66,,3,clang,22.1.8,llvm-libomp,32,32,off,,,-mcpu=native
suitesparse,com-Youtube,cpu,apxchol_v1,bg+tree[fwd_star],72,complete,1134890,7110138,1.664483,0.2078176,1.8723,20,3.740616e-09,0.0,0.2633,67.1,596.0,,,,,2b75599748604439c2b51027ab2c6a428fed9c66,,3,clang,22.1.8,llvm-libomp,32,32,off,,,-mcpu=native
suitesparse,com-Youtube,cpu,apxchol_v1,bg+tree[vec],72,complete,1134890,7110138,0.7971748,0.8635501,1.660725,20,3.740616e-09,0.0,0.2336,142.1,596.1,,,,,2b75599748604439c2b51027ab2c6a428fed9c66,,3,clang,22.1.8,llvm-libomp,32,32,off,,,-mcpu=native
suitesparse,com-Youtube,cpu,apxchol_v1,bg+tree[vec_pool],72,complete,1134890,7110138,0.361391,0.1721562,0.5335473,19,9.061107e-09,0.0,0.075,36.0,596.0,,,,,2b75599748604439c2b51027ab2c6a428fed9c66,,3,clang,22.1.8,llvm-libomp,32,32,off,,,-mcpu=native
suitesparse,com-Youtube,cpu,apxchol_v1,bg+tree[vec_pool_aos],72,complete,1134890,7110138,0.3410161,0.15918,0.5001962,19,9.47149e-09,0.0,0.0703,36.0,1317.6,,,,,2b75599748604439c2b51027ab2c6a428fed9c66,,3,clang,22.1.8,llvm-libomp,32,32,off,,,-mcpu=native
suitesparse,com-Youtube,gpu,apxchol_v1,bg+tree[vec_pool_aos],72,complete,1134890,7110138,0.6074601,0.4617638,1.069224,19,9.47182e-09,0.0,0.1504,444.2,2137.1,2214.0,,,,2b75599748604439c2b51027ab2c6a428fed9c66,,3,clang,22.1.8,llvm-libomp,32,32,on,,/user-environment/env/default/bin/g++,-mcpu=native
suitesparse,com-Youtube,cpu,apxchol_v1,bk+tree[bstr],72,complete,1134890,7110138,0.7485021,1.563581,2.312083,23,6.392014e-09,0.0,0.3252,120.2,610.5,,,,,2b75599748604439c2b51027ab2c6a428fed9c66,,3,clang,22.1.8,llvm-libomp,32,32,off,,,-mcpu=native
suitesparse,com-Youtube,cpu,apxchol_v1,bk+tree[fwd_star],72,complete,1134890,7110138,1.665408,0.2523359,1.917743,23,6.392014e-09,0.0,0.2697,98.4,596.0,,,,,2b75599748604439c2b51027ab2c6a428fed9c66,,3,clang,22.1.8,llvm-libomp,32,32,off,,,-mcpu=native
suitesparse,com-Youtube,cpu,apxchol_v1,bk+tree[vec],72,complete,1134890,7110138,0.902744,1.188016,2.09076,23,6.392014e-09,0.0,0.2941,271.0,596.0,,,,,2b75599748604439c2b51027ab2c6a428fed9c66,,3,clang,22.1.8,llvm-libomp,32,32,off,,,-mcpu=native
suitesparse,com-Youtube,cpu,apxchol_v1,bk+tree[vec_pool],72,complete,1134890,7110138,0.6323032,0.2474481,0.8797513,23,6.392014e-09,0.0,0.1237,36.0,601.2,,,,,2b75599748604439c2b51027ab2c6a428fed9c66,,3,clang,22.1.8,llvm-libomp,32,32,off,,,-mcpu=native
suitesparse,com-Youtube,gpu,apxchol_v1,bk+tree[vec_pool],72,complete,1134890,7110138,0.9715053,0.5450797,1.516585,23,9.871153e-09,0.0,0.2133,216.0,904.8,2480.0,,,,2b75599748604439c2b51027ab2c6a428fed9c66,,3,clang,22.1.8,llvm-libomp,32,32,on,,/user-environment/env/default/bin/g++,-mcpu=native
suitesparse,com-Youtube,cpu,apxchol_v1,greedy+tree[bstr],72,complete,1134890,7110138,0.6633705,1.026614,1.689984,21,3.827991e-09,0.0,0.2377,177.9,596.1,,,,,2b75599748604439c2b51027ab2c6a428fed9c66,,3,clang,22.1.8,llvm-libomp,32,32,off,,,-mcpu=native
suitesparse,com-Youtube,cpu,apxchol_v1,greedy+tree[fwd_star],72,complete,1134890,7110138,1.736837,0.2136635,1.950501,21,3.827991e-09,0.0,0.2743,36.0,596.0,,,,,2b75599748604439c2b51027ab2c6a428fed9c66,,3,clang,22.1.8,llvm-libomp,32,32,off,,,-mcpu=native
suitesparse,com-Youtube,cpu,apxchol_v1,greedy+tree[vec],72,complete,1134890,7110138,0.8297376,0.8167507,1.646488,21,3.827991e-09,0.0,0.2316,198.4,596.0,,,,,2b75599748604439c2b51027ab2c6a428fed9c66,,3,clang,22.1.8,llvm-libomp,32,32,off,,,-mcpu=native
suitesparse,com-Youtube,cpu,apxchol_v1,greedy+tree[vec_pool],72,complete,1134890,7110138,0.3873169,0.1812449,0.5685618,21,4.052208e-09,0.0,0.08,36.0,596.0,,,,,2b75599748604439c2b51027ab2c6a428fed9c66,,3,clang,22.1.8,llvm-libomp,32,32,off,,,-mcpu=native
suitesparse,com-Youtube,gpu,apxchol_v1,greedy+tree[vec_pool],72,complete,1134890,7110138,0.9126421,0.4399903,1.352632,21,7.655839e-09,0.0,0.1902,180.0,856.1,16630.0,,,,2b75599748604439c2b51027ab2c6a428fed9c66,,3,clang,22.1.8,llvm-libomp,32,32,on,,/user-environment/env/default/bin/g++,-mcpu=native
suitesparse,com-Youtube,cpu,hypre_boomeramg,cut,72,complete,1134890,7110138,0.8950903,3.776939,4.67203,110,7.907324e-09,0.0,0.6571,36.0,1559.0,,,,,2b75599748604439c2b51027ab2c6a428fed9c66,,3,clang,22.1.8,llvm-libomp,32,32,off,,,-mcpu=native
suitesparse,com-Youtube,cpu,hypre_boomeramg,,72,timeout,1134890,7110138,,,,,,,,,,,60.0,,wall-clock cap 60s,2b75599748604439c2b51027ab2c6a428fed9c66,,3,clang,22.1.8,llvm-libomp,32,32,off,,,-mcpu=native
suitesparse,com-Youtube,gpu,hypre_boomeramg_gpu,cut,72,complete,1134890,7110138,1.119301,0.02287371,1.142175,22,6.570026e-09,0.0,0.1606,627.1,859.7,10624.0,,,,2b75599748604439c2b51027ab2c6a428fed9c66,,3,clang,22.1.8,llvm-libomp,32,32,on,,/user-environment/env/default/bin/g++,-mcpu=native
suitesparse,com-Youtube,gpu,hypre_boomeramg_gpu,,72,complete,1134890,7110138,1.507557,0.02317508,1.530732,22,6.731729e-09,0.0,0.2153,672.2,904.8,9018.0,,,,2b75599748604439c2b51027ab2c6a428fed9c66,,3,clang,22.1.8,llvm-libomp,32,32,on,,/user-environment/env/default/bin/g++,-mcpu=native
suitesparse,com-Youtube,gpu,parac_graph,,72,complete,1134890,7110138,5.705481114959717,0.886442,6.591923114959717,29,6.1814572e-09,,,,,2010.0,,,,2b75599748604439c2b51027ab2c6a428fed9c66,portable-competitors-20260828-r1,3,gcc,13.3.1+14.3.0+8.3.0,llvm-libomp,,,,,,unknown
suitesparse,com-Youtube,gpu,parac_physics,,72,n/a,,,,,,,,,,,,,,,,2b75599748604439c2b51027ab2c6a428fed9c66,portable-competitors-20260828-r1,3,gcc,13.3.1+14.3.0+8.3.0,llvm-libomp,,,,,,unknown
suitesparse,com-Youtube,cpu,rchol,,72,timeout,,,,,,,,,,,,,60.0,,wall-clock cap 60s,2b75599748604439c2b51027ab2c6a428fed9c66,portable-competitors-20260828-r1,3,clang,22.1.8,llvm-libomp,32,32,off,portable-eigen,,-mcpu=native
suitesparse,com-Youtube,cpu,rchol_par,,72,timeout,,,,,,,,,,,,,60.0,,wall-clock cap 60s,2b75599748604439c2b51027ab2c6a428fed9c66,portable-competitors-20260828-r1,3,clang,22.1.8,llvm-libomp,32,32,off,portable-eigen,,-mcpu=native
suitesparse,ecology1,cpu,ac2,,72,complete,1000000,4996000,2.410606,1.077373,3.487979,25,5.76298e-09,0.0,0.6982,,,,,,,2b75599748604439c2b51027ab2c6a428fed9c66,portable-competitors-20260828-r1,3,julia,1.12.7 (libLLVM 18.1.7),none (pure-julia solver path),,,,,,cpu_target=native (neoverse-v2)
suitesparse,ecology1,cpu,ac,,72,complete,1000000,4996000,1.531617,1.31016,2.841777,41,6.775083e-09,0.0,0.5688,,,,,,,2b75599748604439c2b51027ab2c6a428fed9c66,portable-competitors-20260828-r1,3,julia,1.12.7 (libLLVM 18.1.7),none (pure-julia solver path),,,,,,cpu_target=native (neoverse-v2)
suitesparse,ecology1,cpu,amgcl,,72,complete,1000000,4996000,0.08040695,0.01525224,0.09565919,12,6.012928e-09,0.0,0.0191,36.0,282.2,,,,,2b75599748604439c2b51027ab2c6a428fed9c66,,3,clang,22.1.8,llvm-libomp,32,32,off,,,-mcpu=native
suitesparse,ecology1,gpu,amgcl_cuda,,72,complete,1000000,4996000,1.250431,0.02040648,1.270838,12,6.012928e-09,0.0,0.2544,0.0,627.1,3628.0,,,,2b75599748604439c2b51027ab2c6a428fed9c66,,3,clang,22.1.8,llvm-libomp,32,32,on,,/user-environment/env/default/bin/g++,-mcpu=native
suitesparse,ecology1,cpu,apxchol_v1,bg+tree[bstr],72,complete,1000000,4996000,0.2252167,0.1202106,0.3454273,43,8.479826e-09,0.0,0.0691,163.7,406.6,,,,,2b75599748604439c2b51027ab2c6a428fed9c66,,3,clang,22.1.8,llvm-libomp,32,32,off,,,-mcpu=native
suitesparse,ecology1,cpu,apxchol_v1,bg+tree[fwd_star],72,complete,1000000,4996000,0.09658632,0.04020796,0.1367943,43,8.479826e-09,0.0,0.0274,62.2,426.2,,,,,2b75599748604439c2b51027ab2c6a428fed9c66,,3,clang,22.1.8,llvm-libomp,32,32,off,,,-mcpu=native
suitesparse,ecology1,cpu,apxchol_v1,bg+tree[vec],72,complete,1000000,4996000,0.2407058,0.09545602,0.3361618,43,8.479826e-09,0.0,0.0673,121.6,415.0,,,,,2b75599748604439c2b51027ab2c6a428fed9c66,,3,clang,22.1.8,llvm-libomp,32,32,off,,,-mcpu=native
suitesparse,ecology1,cpu,apxchol_v1,bg+tree[vec_pool],72,complete,1000000,4996000,0.06867284,0.04150571,0.1101786,43,8.479826e-09,0.0,0.0221,36.0,318.3,,,,,2b75599748604439c2b51027ab2c6a428fed9c66,,3,clang,22.1.8,llvm-libomp,32,32,off,,,-mcpu=native
suitesparse,ecology1,cpu,apxchol_v1,bg+tree[vec_pool_aos],72,complete,1000000,4996000,0.05949536,0.04029753,0.09979288,43,8.479826e-09,0.0,0.02,36.0,246.2,,,,,2b75599748604439c2b51027ab2c6a428fed9c66,,3,clang,22.1.8,llvm-libomp,32,32,off,,,-mcpu=native
suitesparse,ecology1,gpu,apxchol_v1,bg+tree[vec_pool_aos],72,complete,1000000,4996000,0.4018623,0.08406893,0.4859312,44,6.986334e-09,0.0,0.0973,216.0,555.1,5942.0,,,,2b75599748604439c2b51027ab2c6a428fed9c66,,3,clang,22.1.8,llvm-libomp,32,32,on,,/user-environment/env/default/bin/g++,-mcpu=native
suitesparse,ecology1,cpu,apxchol_v1,bk+tree[bstr],72,complete,1000000,4996000,0.3031823,0.1338215,0.4370038,44,9.116843e-09,0.0,0.0875,167.8,418.9,,,,,2b75599748604439c2b51027ab2c6a428fed9c66,,3,clang,22.1.8,llvm-libomp,32,32,off,,,-mcpu=native
suitesparse,ecology1,cpu,apxchol_v1,bk+tree[fwd_star],72,complete,1000000,4996000,0.1248337,0.04308509,0.1679188,44,9.116843e-09,0.0,0.0336,119.5,426.3,,,,,2b75599748604439c2b51027ab2c6a428fed9c66,,3,clang,22.1.8,llvm-libomp,32,32,off,,,-mcpu=native
suitesparse,ecology1,cpu,apxchol_v1,bk+tree[vec],72,complete,1000000,4996000,0.3392409,0.1125563,0.4517972,44,9.116843e-09,0.0,0.0904,208.9,413.2,,,,,2b75599748604439c2b51027ab2c6a428fed9c66,,3,clang,22.1.8,llvm-libomp,32,32,off,,,-mcpu=native
suitesparse,ecology1,cpu,apxchol_v1,bk+tree[vec_pool],72,complete,1000000,4996000,0.1749541,0.0431321,0.2180862,44,9.116843e-09,0.0,0.0437,46.3,758.6,,,,,2b75599748604439c2b51027ab2c6a428fed9c66,,3,clang,22.1.8,llvm-libomp,32,32,off,,,-mcpu=native
suitesparse,ecology1,gpu,apxchol_v1,bk+tree[vec_pool],72,complete,1000000,4996000,0.4096607,0.06605844,0.4757192,47,7.389618e-09,0.0,0.0952,324.4,591.1,4894.0,,,,2b75599748604439c2b51027ab2c6a428fed9c66,,3,clang,22.1.8,llvm-libomp,32,32,on,,/user-environment/env/default/bin/g++,-mcpu=native
suitesparse,ecology1,cpu,apxchol_v1,greedy+tree[bstr],72,complete,1000000,4996000,0.2729672,0.104207,0.3771742,43,7.293224e-09,0.0,0.0755,232.3,435.1,,,,,2b75599748604439c2b51027ab2c6a428fed9c66,,3,clang,22.1.8,llvm-libomp,32,32,off,,,-mcpu=native
suitesparse,ecology1,cpu,apxchol_v1,greedy+tree[fwd_star],72,complete,1000000,4996000,0.1240739,0.03826351,0.1623374,43,7.293224e-09,0.0,0.0325,65.8,426.2,,,,,2b75599748604439c2b51027ab2c6a428fed9c66,,3,clang,22.1.8,llvm-libomp,32,32,off,,,-mcpu=native
suitesparse,ecology1,cpu,apxchol_v1,greedy+tree[vec],72,complete,1000000,4996000,0.3070857,0.09093545,0.3980211,43,7.293224e-09,0.0,0.0797,173.6,374.0,,,,,2b75599748604439c2b51027ab2c6a428fed9c66,,3,clang,22.1.8,llvm-libomp,32,32,off,,,-mcpu=native
suitesparse,ecology1,cpu,apxchol_v1,greedy+tree[vec_pool],72,complete,1000000,4996000,0.09120261,0.03988925,0.1310919,43,7.293224e-09,0.0,0.0262,36.0,246.3,,,,,2b75599748604439c2b51027ab2c6a428fed9c66,,3,clang,22.1.8,llvm-libomp,32,32,off,,,-mcpu=native
suitesparse,ecology1,gpu,apxchol_v1,greedy+tree[vec_pool],72,complete,1000000,4996000,0.384745,0.03138363,0.4161286,43,7.964823e-09,0.0,0.0833,216.0,662.9,4730.0,,,,2b75599748604439c2b51027ab2c6a428fed9c66,,3,clang,22.1.8,llvm-libomp,32,32,on,,/user-environment/env/default/bin/g++,-mcpu=native
suitesparse,ecology1,cpu,hypre_boomeramg,cut,72,complete,1000000,4996000,0.3844022,0.06650923,0.4509115,8,1.236975e-09,0.0,0.0903,352.6,1174.1,,,,,2b75599748604439c2b51027ab2c6a428fed9c66,,3,clang,22.1.8,llvm-libomp,32,32,off,,,-mcpu=native
suitesparse,ecology1,cpu,hypre_boomeramg,,72,complete,1000000,4996000,0.4074865,0.06469824,0.4721848,8,1.236975e-09,0.0,0.0945,439.0,1174.2,,,,,2b75599748604439c2b51027ab2c6a428fed9c66,,3,clang,22.1.8,llvm-libomp,32,32,off,,,-mcpu=native
suitesparse,ecology1,gpu,hypre_boomeramg_gpu,cut,72,complete,1000000,4996000,2.015935,0.01360104,2.029536,12,7.455293e-09,0.0,0.4062,697.0,764.9,2896.0,,,,2b75599748604439c2b51027ab2c6a428fed9c66,,3,clang,22.1.8,llvm-libomp,32,32,on,,/user-environment/env/default/bin/g++,-mcpu=native
suitesparse,ecology1,gpu,hypre_boomeramg_gpu,,72,complete,1000000,4996000,2.187577,0.01368862,2.201266,12,8.389327e-09,0.0,0.4406,658.6,764.4,5980.0,,,,2b75599748604439c2b51027ab2c6a428fed9c66,,3,clang,22.1.8,llvm-libomp,32,32,on,,/user-environment/env/default/bin/g++,-mcpu=native
suitesparse,ecology1,gpu,parac_graph,,72,complete,1000000,4996000,1.8242424724884032,0.0961668,1.9204092724884032,63,8.8002712e-09,,,,,1120.0,,,,2b75599748604439c2b51027ab2c6a428fed9c66,portable-competitors-20260828-r1,3,gcc,13.3.1+14.3.0+8.3.0,llvm-libomp,,,,,,unknown
suitesparse,ecology1,gpu,parac_physics,,72,n/a,,,,,,,,,,,,,,,,2b75599748604439c2b51027ab2c6a428fed9c66,portable-competitors-20260828-r1,3,gcc,13.3.1+14.3.0+8.3.0,llvm-libomp,,,,,,unknown
suitesparse,ecology1,cpu,rchol,,72,complete,1000000,4996000,6.532278,6.161139,12.69342,36,8.509229e-09,3.0921,2.5407,1714.1,1714.1,,,,,2b75599748604439c2b51027ab2c6a428fed9c66,portable-competitors-20260828-r1,3,clang,22.1.8,llvm-libomp,32,32,off,portable-eigen,,-mcpu=native
suitesparse,ecology1,cpu,rchol_par,,72,failed,1000000,4996000,,,,,,,,,786.5,,,139,process terminated with SIGSEGV,2b75599748604439c2b51027ab2c6a428fed9c66,portable-competitors-20260828-r1,3,clang,22.1.8,llvm-libomp,32,32,off,portable-eigen,,-mcpu=native
suitesparse,kron_g500-logn16,cpu,ac2,,72,complete,65536,4977678,3.786854,0.5956054,4.382459,8,3.925238e-09,0.0,0.8804,,,,,,,2b75599748604439c2b51027ab2c6a428fed9c66,portable-competitors-20260828-r1,3,julia,1.12.7 (libLLVM 18.1.7),none (pure-julia solver path),,,,,,cpu_target=native (neoverse-v2)
suitesparse,kron_g500-logn16,cpu,ac,,72,complete,65536,4977678,2.895812,0.3680298,3.263842,10,7.870828e-10,0.0,0.6557,,,,,,,2b75599748604439c2b51027ab2c6a428fed9c66,portable-competitors-20260828-r1,3,julia,1.12.7 (libLLVM 18.1.7),none (pure-julia solver path),,,,,,cpu_target=native (neoverse-v2)
suitesparse,kron_g500-logn16,cpu,amgcl,,72,complete,65536,4977678,0.07052973,0.008106588,0.07863632,16,4.57546e-09,0.0,0.0158,203.2,389.0,,,,,2b75599748604439c2b51027ab2c6a428fed9c66,,3,clang,22.1.8,llvm-libomp,32,32,off,,,-mcpu=native
suitesparse,kron_g500-logn16,gpu,amgcl_cuda,,72,complete,65536,4977678,0.3509204,0.007788181,0.3587086,16,4.575455e-09,0.0,0.0721,0.0,735.8,16202.0,,,,2b75599748604439c2b51027ab2c6a428fed9c66,,3,clang,22.1.8,llvm-libomp,32,32,on,,/user-environment/env/default/bin/g++,-mcpu=native
suitesparse,kron_g500-logn16,cpu,apxchol_v1,bg+tree[bstr],72,complete,65536,4977678,0.4403844,0.124855,0.5652394,13,6.549938e-09,0.0,0.1136,33.4,389.0,,,,,2b75599748604439c2b51027ab2c6a428fed9c66,,3,clang,22.1.8,llvm-libomp,32,32,off,,,-mcpu=native
suitesparse,kron_g500-logn16,cpu,apxchol_v1,bg+tree[fwd_star],72,complete,65536,4977678,1.835268,0.07861701,1.913885,13,6.549938e-09,0.0,0.3845,73.4,389.1,,,,,2b75599748604439c2b51027ab2c6a428fed9c66,,3,clang,22.1.8,llvm-libomp,32,32,off,,,-mcpu=native
suitesparse,kron_g500-logn16,cpu,apxchol_v1,bg+tree[vec],72,complete,65536,4977678,0.4357559,0.1137207,0.5494767,13,6.549938e-09,0.0,0.1104,83.5,389.1,,,,,2b75599748604439c2b51027ab2c6a428fed9c66,,3,clang,22.1.8,llvm-libomp,32,32,off,,,-mcpu=native
suitesparse,kron_g500-logn16,cpu,apxchol_v1,bg+tree[vec_pool],72,complete,65536,4977678,0.2562985,0.06118653,0.3174851,15,3.080338e-09,0.0,0.0638,0.0,677.6,,,,,2b75599748604439c2b51027ab2c6a428fed9c66,,3,clang,22.1.8,llvm-libomp,32,32,off,,,-mcpu=native
suitesparse,kron_g500-logn16,cpu,apxchol_v1,bg+tree[vec_pool_aos],72,complete,65536,4977678,0.1590128,0.05508456,0.2140973,14,5.96449e-09,0.0,0.043,0.0,656.5,,,,,2b75599748604439c2b51027ab2c6a428fed9c66,,3,clang,22.1.8,llvm-libomp,32,32,off,,,-mcpu=native
suitesparse,kron_g500-logn16,gpu,apxchol_v1,bg+tree[vec_pool_aos],72,complete,65536,4977678,0.4809699,0.0815022,0.5624721,14,5.962242e-09,0.0,0.113,268.8,1002.6,2978.0,,,,2b75599748604439c2b51027ab2c6a428fed9c66,,3,clang,22.1.8,llvm-libomp,32,32,on,,/user-environment/env/default/bin/g++,-mcpu=native
suitesparse,kron_g500-logn16,cpu,apxchol_v1,bk+tree[bstr],72,complete,65536,4977678,0.5826482,0.1837852,0.7664334,15,2.740168e-09,0.0,0.154,47.4,389.0,,,,,2b75599748604439c2b51027ab2c6a428fed9c66,,3,clang,22.1.8,llvm-libomp,32,32,off,,,-mcpu=native
suitesparse,kron_g500-logn16,cpu,apxchol_v1,bk+tree[fwd_star],72,complete,65536,4977678,1.999978,0.09660505,2.096583,15,2.740168e-09,0.0,0.4212,47.2,389.0,,,,,2b75599748604439c2b51027ab2c6a428fed9c66,,3,clang,22.1.8,llvm-libomp,32,32,off,,,-mcpu=native
suitesparse,kron_g500-logn16,cpu,apxchol_v1,bk+tree[vec],72,complete,65536,4977678,0.5857392,0.1605835,0.7463227,15,2.740168e-09,0.0,0.1499,47.4,389.0,,,,,2b75599748604439c2b51027ab2c6a428fed9c66,,3,clang,22.1.8,llvm-libomp,32,32,off,,,-mcpu=native
suitesparse,kron_g500-logn16,cpu,apxchol_v1,bk+tree[vec_pool],72,complete,65536,4977678,0.5501095,0.09233716,0.6424467,15,2.740168e-09,0.0,0.1291,0.0,389.1,,,,,2b75599748604439c2b51027ab2c6a428fed9c66,,3,clang,22.1.8,llvm-libomp,32,32,off,,,-mcpu=native
suitesparse,kron_g500-logn16,gpu,apxchol_v1,bk+tree[vec_pool],72,complete,65536,4977678,0.8597525,0.172826,1.032578,15,2.738786e-09,0.0,0.2074,294.6,735.6,20166.0,,,,2b75599748604439c2b51027ab2c6a428fed9c66,,3,clang,22.1.8,llvm-libomp,32,32,on,,/user-environment/env/default/bin/g++,-mcpu=native
suitesparse,kron_g500-logn16,cpu,apxchol_v1,greedy+tree[bstr],72,complete,65536,4977678,0.4527598,0.1293378,0.5820976,14,5.434648e-09,0.0,0.1169,83.6,374.6,,,,,2b75599748604439c2b51027ab2c6a428fed9c66,,3,clang,22.1.8,llvm-libomp,32,32,off,,,-mcpu=native
suitesparse,kron_g500-logn16,cpu,apxchol_v1,greedy+tree[fwd_star],72,complete,65536,4977678,1.885717,0.09045853,1.976176,14,5.434648e-09,0.0,0.397,126.9,389.1,,,,,2b75599748604439c2b51027ab2c6a428fed9c66,,3,clang,22.1.8,llvm-libomp,32,32,off,,,-mcpu=native
suitesparse,kron_g500-logn16,cpu,apxchol_v1,greedy+tree[vec],72,complete,65536,4977678,0.450303,0.1152156,0.5655187,14,5.434648e-09,0.0,0.1136,33.2,389.0,,,,,2b75599748604439c2b51027ab2c6a428fed9c66,,3,clang,22.1.8,llvm-libomp,32,32,off,,,-mcpu=native
suitesparse,kron_g500-logn16,cpu,apxchol_v1,greedy+tree[vec_pool],72,complete,65536,4977678,0.2608433,0.05898297,0.3198263,14,8.557614e-09,0.0,0.0643,0.0,389.1,,,,,2b75599748604439c2b51027ab2c6a428fed9c66,,3,clang,22.1.8,llvm-libomp,32,32,off,,,-mcpu=native
suitesparse,kron_g500-logn16,gpu,apxchol_v1,greedy+tree[vec_pool],72,complete,65536,4977678,0.4872725,0.3855999,0.8728723,15,6.759484e-09,0.0,0.1754,216.0,735.8,3800.0,,,,2b75599748604439c2b51027ab2c6a428fed9c66,,3,clang,22.1.8,llvm-libomp,32,32,on,,/user-environment/env/default/bin/g++,-mcpu=native
suitesparse,kron_g500-logn16,cpu,hypre_boomeramg,cut,72,complete,65536,4977678,0.4290693,0.0147856,0.4438549,15,1.46969e-09,0.0,0.0892,0.0,389.1,,,,,2b75599748604439c2b51027ab2c6a428fed9c66,,3,clang,22.1.8,llvm-libomp,32,32,off,,,-mcpu=native
suitesparse,kron_g500-logn16,cpu,hypre_boomeramg,,72,complete,65536,4977678,0.5652592,0.005318763,0.570578,6,9.229285e-09,0.0,0.1146,178.6,389.0,,,,,2b75599748604439c2b51027ab2c6a428fed9c66,,3,clang,22.1.8,llvm-libomp,32,32,off,,,-mcpu=native
suitesparse,kron_g500-logn16,gpu,hypre_boomeramg_gpu,cut,72,complete,65536,4977678,0.6401481,0.004106867,0.644255,8,4.782734e-09,0.0,0.1294,656.3,762.0,29916.0,,,,2b75599748604439c2b51027ab2c6a428fed9c66,,3,clang,22.1.8,llvm-libomp,32,32,on,,/user-environment/env/default/bin/g++,-mcpu=native
suitesparse,kron_g500-logn16,gpu,hypre_boomeramg_gpu,,72,complete,65536,4977678,0.5501069,0.0136071,0.563714,8,4.782734e-09,0.0,0.1132,656.3,761.9,4092.0,,,,2b75599748604439c2b51027ab2c6a428fed9c66,,3,clang,22.1.8,llvm-libomp,32,32,on,,/user-environment/env/default/bin/g++,-mcpu=native
suitesparse,kron_g500-logn16,gpu,parac_graph,,72,not_converged,65536,4967463,11.992158938125609,2.30391,14.29606893812561,300,9386754178.550894,,,,,1538.0,,,true residual 9.39e+09 > 1e-8,2b75599748604439c2b51027ab2c6a428fed9c66,portable-competitors-20260828-r1,3,gcc,13.3.1+14.3.0+8.3.0,llvm-libomp,,,,,,unknown
suitesparse,kron_g500-logn16,gpu,parac_physics,,72,n/a,,,,,,,,,,,,,,,,2b75599748604439c2b51027ab2c6a428fed9c66,portable-competitors-20260828-r1,3,gcc,13.3.1+14.3.0+8.3.0,llvm-libomp,,,,,,unknown
suitesparse,kron_g500-logn16,cpu,rchol,,72,complete,65536,4977678,5.615835,1.29116,6.906995,31,8.321165e-09,2.26,1.3876,717.2,822.6,,,,,2b75599748604439c2b51027ab2c6a428fed9c66,portable-competitors-20260828-r1,3,clang,22.1.8,llvm-libomp,32,32,off,portable-eigen,,-mcpu=native
suitesparse,kron_g500-logn16,cpu,rchol_par,,72,complete,65536,4977678,4.562781,0.7764702,5.339251,26,9.691626e-09,1.7577,1.0726,662.4,824.3,,,,,2b75599748604439c2b51027ab2c6a428fed9c66,portable-competitors-20260828-r1,3,clang,22.1.8,llvm-libomp,32,32,off,portable-eigen,,-mcpu=native
suitesparse,parabolic_fem,cpu,ac2,,72,n/a,525825,3674625,0.0,0.0,0.0,-1,-1.0,0.0,0.0,,,,,,,2b75599748604439c2b51027ab2c6a428fed9c66,portable-competitors-20260828-r1,3,julia,1.12.7 (libLLVM 18.1.7),none (pure-julia solver path),,,,,,cpu_target=native (neoverse-v2)
suitesparse,parabolic_fem,cpu,ac,,72,n/a,525825,3674625,0.0,0.0,0.0,-1,-1.0,0.0,0.0,,,,,,,2b75599748604439c2b51027ab2c6a428fed9c66,portable-competitors-20260828-r1,3,julia,1.12.7 (libLLVM 18.1.7),none (pure-julia solver path),,,,,,cpu_target=native (neoverse-v2)
suitesparse,parabolic_fem,cpu,amgcl,,72,complete,525825,3674625,0.03173265,0.01204418,0.04377683,20,6.521635e-09,0.0,0.0119,155.6,191.6,,,,,2b75599748604439c2b51027ab2c6a428fed9c66,,3,clang,22.1.8,llvm-libomp,32,32,off,,,-mcpu=native
suitesparse,parabolic_fem,gpu,amgcl_cuda,,72,complete,525825,3674625,0.5046569,0.02840447,0.5330613,20,6.521635e-09,0.0,0.1451,0.0,515.9,4322.0,,,,2b75599748604439c2b51027ab2c6a428fed9c66,,3,clang,22.1.8,llvm-libomp,32,32,on,,/user-environment/env/default/bin/g++,-mcpu=native
suitesparse,parabolic_fem,cpu,apxchol_v1,bg+tree[bstr],72,complete,525825,3674625,0.1438304,0.05906185,0.2028923,40,7.44235e-09,0.0,0.0552,299.6,299.6,,,,,2b75599748604439c2b51027ab2c6a428fed9c66,,3,clang,22.1.8,llvm-libomp,32,32,off,,,-mcpu=native
suitesparse,parabolic_fem,cpu,apxchol_v1,bg+tree[fwd_star],72,complete,525825,3674625,0.07283133,0.03045451,0.1032858,40,7.44235e-09,0.0,0.0281,236.8,344.8,,,,,2b75599748604439c2b51027ab2c6a428fed9c66,,3,clang,22.1.8,llvm-libomp,32,32,off,,,-mcpu=native
suitesparse,parabolic_fem,cpu,apxchol_v1,bg+tree[vec],72,complete,525825,3674625,0.1668273,0.05640134,0.2232286,40,7.44235e-09,0.0,0.0607,299.5,299.5,,,,,2b75599748604439c2b51027ab2c6a428fed9c66,,3,clang,22.1.8,llvm-libomp,32,32,off,,,-mcpu=native
suitesparse,parabolic_fem,cpu,apxchol_v1,bg+tree[vec_pool],72,complete,525825,3674625,0.05028039,0.03154049,0.08182088,40,7.44235e-09,0.0,0.0223,186.1,227.5,,,,,2b75599748604439c2b51027ab2c6a428fed9c66,,3,clang,22.1.8,llvm-libomp,32,32,off,,,-mcpu=native
suitesparse,parabolic_fem,cpu,apxchol_v1,bg+tree[vec_pool_aos],72,complete,525825,3674625,0.04573038,0.02883264,0.07456301,40,7.44235e-09,0.0,0.0203,140.0,227.5,,,,,2b75599748604439c2b51027ab2c6a428fed9c66,,3,clang,22.1.8,llvm-libomp,32,32,off,,,-mcpu=native
suitesparse,parabolic_fem,gpu,apxchol_v1,bg+tree[vec_pool_aos],72,complete,525825,3674625,0.3262113,0.1222464,0.4484576,40,7.492155e-09,0.0,0.122,307.6,434.0,5312.0,,,,2b75599748604439c2b51027ab2c6a428fed9c66,,3,clang,22.1.8,llvm-libomp,32,32,on,,/user-environment/env/default/bin/g++,-mcpu=native
suitesparse,parabolic_fem,cpu,apxchol_v1,bk+tree[bstr],72,complete,525825,3674625,0.1888446,0.08206196,0.2709066,37,9.529346e-09,0.0,0.0737,299.5,299.5,,,,,2b75599748604439c2b51027ab2c6a428fed9c66,,3,clang,22.1.8,llvm-libomp,32,32,off,,,-mcpu=native
suitesparse,parabolic_fem,cpu,apxchol_v1,bk+tree[fwd_star],72,complete,525825,3674625,0.08143807,0.03755785,0.1189959,37,9.529346e-09,0.0,0.0324,292.8,328.8,,,,,2b75599748604439c2b51027ab2c6a428fed9c66,,3,clang,22.1.8,llvm-libomp,32,32,off,,,-mcpu=native
suitesparse,parabolic_fem,cpu,apxchol_v1,bk+tree[vec],72,complete,525825,3674625,0.2229914,0.06917351,0.2921649,37,9.529346e-09,0.0,0.0795,258.8,299.5,,,,,2b75599748604439c2b51027ab2c6a428fed9c66,,3,clang,22.1.8,llvm-libomp,32,32,off,,,-mcpu=native
suitesparse,parabolic_fem,cpu,apxchol_v1,bk+tree[vec_pool],72,complete,525825,3674625,0.06434739,0.03330444,0.09765183,37,9.529346e-09,0.0,0.0266,227.2,227.6,,,,,2b75599748604439c2b51027ab2c6a428fed9c66,,3,clang,22.1.8,llvm-libomp,32,32,off,,,-mcpu=native
suitesparse,parabolic_fem,gpu,apxchol_v1,bk+tree[vec_pool],72,complete,525825,3674625,0.3606809,0.1477973,0.5084782,38,7.489391e-09,0.0,0.1384,505.8,515.9,5972.0,,,,2b75599748604439c2b51027ab2c6a428fed9c66,,3,clang,22.1.8,llvm-libomp,32,32,on,,/user-environment/env/default/bin/g++,-mcpu=native
suitesparse,parabolic_fem,cpu,apxchol_v1,greedy+tree[bstr],72,complete,525825,3674625,0.1837993,0.07426385,0.2580632,38,8.401704e-09,0.0,0.0702,299.6,299.6,,,,,2b75599748604439c2b51027ab2c6a428fed9c66,,3,clang,22.1.8,llvm-libomp,32,32,off,,,-mcpu=native
suitesparse,parabolic_fem,cpu,apxchol_v1,greedy+tree[fwd_star],72,complete,525825,3674625,0.08620163,0.03328656,0.1194882,38,8.401704e-09,0.0,0.0325,243.2,351.2,,,,,2b75599748604439c2b51027ab2c6a428fed9c66,,3,clang,22.1.8,llvm-libomp,32,32,off,,,-mcpu=native
suitesparse,parabolic_fem,cpu,apxchol_v1,greedy+tree[vec],72,complete,525825,3674625,0.2074276,0.06342898,0.2708566,38,8.401704e-09,0.0,0.0737,299.5,299.5,,,,,2b75599748604439c2b51027ab2c6a428fed9c66,,3,clang,22.1.8,llvm-libomp,32,32,off,,,-mcpu=native
suitesparse,parabolic_fem,cpu,apxchol_v1,greedy+tree[vec_pool],72,complete,525825,3674625,0.05844283,0.03383553,0.09227836,38,8.401704e-09,0.0,0.0251,178.3,240.6,,,,,2b75599748604439c2b51027ab2c6a428fed9c66,,3,clang,22.1.8,llvm-libomp,32,32,off,,,-mcpu=native
suitesparse,parabolic_fem,gpu,apxchol_v1,greedy+tree[vec_pool],72,complete,525825,3674625,0.3454608,0.04875772,0.3942185,39,6.469727e-09,0.0,0.1073,422.8,515.9,4036.0,,,,2b75599748604439c2b51027ab2c6a428fed9c66,,3,clang,22.1.8,llvm-libomp,32,32,on,,/user-environment/env/default/bin/g++,-mcpu=native
suitesparse,parabolic_fem,cpu,hypre_boomeramg,cut,72,complete,525825,3674625,0.2559219,0.06080147,0.3167233,8,3.052891e-09,0.0,0.0862,36.0,443.6,,,,,2b75599748604439c2b51027ab2c6a428fed9c66,,3,clang,22.1.8,llvm-libomp,32,32,off,,,-mcpu=native
suitesparse,parabolic_fem,cpu,hypre_boomeramg,,72,complete,525825,3674625,0.2576988,0.06634035,0.3240392,8,3.052891e-09,0.0,0.0882,36.0,443.5,,,,,2b75599748604439c2b51027ab2c6a428fed9c66,,3,clang,22.1.8,llvm-libomp,32,32,off,,,-mcpu=native
suitesparse,parabolic_fem,gpu,hypre_boomeramg_gpu,cut,72,complete,525825,3674625,0.704415,0.01146824,0.7158832,12,6.178296e-09,0.0,0.1948,585.8,659.9,6056.0,,,,2b75599748604439c2b51027ab2c6a428fed9c66,,3,clang,22.1.8,llvm-libomp,32,32,on,,/user-environment/env/default/bin/g++,-mcpu=native
suitesparse,parabolic_fem,gpu,hypre_boomeramg_gpu,,72,complete,525825,3674625,0.8973741,0.01896004,0.9163342,12,6.487315e-09,0.0,0.2494,551.9,659.9,4228.0,,,,2b75599748604439c2b51027ab2c6a428fed9c66,,3,clang,22.1.8,llvm-libomp,32,32,on,,/user-environment/env/default/bin/g++,-mcpu=native
suitesparse,parabolic_fem,gpu,parac_graph,,72,n/a,,,,,,,,,,,,,,,,2b75599748604439c2b51027ab2c6a428fed9c66,portable-competitors-20260828-r1,3,gcc,13.3.1+14.3.0+8.3.0,llvm-libomp,,,,,,unknown
suitesparse,parabolic_fem,gpu,parac_physics,,72,complete,525826,4726276,1.5399010395812986,0.0688064,1.6087074395812986,56,7.2185749e-09,,,,,966.0,,,,2b75599748604439c2b51027ab2c6a428fed9c66,portable-competitors-20260828-r1,3,gcc,13.3.1+14.3.0+8.3.0,llvm-libomp,,,,,,unknown
suitesparse,parabolic_fem,cpu,rchol,,72,complete,525825,3674625,6.201374,4.20859,10.40996,46,9.125982e-09,2.1385,2.8329,1023.0,1023.0,,,,,2b75599748604439c2b51027ab2c6a428fed9c66,portable-competitors-20260828-r1,3,clang,22.1.8,llvm-libomp,32,32,off,portable-eigen,,-mcpu=native
suitesparse,parabolic_fem,cpu,rchol_par,,72,complete,525825,3674625,2.081804,2.086456,4.16826,49,9.490866e-09,2.2335,1.1343,609.5,836.5,,,,,2b75599748604439c2b51027ab2c6a428fed9c66,portable-competitors-20260828-r1,3,clang,22.1.8,llvm-libomp,32,32,off,portable-eigen,,-mcpu=native
suitesparse,thermal2,cpu,ac2,,72,n/a,1228045,8580313,0.0,0.0,0.0,-1,-1.0,0.0,0.0,,,,,,,2b75599748604439c2b51027ab2c6a428fed9c66,portable-competitors-20260828-r1,3,julia,1.12.7 (libLLVM 18.1.7),none (pure-julia solver path),,,,,,cpu_target=native (neoverse-v2)
suitesparse,thermal2,cpu,ac,,72,n/a,1228045,8580313,0.0,0.0,0.0,-1,-1.0,0.0,0.0,,,,,,,2b75599748604439c2b51027ab2c6a428fed9c66,portable-competitors-20260828-r1,3,julia,1.12.7 (libLLVM 18.1.7),none (pure-julia solver path),,,,,,cpu_target=native (neoverse-v2)
suitesparse,thermal2,cpu,amgcl,,72,complete,1228045,8580313,0.1363026,0.04542799,0.1817306,20,5.647838e-09,0.0,0.0212,3.1,468.0,,,,,2b75599748604439c2b51027ab2c6a428fed9c66,,3,clang,22.1.8,llvm-libomp,32,32,off,,,-mcpu=native
suitesparse,thermal2,gpu,amgcl_cuda,,72,complete,1228045,8580313,0.7006246,0.02204514,0.7226697,20,5.647838e-09,0.0,0.0842,0.0,792.0,16932.0,,,,2b75599748604439c2b51027ab2c6a428fed9c66,,3,clang,22.1.8,llvm-libomp,32,32,on,,/user-environment/env/default/bin/g++,-mcpu=native
suitesparse,thermal2,cpu,apxchol_v1,bg+tree[bstr],72,complete,1228045,8580313,0.6389948,0.1971396,0.8361344,38,8.426622e-09,0.0,0.0974,3.1,612.9,,,,,2b75599748604439c2b51027ab2c6a428fed9c66,,3,clang,22.1.8,llvm-libomp,32,32,off,,,-mcpu=native
suitesparse,thermal2,cpu,apxchol_v1,bg+tree[fwd_star],72,complete,1228045,8580313,0.2037071,0.08116638,0.2848735,38,8.426622e-09,0.0,0.0332,3.1,749.4,,,,,2b75599748604439c2b51027ab2c6a428fed9c66,,3,clang,22.1.8,llvm-libomp,32,32,off,,,-mcpu=native
suitesparse,thermal2,cpu,apxchol_v1,bg+tree[vec],72,complete,1228045,8580313,0.6294776,0.1551799,0.7846575,38,8.426622e-09,0.0,0.0914,192.4,622.8,,,,,2b75599748604439c2b51027ab2c6a428fed9c66,,3,clang,22.1.8,llvm-libomp,32,32,off,,,-mcpu=native
suitesparse,thermal2,cpu,apxchol_v1,bg+tree[vec_pool],72,complete,1228045,8580313,0.1206891,0.07823929,0.1989284,38,8.426622e-09,0.0,0.0232,3.1,504.9,,,,,2b75599748604439c2b51027ab2c6a428fed9c66,,3,clang,22.1.8,llvm-libomp,32,32,off,,,-mcpu=native
suitesparse,thermal2,cpu,apxchol_v1,bg+tree[vec_pool_aos],72,complete,1228045,8580313,0.1805365,0.07949733,0.2600338,38,8.426622e-09,0.0,0.0303,3.1,913.3,,,,,2b75599748604439c2b51027ab2c6a428fed9c66,,3,clang,22.1.8,llvm-libomp,32,32,off,,,-mcpu=native
suitesparse,thermal2,gpu,apxchol_v1,bg+tree[vec_pool_aos],72,complete,1228045,8580313,0.4935754,0.1036878,0.5972632,38,8.431094e-09,0.0,0.0696,279.9,1228.5,37042.0,,,,2b75599748604439c2b51027ab2c6a428fed9c66,,3,clang,22.1.8,llvm-libomp,32,32,on,,/user-environment/env/default/bin/g++,-mcpu=native
suitesparse,thermal2,cpu,apxchol_v1,bk+tree[bstr],72,complete,1228045,8580313,0.6955948,0.2249209,0.9205157,39,7.475186e-09,0.0,0.1073,23.8,612.9,,,,,2b75599748604439c2b51027ab2c6a428fed9c66,,3,clang,22.1.8,llvm-libomp,32,32,off,,,-mcpu=native
suitesparse,thermal2,cpu,apxchol_v1,bk+tree[fwd_star],72,complete,1228045,8580313,0.2405788,0.08217234,0.3227511,39,7.475186e-09,0.0,0.0376,3.1,745.9,,,,,2b75599748604439c2b51027ab2c6a428fed9c66,,3,clang,22.1.8,llvm-libomp,32,32,off,,,-mcpu=native
suitesparse,thermal2,cpu,apxchol_v1,bk+tree[vec],72,complete,1228045,8580313,0.6595274,0.1755885,0.8351159,39,7.475186e-09,0.0,0.0973,169.9,612.9,,,,,2b75599748604439c2b51027ab2c6a428fed9c66,,3,clang,22.1.8,llvm-libomp,32,32,off,,,-mcpu=native
suitesparse,thermal2,cpu,apxchol_v1,bk+tree[vec_pool],72,complete,1228045,8580313,0.1536762,0.08444229,0.2381185,39,7.475186e-09,0.0,0.0278,3.1,504.9,,,,,2b75599748604439c2b51027ab2c6a428fed9c66,,3,clang,22.1.8,llvm-libomp,32,32,off,,,-mcpu=native
suitesparse,thermal2,gpu,apxchol_v1,bk+tree[vec_pool],72,complete,1228045,8580313,0.4522517,0.3470874,0.7993391,39,9.120316e-09,0.0,0.0932,214.5,824.4,19132.0,,,,2b75599748604439c2b51027ab2c6a428fed9c66,,3,clang,22.1.8,llvm-libomp,32,32,on,,/user-environment/env/default/bin/g++,-mcpu=native
suitesparse,thermal2,cpu,apxchol_v1,greedy+tree[bstr],72,complete,1228045,8580313,0.6667472,0.1926537,0.8594009,39,6.453995e-09,0.0,0.1002,3.1,612.9,,,,,2b75599748604439c2b51027ab2c6a428fed9c66,,3,clang,22.1.8,llvm-libomp,32,32,off,,,-mcpu=native
suitesparse,thermal2,cpu,apxchol_v1,greedy+tree[fwd_star],72,complete,1228045,8580313,0.2238087,0.08038604,0.3041948,39,6.453995e-09,0.0,0.0355,3.1,710.3,,,,,2b75599748604439c2b51027ab2c6a428fed9c66,,3,clang,22.1.8,llvm-libomp,32,32,off,,,-mcpu=native
suitesparse,thermal2,cpu,apxchol_v1,greedy+tree[vec],72,complete,1228045,8580313,0.6821123,0.1662971,0.8484094,39,6.453995e-09,0.0,0.0989,3.1,612.9,,,,,2b75599748604439c2b51027ab2c6a428fed9c66,,3,clang,22.1.8,llvm-libomp,32,32,off,,,-mcpu=native
suitesparse,thermal2,cpu,apxchol_v1,greedy+tree[vec_pool],72,complete,1228045,8580313,0.1381524,0.08000305,0.2181555,39,6.453995e-09,0.0,0.0254,3.1,504.9,,,,,2b75599748604439c2b51027ab2c6a428fed9c66,,3,clang,22.1.8,llvm-libomp,32,32,off,,,-mcpu=native
suitesparse,thermal2,gpu,apxchol_v1,greedy+tree[vec_pool],72,complete,1228045,8580313,0.4245361,0.3809372,0.8054733,39,9.011511e-09,0.0,0.0939,193.8,792.0,31086.0,,,,2b75599748604439c2b51027ab2c6a428fed9c66,,3,clang,22.1.8,llvm-libomp,32,32,on,,/user-environment/env/default/bin/g++,-mcpu=native
suitesparse,thermal2,cpu,hypre_boomeramg,cut,72,complete,1228045,8580313,0.7548545,0.09052117,0.8453757,10,2.245046e-09,0.0,0.0985,202.8,1470.9,,,,,2b75599748604439c2b51027ab2c6a428fed9c66,,3,clang,22.1.8,llvm-libomp,32,32,off,,,-mcpu=native
suitesparse,thermal2,cpu,hypre_boomeramg,,72,complete,1228045,8580313,0.7098905,0.1035451,0.8134356,10,2.245046e-09,0.0,0.0948,192.7,1116.9,,,,,2b75599748604439c2b51027ab2c6a428fed9c66,,3,clang,22.1.8,llvm-libomp,32,32,off,,,-mcpu=native
suitesparse,thermal2,gpu,hypre_boomeramg_gpu,cut,72,complete,1228045,8580313,0.7981442,0.01769204,0.8158363,13,8.303588e-09,0.0,0.0951,916.0,1051.4,16056.0,,,,2b75599748604439c2b51027ab2c6a428fed9c66,,3,clang,22.1.8,llvm-libomp,32,32,on,,/user-environment/env/default/bin/g++,-mcpu=native
suitesparse,thermal2,gpu,hypre_boomeramg_gpu,,72,complete,1228045,8580313,0.9457881,0.01596035,0.9617484,13,7.814099e-09,0.0,0.1121,872.4,1007.9,2728.0,,,,2b75599748604439c2b51027ab2c6a428fed9c66,,3,clang,22.1.8,llvm-libomp,32,32,on,,/user-environment/env/default/bin/g++,-mcpu=native
suitesparse,thermal2,gpu,parac_graph,,72,n/a,,,,,,,,,,,,,,,,2b75599748604439c2b51027ab2c6a428fed9c66,portable-competitors-20260828-r1,3,gcc,13.3.1+14.3.0+8.3.0,llvm-libomp,,,,,,unknown
suitesparse,thermal2,gpu,parac_physics,,72,not_converged,1228046,9599448,2.5381781804779053,0.475341,3.013519180477905,300,0.7473526269908984,,,,,1320.0,,,true residual 0.747 > 1e-8,2b75599748604439c2b51027ab2c6a428fed9c66,portable-competitors-20260828-r1,3,gcc,13.3.1+14.3.0+8.3.0,llvm-libomp,,,,,,unknown
suitesparse,thermal2,cpu,rchol,,72,failed,1228045,8580313,,,,,,,,,1970.8,,,134,portable PCG rejected an invalid factor diagonal,2b75599748604439c2b51027ab2c6a428fed9c66,portable-competitors-20260828-r1,3,clang,22.1.8,llvm-libomp,32,32,off,portable-eigen,,-mcpu=native
suitesparse,thermal2,cpu,rchol_par,,72,failed,1228045,8580313,,,,,,,,,1327.1,,,0,portable PCG rejected an invalid factor diagonal,2b75599748604439c2b51027ab2c6a428fed9c66,portable-competitors-20260828-r1,3,clang,22.1.8,llvm-libomp,32,32,off,portable-eigen,,-mcpu=native
