family,matrix,series,fill,fill_method,rounding_error_bound,source_solve_status,factor_offdiag,factor_log_sha256,source_cell,source_cell_sha256
grids,grid_500,apxchol_gpu_q02,2.2061382765531063,reported_offdiagonal_stored_factor_ratio,,complete,,,results/astra-review-20260905/parac-headline-publication-20260909/final27/cells/grids/0168c6c5d756bed931dd.json,1cdac103cef66e1629d46c1e7d776966263da64bd7466b51132426f24379a924
grids,grid_4000,parac_graph_cpu,2.5445062828207052,exact_trimmed_factor_offdiagonal_counts,,complete,81403845,2b840668c0948cfb208ce2d5a2dd301a7fb04300b802899395f86d4f83d45070,results/astra-review-20260905/parac-headline-publication-20260909/final27/cells/grids/01fac98fed02e0fdf868.json,be7bb7f49034c0ac59622413867b24440d713ab97d557e0168804f879cf068be
grids,grid_5000,apxchol_gpu_q08,2.2234551710342068,reported_offdiagonal_stored_factor_ratio,,complete,,,results/astra-review-20260905/parac-headline-publication-20260909/final27/cells/grids/043fc91c3fed47e03912.json,1d59448912f33249acf9069395c5c299b28b85e73005bffcfe9481b4f83428e7
grids,grid_2000,apxchol_gpu_q02,2.2145426463231614,reported_offdiagonal_stored_factor_ratio,,complete,,,results/astra-review-20260905/parac-headline-publication-20260909/final27/cells/grids/091bc8a607cdc1429c08.json,c773adb7c2d05feaa75494f802485837dfcda9412df4cbad40984edece060cdc
grids,grid3d_250,apxchol_gpu_q02,2.9925569585006695,reported_offdiagonal_stored_factor_ratio,,complete,,,results/astra-review-20260905/parac-headline-publication-20260909/final27/cells/grids/09fa5f1026b42cfea302.json,5776c47ef4d5f199d0a249bceb36ae7429465b07a0b4ab49636b80d8549460eb
grids,grid_2000,apxchol_cpu_gks,2.234186968484242,reported_offdiagonal_stored_factor_ratio,,complete,,,results/astra-review-20260905/parac-headline-publication-20260909/final27/cells/grids/0f8f46420cb0c35b982f.json,0e1cb8a64de611787bb703f3656c976be37503dab443301941f15c245dd90dae
grids,grid_5000,rchol_par,4.347468913782756,rounded_native_ratio_diagonal_corrected,6.250250050010002e-05,complete,,,results/astra-review-20260905/parac-headline-publication-20260909/final27/cells/grids/1011a3410bde032f16eb.json,632710735d00a3760a6e9e4e2c05d4a358c2e4e8572da78c3796b7d8a7b3b9ae
grids,grid_2000,parac_graph_gpu,2.544929464732366,exact_trimmed_factor_offdiagonal_counts,,complete,20349256,33e17151f56f8551372d0f5af3e79857c538ca2b43b5f454c2d4b16caf7d4881,results/astra-review-20260905/parac-headline-publication-20260909/final27/cells/grids/12a93a16d56d7f3b4bac.json,ac8474cfa2a516a83ec09c9eed28c54d8be13b56b2651220a746010b4c5f89c5
grids,grid_4000,rchol,3.3804440360090022,rounded_native_ratio_diagonal_corrected,6.250312578144537e-05,complete,,,results/astra-review-20260905/parac-headline-publication-20260909/final27/cells/grids/14faba6824607c3986ec.json,192aee872f6c752e0c841262f4c47b48a1cb957034c08137cb20e5fb7c775d7a
grids,grid_500,ac,,missing_factor_measurement,,complete,,,results/astra-review-20260905/parac-headline-publication-20260909/final27/cells/grids/1b0b16d40179e289ebf3.json,d917b6f1f7245381acabc7a2344b408878a31511237879f2b406ac474928567b
grids,grid3d_150,parac_physics_gpu,3.5523897588864033,exact_trimmed_factor_offdiagonal_counts,,complete,35728160,7fef153e7a550d3ee6f8bc4c642190ad2ac203412ce990b06841c52155dbc3d2,results/astra-review-20260905/parac-headline-publication-20260909/final27/cells/grids/1e3a98ace4de6f57deeb.json,fb9ff47df3c1e4e45f0188fcff8dcc911d04b96d6c83851f7b92123cb2f244e7
grids,grid3d_150,apxchol_gpu_q08,2.9779796172010937,reported_offdiagonal_stored_factor_ratio,,complete,,,results/astra-review-20260905/parac-headline-publication-20260909/final27/cells/grids/1e76f062785118f62163.json,f972649d42fd4509a6779b8aea759f6138c44d2f31d15ed3b90a797f2d7471f5
grids,grid_500,parac_graph_gpu,2.534635270541082,exact_trimmed_factor_offdiagonal_counts,,complete,1264783,91a7b65a5bdc2b53ea0ddf6d1207e02dbd7bc614f08e5712d993548a053c578c,results/astra-review-20260905/parac-headline-publication-20260909/final27/cells/grids/1ef1c4941b2e16675771.json,ac337fbed75b2d6b57499965d4e542f31a98af2d0637d3b57a6e31fd635d598d
grids,grid_2000,rchol,3.3692619809904953,rounded_native_ratio_diagonal_corrected,6.250625312656328e-05,complete,,,results/astra-review-20260905/parac-headline-publication-20260909/final27/cells/grids/1efd21b15ba01f389fd8.json,c98deb53108b0e10785c1b719caac963027705f58d36384af5b0c9e63cd4a2d3
grids,grid_4000,apxchol_cpu_gks,2.2359342023005753,reported_offdiagonal_stored_factor_ratio,,complete,,,results/astra-review-20260905/parac-headline-publication-20260909/final27/cells/grids/220fb2f487e74e7ff49b.json,523ad1ecee9102b86568199cd7a817dd6b39843c7697348f7446e3963789e459
grids,grid_4000,apxchol_cpu_trace,2.866685015003751,reported_offdiagonal_stored_factor_ratio,,complete,,,results/astra-review-20260905/parac-headline-publication-20260909/final27/cells/grids/2343e316865142633917.json,88b969cb1ac11aa6eee2dd33de8a525b18c456e6a9a918cc41636c4c39f7bc76
grids,grid_5000,rchol,3.4024311062212442,rounded_native_ratio_diagonal_corrected,6.250250050010002e-05,complete,,,results/astra-review-20260905/parac-headline-publication-20260909/final27/cells/grids/241c85c1db8876dd4c7d.json,a54f1b0ad8f0e951d6108da7049a7211971d6201cf207fbaf705d5af2336c73e
grids,grid3d_150,ac,,missing_factor_measurement,,complete,,,results/astra-review-20260905/parac-headline-publication-20260909/final27/cells/grids/24d86892fbda597faebf.json,6475e1c4bd48001274a74b6b3f0cba2bccd55d0fb5a1c8e5595dc18bd745df32
grids,grid3d_250,parac_graph_gpu,3.5897768781793844,exact_trimmed_factor_offdiagonal_counts,,complete,167597708,d701c3dbdc1e4fdddcc169e15093db9dec9711fa0f1979c18dd066d49c89a677,results/astra-review-20260905/parac-headline-publication-20260909/final27/cells/grids/266d25a401cf8d3997e3.json,239c869d0f67a779d0a6fdd14ff41b7ebb629afb8e0ee20c662ce53eee56f465
grids,grid_5000,ac2,,missing_factor_measurement,,complete,,,results/astra-review-20260905/parac-headline-publication-20260909/final27/cells/grids/27bd2b7523ca606778d8.json,310c14eddd7cd05dfc24dd91004b1bfe3dc83b985a9361dcc5ee82764991e8b4
grids,grid_3000,apxchol_cpu_gks,2.2353963543403355,reported_offdiagonal_stored_factor_ratio,,complete,,,results/astra-review-20260905/parac-headline-publication-20260909/final27/cells/grids/28a63737a6fc8ba46b2e.json,10642ba461819093b8e4f89e22289d0981d4e23cd34d49b5892dc1493c655ea3
grids,grid_5000,apxchol_cpu_gks,2.23616475295059,reported_offdiagonal_stored_factor_ratio,,complete,,,results/astra-review-20260905/parac-headline-publication-20260909/final27/cells/grids/29c61bed96c3d262160a.json,c9d3e279410ea67277956b4755a1a3d787837e253af15f48e3cd4e4c20bcd6ba
grids,grid_500,apxchol_gpu_q08,2.214695390781563,reported_offdiagonal_stored_factor_ratio,,complete,,,results/astra-review-20260905/parac-headline-publication-20260909/final27/cells/grids/2a04bdfd200038b06673.json,a718dc87e4aaac7729069fe4e700dc787e267e1766115314f8700a9539f72d1d
grids,grid_1000,parac_graph_gpu,2.5428218218218217,exact_trimmed_factor_offdiagonal_counts,,complete,5080558,dcdcc016e93e9589bb9b3b8bd2fb8e7e62d78ad87420b1217bf668caef393019,results/astra-review-20260905/parac-headline-publication-20260909/final27/cells/grids/2a333512c3a5b652e68e.json,8ed50a7955cb0bd2dd86b729047d1c058689102797c65bb550cce0257a5aef7a
grids,grid_3000,ac,,missing_factor_measurement,,complete,,,results/astra-review-20260905/parac-headline-publication-20260909/final27/cells/grids/2ad36f71a78bf03d1d92.json,e2ae200b8db9364c86154185ccb737e735c25dcbf4938c8eeea702ca1ce74c46
grids,grid3d_100,parac_physics_gpu,3.513122558922559,exact_trimmed_factor_offdiagonal_counts,,complete,10433974,5ecde6c524c77fd42431ca31e0e99c563f4a3434d06da9860d52252c13c9d70f,results/astra-review-20260905/parac-headline-publication-20260909/final27/cells/grids/2cfbc297e2c852bbf96a.json,a41130dfd1855553f1645a4b0ed0e07790804b38f722643cb36f4ea27fd11672
grids,grid_4000,apxchol_gpu_q08,2.2231859527381848,reported_offdiagonal_stored_factor_ratio,,complete,,,results/astra-review-20260905/parac-headline-publication-20260909/final27/cells/grids/35a8473ecc7b6e78dc88.json,3e8cc1193601dc50fc79183770bf093420ca17d9e6dbaab857a9e8c21a4e57fb
grids,grid_2000,parac_physics_gpu,2.544558404202101,exact_trimmed_factor_offdiagonal_counts,,complete,20346289,9d14ee0ad0fd459a0990959965f4c205491ccd23df52c66e65fae0c20d05bb06,results/astra-review-20260905/parac-headline-publication-20260909/final27/cells/grids/3a67a374114d5493c709.json,c494b8c0f50e0666b3f55c69a3097c7b300786d386c4f90a38296c3679824512
grids,grid3d_150,parac_graph_cpu,4.527355605269699,exact_trimmed_factor_offdiagonal_counts,,complete,45533879,fbc98689ae4a80ffb89eb36ad308083a9df871b59b0a269effef98ff9b0f1a7b,results/astra-review-20260905/parac-headline-publication-20260909/final27/cells/grids/3bc5b3455652d4c9fa5b.json,5b79d0e71aef50cfd342bf6dca17916556d7b2b15c642cad236bfa6748ac6e74
grids,grid_1000,apxchol_cpu_gks,2.2316036036036038,reported_offdiagonal_stored_factor_ratio,,complete,,,results/astra-review-20260905/parac-headline-publication-20260909/final27/cells/grids/40db52e1fd5d150d23db.json,9b109b30b69d13e5cb77c636a4190fc790d4da3fe551ba1e7dd262de36a8d574
grids,grid_500,ac2,,missing_factor_measurement,,complete,,,results/astra-review-20260905/parac-headline-publication-20260909/final27/cells/grids/4113b655bbcce8f461d1.json,49de1411035808c704e9478a16e4dc455714f70d8de1049babb5e6135161a9de
grids,grid3d_100,parac_graph_cpu,4.220135353535354,exact_trimmed_factor_offdiagonal_counts,,complete,12533802,985e7def41735b61889b2ee290e71a35197a6ca266e6acd1e22313260aec1497,results/astra-review-20260905/parac-headline-publication-20260909/final27/cells/grids/43086123a7414b165ac2.json,26ed4abf6a010b371737cb1145e90513cff2ebcb9639be2d9d95b16daa54420c
grids,grid3d_150,parac_graph_gpu,3.5537736017897092,exact_trimmed_factor_offdiagonal_counts,,complete,35742078,bbf9c50abbfc40ce9594c69a7d7cf17daf89f549190a468406fe183cbbf0f2b6,results/astra-review-20260905/parac-headline-publication-20260909/final27/cells/grids/43146e5e1fdbb00ae3f3.json,1a5735ccd3901ed9c62371da7afa2a0b4f2e57a4d2f4ceb28f50db415d6b96ae
grids,grid3d_250,ac2,,missing_factor_measurement,,complete,,,results/astra-review-20260905/parac-headline-publication-20260909/final27/cells/grids/475407e5599281f237af.json,e391989d55c3f7384f8e046dda4ad36b15db928a025110dfb27475a070404ec5
grids,grid_1000,parac_physics_gpu,2.5439814814814814,exact_trimmed_factor_offdiagonal_counts,,complete,5082875,468112a8e980c1df38dcad1cb9d6f38e6dbd3975ae026c0554a2b962a77b4d0f,results/astra-review-20260905/parac-headline-publication-20260909/final27/cells/grids/4806409f9c69b9f6619b.json,945e2533e6c3102187951e086217b95e8ef2eead511100ef56a564a0b3eb7799
grids,grid3d_250,rchol,5.980732530120482,rounded_native_ratio_diagonal_corrected,5.8366800535475234e-05,complete,,,results/astra-review-20260905/parac-headline-publication-20260909/final27/cells/grids/492d6a310065d9453c05.json,105c823c3b352468bd78cc5b8b8ae3256258b6d341d3ad870524b47507936fb9
grids,grid_3000,parac_physics_cpu,2.5407369678781815,exact_trimmed_factor_offdiagonal_counts,,complete,45718021,7c5bd8455020c73e626352cc3985e9c3e69233681023060edfcd6f44fe851189,results/astra-review-20260905/parac-headline-publication-20260909/final27/cells/grids/523cb2c43085997db3ce.json,c018bbda4005feb6868b21b7e615ab37d350b90e599dfb8888deea3795f4dc68
grids,grid3d_100,rchol,5.203499326599327,rounded_native_ratio_diagonal_corrected,5.841750841750842e-05,complete,,,results/astra-review-20260905/parac-headline-publication-20260909/final27/cells/grids/52bdd3b16c7ae7f86823.json,1f5d690ca832943fedba27895c976c762a9b6742e97e709aa8f55ea830ccb09f
grids,grid3d_200,ac,,missing_factor_measurement,,complete,,,results/astra-review-20260905/parac-headline-publication-20260909/final27/cells/grids/54e4772f83729d506508.json,6a519a6beb6eb3487f2fd835f9e79a355ef9dec547cb58d337ad63ca5b0975b1
grids,grid3d_150,rchol,5.578561073825504,rounded_native_ratio_diagonal_corrected,5.8389261744966446e-05,complete,,,results/astra-review-20260905/parac-headline-publication-20260909/final27/cells/grids/556363d9cb2e31e29e92.json,a2cf533813079b27dd6240c4f7ddaafaa4bbda6130d48dafd6164aba0421adaf
grids,grid3d_200,rchol_par,8.735098157453937,rounded_native_ratio_diagonal_corrected,5.837520938023451e-05,complete,,,results/astra-review-20260905/parac-headline-publication-20260909/final27/cells/grids/5c170385171b92767d40.json,2c0adebc9a8623ad489e25baff463b2bda29c85a1b0d3292c047ceb64c2329cc
grids,grid_5000,parac_graph_cpu,2.5471878375675137,exact_trimmed_factor_offdiagonal_counts,,complete,127333920,5763ca0b1c893b3535bd1edbd51e1e1bbf8e10d0a75c28d5a66d8e6527d7d94e,results/astra-review-20260905/parac-headline-publication-20260909/final27/cells/grids/5d4a977bb1850740a0fa.json,1ce91e176c3a2575f303b7a8f1e26f2973629d52c2804d11b6bfeea48542a4ba
grids,grid3d_100,apxchol_cpu_trace,3.854560942760943,reported_offdiagonal_stored_factor_ratio,,complete,,,results/astra-review-20260905/parac-headline-publication-20260909/final27/cells/grids/61f615f28c76f107db05.json,7698307b9b5fe0d79d15b37089b6587c9e81a64106c7dbb18b9d8cbfec84bdc3
grids,grid_500,parac_graph_cpu,2.486142284569138,exact_trimmed_factor_offdiagonal_counts,,complete,1240585,f926e313a1421ee9a7c87eadce50d998ff0e5e24687160743005ae54c1771afe,results/astra-review-20260905/parac-headline-publication-20260909/final27/cells/grids/67d8e2c442c47a93ddee.json,61e2fd05fb4a162363d1d4f40e368a5fd503e734f162f087ecd06e5591eaa498
grids,grid_3000,parac_physics_gpu,2.5459211403801265,exact_trimmed_factor_offdiagonal_counts,,complete,45811305,6749e96417fe0d500250379342c2c585fd30bf79b914dd99adf2755fe281389a,results/astra-review-20260905/parac-headline-publication-20260909/final27/cells/grids/684776b7b77dd971b162.json,4625cec071227a36dd28ac18beb0a3ab3028284447db99cbb3456556efc83b48
grids,grid3d_100,parac_graph_gpu,3.5134468013468014,exact_trimmed_factor_offdiagonal_counts,,complete,10434937,497df1db060394dc8c78ed0a81fdcfe526fed0f77a487b54e3dbe1f66670e611,results/astra-review-20260905/parac-headline-publication-20260909/final27/cells/grids/693e25d1e30c547bf2c6.json,06e9f2b2f7bb836a6cdccea677174b0d1d08079df2cc7243da33d55a4db25c99
grids,grid_5000,parac_graph_gpu,2.5474842368473696,exact_trimmed_factor_offdiagonal_counts,,complete,127348737,8d68a399434492898d333765a2d0f109722e7ca262a5f0011ec758caa47480ec,results/astra-review-20260905/parac-headline-publication-20260909/final27/cells/grids/69e3549616c0fa513d2e.json,c9a1e788a289a1adfc7dc724c3de1f51fd24a403f9de69d163d08a0ae14a8862
grids,grid_5000,parac_physics_gpu,2.546931606321264,exact_trimmed_factor_offdiagonal_counts,,complete,127321111,6ea48c566764a46d821d99ff2de0dd1e94ddc47f2be329bb10d6317e23ed8150,results/astra-review-20260905/parac-headline-publication-20260909/final27/cells/grids/70242ec2a2cdb5986a4d.json,e051d809027c56b1244e887831184c64ef39cf727ca57b0f7d6b18c36fd83b68
grids,grid_5000,parac_physics_cpu,2.5476268653730747,exact_trimmed_factor_offdiagonal_counts,,complete,127355867,3347adf3c2cce6afea5bc24fdb24699b9a48c39f66b6def7e921a98e8c742d7e,results/astra-review-20260905/parac-headline-publication-20260909/final27/cells/grids/71421febe00106e9cc44.json,3a9ad3c3b9a682b95230bb0961b4f0a69d70d5c1a01bbdb2dd6bd793e3592946
grids,grid_500,rchol,3.283764328657315,rounded_native_ratio_diagonal_corrected,6.252505010020041e-05,complete,,,results/astra-review-20260905/parac-headline-publication-20260909/final27/cells/grids/7327f94245bc1d86d4d1.json,6d7e70dff9091d7a2d3e05fe6d65aeb849604107642c69dfe2662049ed78ea2e
grids,grid_3000,rchol,3.4150943647882626,rounded_native_ratio_diagonal_corrected,6.250416805601867e-05,complete,,,results/astra-review-20260905/parac-headline-publication-20260909/final27/cells/grids/753bf4320afa754a68bb.json,3f7d90b895e23b08c2906b887f662d1728dac367d49e6cf05d9c0cd9485d0ccf
grids,grid3d_150,apxchol_cpu_trace,3.908565548098434,reported_offdiagonal_stored_factor_ratio,,complete,,,results/astra-review-20260905/parac-headline-publication-20260909/final27/cells/grids/755b689665ea2d3d1cf4.json,995eeebc21d2c774dcb165be0ed875ad23429be40e09e98f1a4f72db587972d3
grids,grid3d_200,ac2,,missing_factor_measurement,,complete,,,results/astra-review-20260905/parac-headline-publication-20260909/final27/cells/grids/7a20691afeee5fabc79a.json,8d89c517acc6282ea96929d210287f87a511713081a5dae8676280bd4831a191
grids,grid3d_200,apxchol_cpu_gks,2.984868216080402,reported_offdiagonal_stored_factor_ratio,,complete,,,results/astra-review-20260905/parac-headline-publication-20260909/final27/cells/grids/7a708df61a86908a4f24.json,e7aab9eeea4a5fd6b20a37fba3975f87b364f4d910a0532242dc9a2acee0309a
grids,grid_500,apxchol_cpu_gks,2.225258517034068,reported_offdiagonal_stored_factor_ratio,,complete,,,results/astra-review-20260905/parac-headline-publication-20260909/final27/cells/grids/7cc1b364b189547a675f.json,6dc37b550ea0180dfdb43a39f677b43363b788b0e8bd2e59d81dd8ed70de4be0
grids,grid_5000,apxchol_cpu_trace,2.8672432686537306,reported_offdiagonal_stored_factor_ratio,,complete,,,results/astra-review-20260905/parac-headline-publication-20260909/final27/cells/grids/80eb3da952bbe5e6b8b1.json,c55e506b15c8ff5342dcd15002423976f2a95b70b5e4518f00c0e47d34b632a9
grids,grid3d_200,apxchol_cpu_trace,3.9419719430485762,reported_offdiagonal_stored_factor_ratio,,complete,,,results/astra-review-20260905/parac-headline-publication-20260909/final27/cells/grids/826b6d81035c6de9b7dd.json,5a515c9e63cfae4691c45ec8671c39acaf48d98d7c2fe604e07a5dacaa218aaa
grids,grid_3000,parac_graph_cpu,2.540216294320329,exact_trimmed_factor_offdiagonal_counts,,complete,45708652,48b4fe9605b31ac0f543be76aa9ea9654eae3af358e73207140611eeacfc9639,results/astra-review-20260905/parac-headline-publication-20260909/final27/cells/grids/83c679e80026291e7d48.json,7955a511c27bd6a0b0b6f5b03f0cc7922965a32a9d225a12a3307357bcc431df
grids,grid_3000,apxchol_gpu_q02,2.214962876514394,reported_offdiagonal_stored_factor_ratio,,complete,,,results/astra-review-20260905/parac-headline-publication-20260909/final27/cells/grids/85cb7f2e9983fb6f2481.json,4c50e8ddb118bea1b2ab9f9cf75843816e09861c807c10deabce0157889f90b1
grids,grid3d_100,rchol_par,6.568365993265993,rounded_native_ratio_diagonal_corrected,5.841750841750842e-05,complete,,,results/astra-review-20260905/parac-headline-publication-20260909/final27/cells/grids/873bf388ca0db3aacbb2.json,da8c9db2a91e20b2fb8a79795c4e1b3b6cab99406534ee6d8bff31f1f233005f
grids,grid_500,parac_physics_gpu,2.535609218436874,exact_trimmed_factor_offdiagonal_counts,,complete,1265269,0f259fed85e01686ab2dc8d59a8d5207ffae3e301e2fdaee0ad951e2b6cf2d29,results/astra-review-20260905/parac-headline-publication-20260909/final27/cells/grids/87c6ddbb43487344e234.json,b0384be4313e57558bb2fb89f892d57f13e8798950a4a5779ee8ca38fd52fbdf
grids,grid3d_150,apxchol_gpu_q02,2.969941635595327,reported_offdiagonal_stored_factor_ratio,,complete,,,results/astra-review-20260905/parac-headline-publication-20260909/final27/cells/grids/89531a3adec802eae628.json,d9c63b5c292f4490d4424a7c1fe0ff6bbc0f63a1ad008a03d688a41969889a69
grids,grid_2000,apxchol_cpu_trace,2.864383316658329,reported_offdiagonal_stored_factor_ratio,,complete,,,results/astra-review-20260905/parac-headline-publication-20260909/final27/cells/grids/8d1fa61cf6f45b798d90.json,1fde080f5df600677f646391b1571bcd9afb5886ab761e27aed8a128a5087a47
grids,grid3d_150,rchol_par,7.733475167785235,rounded_native_ratio_diagonal_corrected,5.8389261744966446e-05,complete,,,results/astra-review-20260905/parac-headline-publication-20260909/final27/cells/grids/8de14ce24a66646db5ef.json,e6a40099e0a9bf9657dc4f50291dcd3bbc3475485fccd95e1adcab5065347123
grids,grid_1000,rchol_par,3.980021321321321,rounded_native_ratio_diagonal_corrected,6.251251251251252e-05,complete,,,results/astra-review-20260905/parac-headline-publication-20260909/final27/cells/grids/8e81a2590382a1ad3ed8.json,d43b0faa35d69f7d4514fa82a4824ccae7cab723bf496425c6f07767d71d182d
grids,grid_500,apxchol_cpu_trace,2.8624208416833667,reported_offdiagonal_stored_factor_ratio,,complete,,,results/astra-review-20260905/parac-headline-publication-20260909/final27/cells/grids/8ff0aa0403a61db15bd5.json,db2c86400eb0e820cc73865bca5a8705aaf5a8ae736ed5bf398e2ecc635781e8
grids,grid3d_250,ac,,missing_factor_measurement,,complete,,,results/astra-review-20260905/parac-headline-publication-20260909/final27/cells/grids/910385605a751f5d62bf.json,7f3cd443314f6911584b725983088f819d3be961a0adff19514272a450fdde1f
grids,grid3d_250,parac_physics_gpu,3.5895239196787148,exact_trimmed_factor_offdiagonal_counts,,complete,167585898,09c8b9a7fdbd9d7a55f5307add94a9d5489afedea8d80ddc357bb0de1022c7b1,results/astra-review-20260905/parac-headline-publication-20260909/final27/cells/grids/9877f5c1e119a76a78cc.json,b13549f90e6f4f2f9daec8547478fcd656a17494c25cccf0571b6034e787c029
grids,grid_3000,apxchol_cpu_trace,2.8656972324108034,reported_offdiagonal_stored_factor_ratio,,complete,,,results/astra-review-20260905/parac-headline-publication-20260909/final27/cells/grids/9b8d9d9aa3a78993268f.json,2c89ae589c4a0707dfa6884a6768d1d770e72fb2224b8393e69a47d5bb80ba70
grids,grid_4000,rchol_par,,missing_factor_measurement,,failed,,,results/astra-review-20260905/parac-headline-publication-20260909/final27/cells/grids/9c0ef4b7533d79242fa8.json,041ddf5e4ed29b60f52e8294aacce2f1ddac5129a64fd2a6de9e1a5147d98e7e
grids,grid_2000,ac2,,missing_factor_measurement,,complete,,,results/astra-review-20260905/parac-headline-publication-20260909/final27/cells/grids/9d180587fe72ee17e16b.json,0f21b1ccc402c936e4ff1e8da06b047ffa2dbe136824f844730270c965e84eff
grids,grid3d_200,parac_physics_cpu,4.730701130653267,exact_trimmed_factor_offdiagonal_counts,,complete,112969143,fe717a724b39bde333bf3c81c9a15ef385cfbf1771d0f8d806cb05598f82bd35,results/astra-review-20260905/parac-headline-publication-20260909/final27/cells/grids/9fd383591647cec6c968.json,8a305f8c8eb686b57634aa1e65f5b4c76d34e365ace69c3e7252f1cd47187048
grids,grid_500,parac_physics_cpu,2.4855691382765532,exact_trimmed_factor_offdiagonal_counts,,complete,1240299,f595a4d34784eadcd325ec14952310cf9dee6cf617138e11843795d5023ae8f9,results/astra-review-20260905/parac-headline-publication-20260909/final27/cells/grids/a3d363569c958d7b6d80.json,a38903f1ac56700322d60fd40a231c724346f371890a9475bcddb135e6a2eda5
grids,grid_2000,rchol_par,4.172092296148074,rounded_native_ratio_diagonal_corrected,6.250625312656328e-05,complete,,,results/astra-review-20260905/parac-headline-publication-20260909/final27/cells/grids/a4e893fd4a2802b65aae.json,088144a72536820320bb3881e1ee3f79c12377137e6f1e88f1253b8e325933cf
grids,grid3d_150,apxchol_cpu_gks,2.9805308476261496,reported_offdiagonal_stored_factor_ratio,,complete,,,results/astra-review-20260905/parac-headline-publication-20260909/final27/cells/grids/a7e18c7f28fc62509aed.json,a91316bb646d5ee886eb49a510ad42bedc08eedebc1c9810f0c65426ef9ca2d7
grids,grid_1000,parac_graph_cpu,2.5127807807807807,exact_trimmed_factor_offdiagonal_counts,,complete,5020536,852db064adaa24dd9708b4e0ce56172494ec9ea63f09e72ee1b4cd3bc1486f48,results/astra-review-20260905/parac-headline-publication-20260909/final27/cells/grids/aba2e5c2a826674779ac.json,25be372580883420eb45e9e1b8848244f00c4eb4936edf949690e2b2e770b8c8
grids,grid3d_200,apxchol_gpu_q08,2.9846464405360136,reported_offdiagonal_stored_factor_ratio,,complete,,,results/astra-review-20260905/parac-headline-publication-20260909/final27/cells/grids/ac461ce7672e8509625d.json,d47e2ddbbfe94772415270c8637577650d74a9cdd22e80e110786f1ad9379a74
grids,grid_1000,apxchol_gpu_q08,2.2196836836836837,reported_offdiagonal_stored_factor_ratio,,complete,,,results/astra-review-20260905/parac-headline-publication-20260909/final27/cells/grids/acf7ba9970406afe2740.json,fe1e5ac439372d95f45dfa04302c41712539a1fe35eaba85bff87268e4e845ad
grids,grid3d_250,apxchol_cpu_gks,3.003524219544846,reported_offdiagonal_stored_factor_ratio,,complete,,,results/astra-review-20260905/parac-headline-publication-20260909/final27/cells/grids/ae546aaf55c86346a309.json,5e4e54a7b9fb30cde74b837266b0c15e802b9b2904eb6ad485a4fed8c34c19ee
grids,grid3d_250,apxchol_gpu_q08,2.9908392396251675,reported_offdiagonal_stored_factor_ratio,,complete,,,results/astra-review-20260905/parac-headline-publication-20260909/final27/cells/grids/afd42dabed215778b0fc.json,535062abbfa633b1bd44063b0d3c149602a87b1c6c467cc9793c71977aacb71c
grids,grid_1000,apxchol_cpu_trace,2.8660725725725724,reported_offdiagonal_stored_factor_ratio,,complete,,,results/astra-review-20260905/parac-headline-publication-20260909/final27/cells/grids/b15902de8eb498bae6c0.json,8d33bbf6722402e2b1a0bcac7340922831b6eda8b63c96c198fe8c19c8c72925
grids,grid3d_200,parac_physics_gpu,3.576140619765494,exact_trimmed_factor_offdiagonal_counts,,complete,85398238,116083d22aead58d4fb7b10ffdc30a53acfb3e8d63d5b66881a8fe32b46849ab,results/astra-review-20260905/parac-headline-publication-20260909/final27/cells/grids/b2fb6c2252e1f4fbbc9b.json,9d62824db488a9812b6bfe529eb1fdc1862a742ea4a2bb25f59230301acde8b0
grids,grid3d_100,parac_physics_cpu,4.214393265993266,exact_trimmed_factor_offdiagonal_counts,,complete,12516748,6afd05a753665538848d46780f852acd96e0d41764e99b35c0b3a5a7ac6c8967,results/astra-review-20260905/parac-headline-publication-20260909/final27/cells/grids/b530013242a8d8ebde22.json,3462de1b8f493e58c2eb15dec6a7981af569d756e88f95ce4e40ba96f4675063
grids,grid3d_100,ac2,,missing_factor_measurement,,complete,,,results/astra-review-20260905/parac-headline-publication-20260909/final27/cells/grids/b766958927035d446f2f.json,2097b0bb6b076eda4cc0d77c3a17f73cb23b472b91fe5877e369caed3e045ad9
grids,grid3d_200,parac_graph_gpu,3.5748197236180905,exact_trimmed_factor_offdiagonal_counts,,complete,85366695,0e756c8492880398d45acd1de3f60a035c9b3803d75ef43540da068216e49ff5,results/astra-review-20260905/parac-headline-publication-20260909/final27/cells/grids/bb46e1013707a13a5f9f.json,34498d6136fe34fcb93b7abddbbaec7bf7ce9233024b39f3883de88b7aecc12e
grids,grid3d_250,parac_graph_cpu,4.894456610441767,exact_trimmed_factor_offdiagonal_counts,,complete,228509943,fda99936ddeea26d4dd136ba6782f6d2acfffe9fddcda80678fbd90bffef29a5,results/astra-review-20260905/parac-headline-publication-20260909/final27/cells/grids/bd73e646ffbb4d8a6891.json,6e519422e27cfc9ceeb3138856b47278db6e76077dd32e0d832dead989656d34
grids,grid3d_200,apxchol_gpu_q02,2.984391415410385,reported_offdiagonal_stored_factor_ratio,,complete,,,results/astra-review-20260905/parac-headline-publication-20260909/final27/cells/grids/be10f6caef57e349c042.json,fa61e860913a1a023e0b3bd616bb6875f1feab60c3e998aba65fe73fcda31fab
grids,grid3d_100,ac,,missing_factor_measurement,,complete,,,results/astra-review-20260905/parac-headline-publication-20260909/final27/cells/grids/c40b2ccaf494860373ad.json,45069a43a5752214a2f09f8d5ca6a84297f3138ccba74135d5298b614602ed90
grids,grid_1000,ac2,,missing_factor_measurement,,complete,,,results/astra-review-20260905/parac-headline-publication-20260909/final27/cells/grids/c8d8fda2f501ff33ddb0.json,2a86fa13439d5e54c8cc95a5bc6e692e18e903cb151e9025594c1fc54b7b51e1
grids,grid_2000,ac,,missing_factor_measurement,,complete,,,results/astra-review-20260905/parac-headline-publication-20260909/final27/cells/grids/c8f1cc85ead59925eee4.json,5c80c24c4445edc766468ca108115bb46619a1374665472c9c2e61bfb81c1162
grids,grid3d_250,parac_physics_cpu,4.899692380187417,exact_trimmed_factor_offdiagonal_counts,,complete,228754388,6773525f2515a22c95e5c13b19889a613ef75a867fbcdf50f78e18381e5c19a6,results/astra-review-20260905/parac-headline-publication-20260909/final27/cells/grids/cb344d1981fd732bf156.json,f7c0ea1f10157666db34ddbbdf1eb9c7c6a9e7026bf43509792d120b873fac0c
grids,grid3d_150,ac2,,missing_factor_measurement,,complete,,,results/astra-review-20260905/parac-headline-publication-20260909/final27/cells/grids/cb56ff3202f5e52f03a1.json,8d07abca99cb5c620d987f378c1bf6c104b8e0f3b91fbc87d63760ef9f221332
grids,grid_3000,rchol_par,4.259650683561187,rounded_native_ratio_diagonal_corrected,6.250416805601867e-05,complete,,,results/astra-review-20260905/parac-headline-publication-20260909/final27/cells/grids/ccee4bb899910c8337d3.json,a8662123e6b05d3ba7599ec7e6a4883be54db6cb89a8a75549975f593c453d97
grids,grid3d_100,apxchol_gpu_q02,2.9428915824915824,reported_offdiagonal_stored_factor_ratio,,complete,,,results/astra-review-20260905/parac-headline-publication-20260909/final27/cells/grids/cd6d9b884b7d28513ea7.json,3517514c46ecbd86114950a84826e4f852f77731ababdc629329b50aa202ed5c
grids,grid_1000,apxchol_gpu_q02,2.212612112112112,reported_offdiagonal_stored_factor_ratio,,complete,,,results/astra-review-20260905/parac-headline-publication-20260909/final27/cells/grids/cef4cb157d2e319fd526.json,bf70ddeee252b2713b0aac070c6ca00ec240683a4ee0d4a1f455369f9fea5484
grids,grid_2000,parac_graph_cpu,2.5339969984992496,exact_trimmed_factor_offdiagonal_counts,,complete,20261840,06ba1ec509f3e1b952bfd61565959ccd466ebab6f6743a1122e1d585ec0268ef,results/astra-review-20260905/parac-headline-publication-20260909/final27/cells/grids/d6ad522b146c9757fbd4.json,48a8c6c801e70e2a7d38ef7f8461240a3ab9177f67b2ed6915d6677b527c419c
grids,grid3d_250,rchol_par,9.616400535475234,rounded_native_ratio_diagonal_corrected,5.8366800535475234e-05,complete,,,results/astra-review-20260905/parac-headline-publication-20260909/final27/cells/grids/d8883adb2249009b9abd.json,cf494e3cd54ca5f7dbf6c4f19530969c341a08d761923e791e0e307bab927e82
grids,grid_2000,parac_physics_cpu,2.533471235617809,exact_trimmed_factor_offdiagonal_counts,,complete,20257636,2bedfc167b877dbc4da5506e786d14df3901e000cd0916e2c3f26cf3096ae6cb,results/astra-review-20260905/parac-headline-publication-20260909/final27/cells/grids/d8ec36b03193e0f8b2ee.json,27e3f6eb58440f11af41f894db86d36ab2503611fc9d8159523e65ee26d14c34
grids,grid3d_150,parac_physics_cpu,4.530999751429282,exact_trimmed_factor_offdiagonal_counts,,complete,45570530,9dc84a37e779a3b48f14990589f6b67ddab76a67819765a37fbae35a5a984421,results/astra-review-20260905/parac-headline-publication-20260909/final27/cells/grids/d93e0b3f333ac7e84702.json,63bd3f41bb04ec464153206beb5933e9c11b43736c9bf6821567f8265aa24aed
grids,grid_1000,rchol,3.328890990990991,rounded_native_ratio_diagonal_corrected,6.251251251251252e-05,complete,,,results/astra-review-20260905/parac-headline-publication-20260909/final27/cells/grids/d93e3193b67a58574d10.json,aaf78f66a3653b5cb638179ec0cc676f70fe3b69019d2a81272ea8b645a3073b
grids,grid3d_200,parac_graph_cpu,4.727125753768844,exact_trimmed_factor_offdiagonal_counts,,complete,112883763,478136d3882bc9ab7f150eae48ece50640a7d1f8b53118c7ed26c1bfa40dc37d,results/astra-review-20260905/parac-headline-publication-20260909/final27/cells/grids/dbe17420001e917f189a.json,289625baef02910c2738e6934b39d6062e856708f7bf24af61a6e296668fc6b1
grids,grid_500,rchol_par,3.7356953907815633,rounded_native_ratio_diagonal_corrected,6.252505010020041e-05,complete,,,results/astra-review-20260905/parac-headline-publication-20260909/final27/cells/grids/ddbde4047036dc7f31bb.json,6186e6e9e38b361dacc717fbdc437f71d27dfcb004e28ed8f07f514ef55adae3
grids,grid3d_200,rchol,5.739282412060302,rounded_native_ratio_diagonal_corrected,5.837520938023451e-05,complete,,,results/astra-review-20260905/parac-headline-publication-20260909/final27/cells/grids/ddd4c514624f64365c3d.json,3b591c19b57bdcaa34eea3bcf7cdbde22b25907282e06ab271d407a233ab5ae5
grids,grid_4000,ac,,missing_factor_measurement,,complete,,,results/astra-review-20260905/parac-headline-publication-20260909/final27/cells/grids/de2ba5a6418d32d4b017.json,495442872f7ab1026bd1f8ed16a154db8a59080ed5a81bd28a935357dbe5a07b
grids,grid_1000,ac,,missing_factor_measurement,,complete,,,results/astra-review-20260905/parac-headline-publication-20260909/final27/cells/grids/de8ce6cb6aa31c3a7d96.json,0f0b955fb6e4845ad23011982904df31e38a4d770ea91caa19b518750d89571f
grids,grid_4000,apxchol_gpu_q02,2.2155331957989497,reported_offdiagonal_stored_factor_ratio,,complete,,,results/astra-review-20260905/parac-headline-publication-20260909/final27/cells/grids/dec5448daf684e973efe.json,a5eb9ce9397a64846d6bef38cc53775bb009bfc6869bf9ff8b68bcf9b79a0a57
grids,grid_1000,parac_physics_cpu,2.5127297297297297,exact_trimmed_factor_offdiagonal_counts,,complete,5020434,bc22d9129d299ea8cf322ed3bea7be2794ae449871b0d92eeead68c97516f737,results/astra-review-20260905/parac-headline-publication-20260909/final27/cells/grids/df02b1141efd17384dd4.json,d6a82eb5864a3a612bc6cf0b584aa9a6995dfb3a6cda075b814647967af96d5e
grids,grid3d_100,apxchol_cpu_gks,2.9503841750841753,reported_offdiagonal_stored_factor_ratio,,complete,,,results/astra-review-20260905/parac-headline-publication-20260909/final27/cells/grids/e0c5cd82c75c95400eb5.json,fcd9e225ec2623726ff27cfee20dc1a2897c6b487f1152dd524054eb4cd4b16e
grids,grid_4000,parac_graph_gpu,2.5470836146536633,exact_trimmed_factor_offdiagonal_counts,,complete,81486299,122c0d6ea5ad96ffb0e4a29ae9827daf609062bb0af9f9c6ca25f727dbfc7bd1,results/astra-review-20260905/parac-headline-publication-20260909/final27/cells/grids/e1939af66d52366be68a.json,97691c9a5a9cf6e497803df4380dabacc01dfd81c879140cef9d7703447ba808
grids,grid3d_100,apxchol_gpu_q08,2.9697262626262626,reported_offdiagonal_stored_factor_ratio,,complete,,,results/astra-review-20260905/parac-headline-publication-20260909/final27/cells/grids/e5e4d912a104d71a3bfe.json,abcaef301e6ee6fcb810204b8c52ba99ecc9c764128bf8baea817e6391989e89
grids,grid3d_250,apxchol_cpu_trace,3.9571744257028114,reported_offdiagonal_stored_factor_ratio,,complete,,,results/astra-review-20260905/parac-headline-publication-20260909/final27/cells/grids/e644745599acb8b97248.json,b5ae3bfc3044fdd2435fd5326a73da01df46ec0ac4b5dfe7e3ebfe7ffd64cff4
grids,grid_3000,ac2,,missing_factor_measurement,,complete,,,results/astra-review-20260905/parac-headline-publication-20260909/final27/cells/grids/e899412db6437d48d790.json,13a67dc124800f7e7d032ea64da35bd1227ba87ccf479f6da894022f684a86f0
grids,grid_4000,parac_physics_gpu,2.547183983495874,exact_trimmed_factor_offdiagonal_counts,,complete,81489510,7e143ac8ff82ca192233b2d255f62496a79c1b374d6589a26fc6f54895e21971,results/astra-review-20260905/parac-headline-publication-20260909/final27/cells/grids/eb47f846e9d1cf2dc710.json,427cafa21714fb7295461e374f5d34f6fab1cee3ac5f505e19823e2acce664d5
grids,grid_4000,parac_physics_cpu,2.5447617529382347,exact_trimmed_factor_offdiagonal_counts,,complete,81412018,7b968fbe563566587c0bcd31bbb70f8b337be9746d1660d534d0fc8a8a57149f,results/astra-review-20260905/parac-headline-publication-20260909/final27/cells/grids/ebdeb2c1a8bbcbb0a6d8.json,eb3dc889ef125bd2acb1fac0c5f68340afdb1b406cca84b38e6d4f7dc4b7c805
grids,grid_4000,ac2,,missing_factor_measurement,,complete,,,results/astra-review-20260905/parac-headline-publication-20260909/final27/cells/grids/ed3bf82b2624970fdb68.json,5fbb8187fde9309ca553d3e2f5ab844b7ccf3b7dda3b150b6fda93803f179981
grids,grid_5000,ac,,missing_factor_measurement,,complete,,,results/astra-review-20260905/parac-headline-publication-20260909/final27/cells/grids/f22a1be1dc4cc9003111.json,522fd3b804289f03358d628fc7aab71dc12c8a726c08a44c723a7e52aa0ce95f
grids,grid_2000,apxchol_gpu_q08,2.2226775887943973,reported_offdiagonal_stored_factor_ratio,,complete,,,results/astra-review-20260905/parac-headline-publication-20260909/final27/cells/grids/f361888fb86ff195c784.json,e067830654b08d4569fa6ed254de28ce1b7df932c6a172ece1d3910393bd8fd9
grids,grid_5000,apxchol_gpu_q02,2.2152288657731547,reported_offdiagonal_stored_factor_ratio,,complete,,,results/astra-review-20260905/parac-headline-publication-20260909/final27/cells/grids/f460741716977c1f52b7.json,947605a3f174486e100481745899589927fb001cb0fbb19e788fedf5fbdde408
grids,grid_3000,apxchol_gpu_q08,2.223101756140936,reported_offdiagonal_stored_factor_ratio,,complete,,,results/astra-review-20260905/parac-headline-publication-20260909/final27/cells/grids/f4b515b81b0dd7508f45.json,d3988664e9973de09486f9d4aaccebff4d9e6a538b11e241f7c1e6eb91f63465
grids,grid_3000,parac_graph_gpu,2.5462169056352115,exact_trimmed_factor_offdiagonal_counts,,complete,45816627,3228dc3b3bfe9239f786a115645bd963dee434a28ee40e54e8213195e5d1c186,results/astra-review-20260905/parac-headline-publication-20260909/final27/cells/grids/fc81d6c163d81345bcf1.json,e656d44ef1b283113c5e79b7fe22c64a6c503d88c54be7c9b7c84f95ccff2047
ipm,iter0010,apxchol_gpu_q02,1.3049617941172065,reported_offdiagonal_stored_factor_ratio,,complete,,,results/astra-review-20260905/parac-headline-publication-20260909/final27/cells/ipm/018807fe88a0ad31e2a4.json,f558f0051ea347f57c46c1af74f279bf3cf606f831d3e7dc658309064c516c03
ipm,iter0040,parac_graph_cpu,3.0110745991820904,exact_trimmed_factor_offdiagonal_counts,,complete,11055326,496b9154409df6f04e40cdf2732ce3238a64fd8830b295b23d415f96b2c36896,results/astra-review-20260905/parac-headline-publication-20260909/final27/cells/ipm/029ee324f94d8bc5ebb1.json,5bb0d5e3424959fc12542c41f0b27289dd431b8c575a0037977780e1e9b18ca5
ipm,iter0010,parac_graph_gpu,2.6226677797282076,exact_trimmed_factor_offdiagonal_counts,,complete,9629269,981bbd757ffa115f39375b36055213b454caa1fa2875a9ff71d5d9d697172d99,results/astra-review-20260905/parac-headline-publication-20260909/final27/cells/ipm/03993304b26eec7d1069.json,def937c1d84a741dc85a689940f14944dc3e9508d02345fa389d1f8c26e0354a
ipm,iter0030,ac2,,missing_factor_measurement,,complete,,,results/astra-review-20260905/parac-headline-publication-20260909/final27/cells/ipm/05f71ed0b4dfefaeb82c.json,84e549a2f525852ef7ba3580bfa029377550fe5fb68c75170024cbcd50c7f694
ipm,iter0040,rchol_par,3.808842308422453,rounded_native_ratio_diagonal_corrected,5.356993154126794e-05,complete,,,results/astra-review-20260905/parac-headline-publication-20260909/final27/cells/ipm/0f140e3e3b170b3c5b38.json,f39f8cb1326b878fc816c45ca28e4bbc1da5ed51d8f3d6a4b7849c6febb73225
ipm,iter0030,apxchol_cpu_gks,1.6977087364890353,reported_offdiagonal_stored_factor_ratio,,complete,,,results/astra-review-20260905/parac-headline-publication-20260909/final27/cells/ipm/0fe4cb12b17e8ba542a3.json,3eb15ad22ba2f2d77dda9655b8c8de48683385b8eaae4f2fb3a54a6965dbc209
ipm,iter0030,parac_physics_cpu,3.02895176566877,exact_trimmed_factor_offdiagonal_counts,,complete,11120963,da728519f06d5b1e305523e436dc2759789ab6045021574f638ca13c008395bd,results/astra-review-20260905/parac-headline-publication-20260909/final27/cells/ipm/11642eb12d1496c786b9.json,4379b57c401422419944f7915ca8c320573738a954a6b0705ef4fb27e2d50cde
ipm,iter0040,apxchol_cpu_trace,1.2601055955855216,reported_offdiagonal_stored_factor_ratio,,complete,,,results/astra-review-20260905/parac-headline-publication-20260909/final27/cells/ipm/1432855c787ae7a6cc70.json,e9ea0c83409fae775acb502c3eadf969d77d913fea1f01deb0c8c46cf25cb0b2
ipm,iter0030,parac_graph_cpu,3.028908732131209,exact_trimmed_factor_offdiagonal_counts,,complete,11120805,faeb9e497a8920534b8924e688e3e08f4d81429b17d803810bbe0d3cb40b800e,results/astra-review-20260905/parac-headline-publication-20260909/final27/cells/ipm/35153ba18aef7bbdf7f5.json,9a06fa782b71c64870b4cd2c8b7e69f0ea164d28be6feaa0a286efbb5f7421b2
ipm,iter0010,rchol_par,,missing_factor_measurement,,failed,,,results/astra-review-20260905/parac-headline-publication-20260909/final27/cells/ipm/3aa0ba04040082825e26.json,c859b058a61a1832227894f4014d6349dbb84acb8b4e09229df05f506d07965e
ipm,iter0040,apxchol_gpu_q08,1.1247068340253652,reported_offdiagonal_stored_factor_ratio,,complete,,,results/astra-review-20260905/parac-headline-publication-20260909/final27/cells/ipm/3e6734f8577250fc36cc.json,d7d436903675227d727aa350e7952c458010bd49da380f87fa2b676cac87936d
ipm,iter0030,apxchol_cpu_trace,1.839563618139998,reported_offdiagonal_stored_factor_ratio,,complete,,,results/astra-review-20260905/parac-headline-publication-20260909/final27/cells/ipm/4194cd879fc36637c501.json,058174527333333866af805c35035171c6e125e4a948271d4a594df5debc6c07
ipm,iter0020,ac2,,missing_factor_measurement,,complete,,,results/astra-review-20260905/parac-headline-publication-20260909/final27/cells/ipm/4714a5f76e8273e1572b.json,11324afbf604c7ed6c1fcace24ef9bca3cf253b2f575f48198567b7842f1fabc
ipm,iter0040,apxchol_gpu_q02,1.1148709470510452,reported_offdiagonal_stored_factor_ratio,,complete,,,results/astra-review-20260905/parac-headline-publication-20260909/final27/cells/ipm/4d7860927d704deb6927.json,64699aa1bba6e26c2b75c84c2d3e5cb1b8c80e28b5fae0818671aba6b5e34806
ipm,iter0010,parac_physics_cpu,2.9192644533447,exact_trimmed_factor_offdiagonal_counts,,complete,10718240,5f917da7391809164fc7fc30c9244a0008f24b159cd276c1e140d28c5b467ab5,results/astra-review-20260905/parac-headline-publication-20260909/final27/cells/ipm/4fd48a2064b4050a7a0f.json,db92b4e5b32edd2aa4824a0bb0d32a9dbc5d120aa1b0cda8c13ee5bb202630db
ipm,iter0030,parac_graph_gpu,2.6157606245854956,exact_trimmed_factor_offdiagonal_counts,,complete,9603909,235b320cbe7d22424a7252ab1cadb805a77ee7a4eab585a0c22e6e21124002f2,results/astra-review-20260905/parac-headline-publication-20260909/final27/cells/ipm/53089e22c14242e0ea79.json,e6cc6a0055684324175a5cd0fc4f29d11728cd3ed5483e3bec485a6328fe990c
ipm,iter0020,parac_graph_cpu,3.0167302410014285,exact_trimmed_factor_offdiagonal_counts,,complete,11076091,9a8e4bac969203ad164a8cf059496cfe2d8ff196d1007863a6e62fedb5f40669,results/astra-review-20260905/parac-headline-publication-20260909/final27/cells/ipm/56e1cb360d940dfcaa08.json,054b175674a43767dfcdd053aa74996a952132226ad52356a086c5c72238f135
ipm,iter0020,parac_graph_gpu,2.6648474556420916,exact_trimmed_factor_offdiagonal_counts,,complete,9784134,bb88f2f5b1671e1a3f4fa34742ad8d737899bfe606f625bf2474fd76a8e0e59d,results/astra-review-20260905/parac-headline-publication-20260909/final27/cells/ipm/5fe86cc3a026db5d9897.json,a586a9883627dd096cc4eff743b245c06ba44f67582cdde593cf480c9c3d8475
ipm,iter0010,apxchol_gpu_q08,1.3137814904039298,reported_offdiagonal_stored_factor_ratio,,complete,,,results/astra-review-20260905/parac-headline-publication-20260909/final27/cells/ipm/61f85454936c1ead6559.json,bc4d66df50b8bfe530265962fdaa9bb44e1a973f29f195bbbebc13a85cc6eeb8
ipm,iter0030,rchol,2.763478664326151,rounded_native_ratio_diagonal_corrected,5.356993154126794e-05,complete,,,results/astra-review-20260905/parac-headline-publication-20260909/final27/cells/ipm/64d672e7dc1245385e44.json,ebbee01004dc86034eddfca15eb7e2abe91045d370d1b277f5c3c875af74d8de
ipm,iter0010,ac,,missing_factor_measurement,,complete,,,results/astra-review-20260905/parac-headline-publication-20260909/final27/cells/ipm/6ffa7b49675d55048c50.json,9f48e53301f1f52616bce10cad3d501cfc36b2fd160bc4f44fd5a2c19bc4308e
ipm,iter0010,parac_graph_cpu,2.9169134059002246,exact_trimmed_factor_offdiagonal_counts,,complete,10709608,29da8ff81c19b48ace4864aed1d14ad9c385adbe2b3627380966fd3a42497f89,results/astra-review-20260905/parac-headline-publication-20260909/final27/cells/ipm/7255ee9c7a0931020ac4.json,6d5ac74364641381c03ebc4e5bb33b803e8bd33df5aadbf785ba83c80f057ef4
ipm,iter0020,apxchol_gpu_q08,1.8371823382735653,reported_offdiagonal_stored_factor_ratio,,complete,,,results/astra-review-20260905/parac-headline-publication-20260909/final27/cells/ipm/77cc1f490ed2d00b0cc9.json,a42f9128c559316cd1f14f2ff7186c664ba185305b4fe0252adbd03ea826ccc1
ipm,iter0020,rchol_par,3.7695219786711625,rounded_native_ratio_diagonal_corrected,5.356993154126794e-05,complete,,,results/astra-review-20260905/parac-headline-publication-20260909/final27/cells/ipm/8852eff548674fa3ffb7.json,86f0a5e8eabb7f5671c6f2640eb49826b6f22c89c2efd8e969d3f81504dc55b6
ipm,iter0010,ac2,,missing_factor_measurement,,complete,,,results/astra-review-20260905/parac-headline-publication-20260909/final27/cells/ipm/8980794a5ecb28084d31.json,a29762f62b47aec3494b7f5b75636c1f72547d680ce9eef1043a4bf75bc06ab3
ipm,iter0040,ac,,missing_factor_measurement,,complete,,,results/astra-review-20260905/parac-headline-publication-20260909/final27/cells/ipm/89a7e5783c431657eda9.json,c8edb5b818e1f7ba19c1573e047fa6e712d16533eaaf51947bc63f5aa18adcf4
ipm,iter0030,rchol_par,,missing_factor_measurement,,failed,,,results/astra-review-20260905/parac-headline-publication-20260909/final27/cells/ipm/8dca0820e78fdabba426.json,2d28efd03e9be9f7940521a20739eecc03b1a3baa77def636024a7558a8fb934
ipm,iter0020,rchol,2.733158083073793,rounded_native_ratio_diagonal_corrected,5.356993154126794e-05,complete,,,results/astra-review-20260905/parac-headline-publication-20260909/final27/cells/ipm/949e48ad799007fad1c6.json,f975b36d67b9aa8299bd317fb67908048d00c743e96372622150a7fdfcc7388e
ipm,iter0040,apxchol_cpu_gks,1.11635996192349,reported_offdiagonal_stored_factor_ratio,,complete,,,results/astra-review-20260905/parac-headline-publication-20260909/final27/cells/ipm/9711c6500e2abd9c584c.json,526c2d1801736eacd0de75656b51a4dc44d3b527273c3136562b481f3247d996
ipm,iter0040,ac2,,missing_factor_measurement,,complete,,,results/astra-review-20260905/parac-headline-publication-20260909/final27/cells/ipm/986023b8901eb403cfd9.json,56deb3a77021cc83f2ede035c6561bd820bface12a4016af008af8db22e7c090
ipm,iter0020,parac_physics_gpu,2.6643329597404914,exact_trimmed_factor_offdiagonal_counts,,complete,9782245,c33aa27e540ac44d32994730c98ca80513404db201b6b4d3bb9312cb1e840e96,results/astra-review-20260905/parac-headline-publication-20260909/final27/cells/ipm/99b5b1688a941db3d9ae.json,1b3780b9e44e4b33c9402177b0620b31c3b2187a7851c7e6314592c7f0c190ff
ipm,iter0010,apxchol_cpu_trace,1.3785619444622237,reported_offdiagonal_stored_factor_ratio,,complete,,,results/astra-review-20260905/parac-headline-publication-20260909/final27/cells/ipm/9bb18d96c377ab8c9ffe.json,2c6b0d602905c6f58c25d47c9ec1ddcb02a12683483b5e396b3b7b385fd3574e
ipm,iter0010,rchol,2.6171256113554064,rounded_native_ratio_diagonal_corrected,5.356993154126794e-05,complete,,,results/astra-review-20260905/parac-headline-publication-20260909/final27/cells/ipm/9fe00aa8fbefb9eac8d2.json,fe7abe4b2612511bbc1a77d20b4d1714a908f5377d3d2252e44e1777c75a324d
ipm,iter0020,ac,,missing_factor_measurement,,complete,,,results/astra-review-20260905/parac-headline-publication-20260909/final27/cells/ipm/a5413482d2955fa0ded3.json,edbb3e5277a98642cf9362bc6def657f72ae9b92729a52b93884a1c040c53c1e
ipm,iter0020,apxchol_cpu_trace,1.9356103885138585,reported_offdiagonal_stored_factor_ratio,,complete,,,results/astra-review-20260905/parac-headline-publication-20260909/final27/cells/ipm/b936240f670534517c9d.json,146daa3f7c31c75bbf3692caf272500069b00f507658bd07db4c9c2c19a3453e
ipm,iter0030,ac,,missing_factor_measurement,,complete,,,results/astra-review-20260905/parac-headline-publication-20260909/final27/cells/ipm/dc1774a2f6fdf477fe40.json,188409833659e04545d30ee7217724e084ea44cf234546907482fbd04376d3c8
ipm,iter0010,parac_physics_gpu,2.6237885582539278,exact_trimmed_factor_offdiagonal_counts,,complete,9633384,d2fe4233eda5d327da2063d7573363e3673d2e479a1b064dd4d05478ebdf1b29,results/astra-review-20260905/parac-headline-publication-20260909/final27/cells/ipm/de2a1fae17cdcb6d258d.json,f495b1d49ed0b0428ff570dd10fa45e11eb06898e3dace39e9374e12d5484272
ipm,iter0020,apxchol_gpu_q02,1.8215265738903543,reported_offdiagonal_stored_factor_ratio,,complete,,,results/astra-review-20260905/parac-headline-publication-20260909/final27/cells/ipm/e10ae2f1efd5d75ede95.json,797b53b726066e1c59d1a518dd25e32f6e6cd033e7065f5e17a4bc9176d72276
ipm,iter0030,apxchol_gpu_q02,1.6967685354025746,reported_offdiagonal_stored_factor_ratio,,complete,,,results/astra-review-20260905/parac-headline-publication-20260909/final27/cells/ipm/e156fb9313aea6501edc.json,03b4daacc0312cc06224a94084a876131979058c1254ded5af50c34f1580f7df
ipm,iter0010,apxchol_cpu_gks,1.3063930677873543,reported_offdiagonal_stored_factor_ratio,,complete,,,results/astra-review-20260905/parac-headline-publication-20260909/final27/cells/ipm/e56d3cd74e428b8e1ec2.json,3018ed7d484416045d265030d9bc189dd43368b31a2f5efcbf231398516551db
ipm,iter0020,parac_physics_cpu,3.0166695037933517,exact_trimmed_factor_offdiagonal_counts,,complete,11075868,d09fb09c8c7eeca48b9ddcc7d8c75a9756b0883032d8bb60a2ae853cbe8923c3,results/astra-review-20260905/parac-headline-publication-20260909/final27/cells/ipm/e8daff4e6fb6ee860ec4.json,ced4f815aa822756a64491e19fe9162e0b80332c485ea67e706a20bfe7fd54a1
ipm,iter0020,apxchol_cpu_gks,1.8234456517742483,reported_offdiagonal_stored_factor_ratio,,complete,,,results/astra-review-20260905/parac-headline-publication-20260909/final27/cells/ipm/edd9d106a4c97e1e8ced.json,94684e0d20e0808fed95f0378bb029eb26b878f3c909a8b47222b474f342adb1
ipm,iter0040,parac_physics_gpu,2.625203490074369,exact_trimmed_factor_offdiagonal_counts,,complete,9638579,0553b67119c9b00b4898d4a2d6ea60471466230f0362314af397410e4dae2c1c,results/astra-review-20260905/parac-headline-publication-20260909/final27/cells/ipm/f07d1d192e666eea512b.json,65a9c63d66f90a2137d0ec68ed66041c7288fea76c56ab0f8a8b72cd30b7dc2a
ipm,iter0040,parac_physics_cpu,3.009330106725897,exact_trimmed_factor_offdiagonal_counts,,complete,11048921,4118c74e6df4efa8bbd757e7077bda1bed63fce48a424c462104d32ed6f0729b,results/astra-review-20260905/parac-headline-publication-20260909/final27/cells/ipm/f44549a098de6a0c404d.json,e330aaf8c03ddeb7883fb12e40e0f183b67d1b6c578449c1379a2c52c815bd16
ipm,iter0040,parac_graph_gpu,2.624787589999333,exact_trimmed_factor_offdiagonal_counts,,complete,9637052,e441e07b1a43137fe5558ac5b673872be86b233ace6cd8105b18e91c172c0320,results/astra-review-20260905/parac-headline-publication-20260909/final27/cells/ipm/f54d521b6719c81a1d4c.json,5af08416105c204324a68d52ddc2215190d4b18c963ed309bc1d9cb6af5e7aa1
ipm,iter0030,apxchol_gpu_q08,1.7086689427231787,reported_offdiagonal_stored_factor_ratio,,complete,,,results/astra-review-20260905/parac-headline-publication-20260909/final27/cells/ipm/f7bd2edef2384ce094c8.json,ecca6b4a3feccdad7805472ac1c75933173ef8e526a6b88c6c8c19ea84eb742b
ipm,iter0040,rchol,2.742586391025056,rounded_native_ratio_diagonal_corrected,5.356993154126794e-05,complete,,,results/astra-review-20260905/parac-headline-publication-20260909/final27/cells/ipm/f8a3b756bf8dc6a9fd6e.json,19f13e65bd525567c2cb9e088e71b521514637cf1ada29857048650fd4c95006
ipm,iter0030,parac_physics_gpu,2.6151208411694773,exact_trimmed_factor_offdiagonal_counts,,complete,9601560,b3a923241cd71bb5e2163e4bc6c7d833333f5226508112350a96f7be246f172e,results/astra-review-20260905/parac-headline-publication-20260909/final27/cells/ipm/fd13addd352c2459985f.json,53032a2197dcdbca227a94b2f51787411d91328dbd2223e03748b7a8e5e26370
suitesparse,com-Orkut,apxchol_cpu_trace,2.992345322655103,reported_offdiagonal_stored_factor_ratio,,complete,,,results/astra-review-20260905/parac-headline-publication-20260909/final27/cells/suitesparse/00116d7cb171301fbb91.json,ea57aa1fd2108b748f863ed4d56181912742653bc61f31efee44199a3fd37a8a
suitesparse,kron_g500-logn16,parac_physics_cpu,,missing_factor_measurement,,complete,,,results/astra-review-20260905/parac-headline-publication-20260909/final27/cells/suitesparse/003ceec95f1485e6a5fd.json,e7949e5846bca2cc92a53bf8e488bbdd27f856b722bfe5841f071615010d9918
suitesparse,coAuthorsDBLP,parac_physics_gpu,1.6903033315740592,exact_trimmed_factor_offdiagonal_counts,,complete,1652569,799054d30a85262a4a0c11b8fb318c6217a2e6751b193ff2c3f04938ddb0a14e,results/astra-review-20260905/parac-headline-publication-20260909/final27/cells/suitesparse/0506fef95cea881d3e21.json,9ee96e08440e3051d2260bd0b8a4eab077158632f2c1a6ee8b71d91364149462
suitesparse,ecology1,apxchol_cpu_trace,2.8659144144144144,reported_offdiagonal_stored_factor_ratio,,complete,,,results/astra-review-20260905/parac-headline-publication-20260909/final27/cells/suitesparse/0647a1064cdeb4d26379.json,b50a370a27eee749aa40aa0b267da1f30d8c2bf15d6929242e08fd1216b275eb
suitesparse,ecology1,parac_physics_gpu,2.5419564564564565,exact_trimmed_factor_offdiagonal_counts,,complete,5078829,4c85a4a4e23834764e5622550632c4041459a439459dbbdf7b7c52e3924b298b,results/astra-review-20260905/parac-headline-publication-20260909/final27/cells/suitesparse/0b37122e22dbe3b2b073.json,5e9ca18cf7cefe99e0dc9335c1fa2f84eeaf902ab033d25721d87ae3695cf5a8
suitesparse,kron_g500-logn16,parac_graph_cpu,,missing_factor_measurement,,complete,,,results/astra-review-20260905/parac-headline-publication-20260909/final27/cells/suitesparse/0c8985fc84845fde770e.json,61874706f7cd36eb9eff1348da50ca91fb000ed7471ac9b4a9678d853909b46e
suitesparse,ecology1,parac_graph_gpu,2.5426126126126127,exact_trimmed_factor_offdiagonal_counts,,complete,5080140,952f9246d902bbae579b8b968fdf79966d192c617f2358d7d328416266d24b3c,results/astra-review-20260905/parac-headline-publication-20260909/final27/cells/suitesparse/0f832116c2e822539516.json,d41b513ac904fd29a53c6d39dbeb49d4f2ae714d217db57f9a84f37ca9e2e0b2
suitesparse,as-Skitter,ac,,missing_factor_measurement,,complete,,,results/astra-review-20260905/parac-headline-publication-20260909/final27/cells/suitesparse/101b3655e2574d61086c.json,789f5dab5b7def4bb3e4430c56aa31c1ff50141eeebf6e0793ae0ad323985fb8
suitesparse,com-Orkut,ac,,missing_factor_measurement,,timeout,,,results/astra-review-20260905/parac-headline-publication-20260909/final27/cells/suitesparse/110534f7c55c0fa81fd6.json,d730904fb48fdc7bbe83a6f6673ba5ebc84854fedc62cfbf979a66f6646ec104
suitesparse,parabolic_fem,parac_graph_cpu,,missing_factor_measurement,,complete,,,results/astra-review-20260905/parac-headline-publication-20260909/final27/cells/suitesparse/12e4f71fa6c83c3dc44a.json,709c551df283b71feeca986c31352525b60893ec4c5f19f31b49dbc880fa9768
suitesparse,ecology1,apxchol_gpu_q08,2.219592092092092,reported_offdiagonal_stored_factor_ratio,,complete,,,results/astra-review-20260905/parac-headline-publication-20260909/final27/cells/suitesparse/1356f32e10f0490e1e56.json,60ecbe513a91aa14e30dd00a58c36969cae796437a0338d8480760d15ba17441
suitesparse,as-Skitter,apxchol_cpu_trace,1.4019969540250294,reported_offdiagonal_stored_factor_ratio,,complete,,,results/astra-review-20260905/parac-headline-publication-20260909/final27/cells/suitesparse/155b18df3b9e0d73f882.json,3713f6e0e0c9c326e4c2e5577106a2d3e3ae919baeca39c617eb699748514093
suitesparse,com-Amazon,rchol,3.084834540249624,rounded_native_ratio_diagonal_corrected,5.90418275960392e-05,complete,,,results/astra-review-20260905/parac-headline-publication-20260909/final27/cells/suitesparse/15e62a6af2af625c7018.json,18857f245279ea5dd09a445589e3d35d751399683bbf68e60694c00cb137f33e
suitesparse,as-Skitter,apxchol_gpu_q02,1.3440955799474696,reported_offdiagonal_stored_factor_ratio,,complete,,,results/astra-review-20260905/parac-headline-publication-20260909/final27/cells/suitesparse/1a78a1ca2bcac2e5cbe6.json,ec11f6ffb5ebcfc7b5badc75e5e78402e9c2f8e47f756f357fcbef19003f6371
suitesparse,coAuthorsDBLP,ac2,,missing_factor_measurement,,complete,,,results/astra-review-20260905/parac-headline-publication-20260909/final27/cells/suitesparse/1ab5fa0857b786df07ed.json,9cb442e4bc576ef67de771e45d5e4e43bbc56b00c9fb843f569f9ed55d5cfd71
suitesparse,parabolic_fem,ac2,,missing_factor_measurement,,n/a,,,results/astra-review-20260905/parac-headline-publication-20260909/final27/cells/suitesparse/1c9d9b63aa544b466516.json,1237cba2257d16d8c9b08cb9d0028d08643cb6f6854bdd6b49ecb1118ea58f21
suitesparse,coPapersDBLP,ac,,missing_factor_measurement,,complete,,,results/astra-review-20260905/parac-headline-publication-20260909/final27/cells/suitesparse/1f042cf9c266bb64ffb9.json,0f78b0520edc968f698f7314c3a7fd330c216ca083ab5ab181f6031d9654e3c9
suitesparse,com-Amazon,rchol_par,2.3730262667517756,rounded_native_ratio_diagonal_corrected,5.90418275960392e-05,complete,,,results/astra-review-20260905/parac-headline-publication-20260909/final27/cells/suitesparse/2076451a966135d42d21.json,5a785ee12472a81e1d329977d6d43c956f040180b19e766aae272616dd459df7
suitesparse,coPapersDBLP,parac_graph_gpu,1.4553779619196956,exact_trimmed_factor_offdiagonal_counts,,complete,22188298,020996e83fb83b0dbf7f0363254d65f730e3643bc975da65d332a380399a7612,results/astra-review-20260905/parac-headline-publication-20260909/final27/cells/suitesparse/21884c7250492df2bb55.json,7eed325aa87cefb64d9e59bd4c057aa6ece80211acf9417d9b707b6cab1ad407
suitesparse,G3_circuit,parac_graph_gpu,,missing_factor_measurement,,not_converged,,,results/astra-review-20260905/parac-headline-publication-20260909/final27/cells/suitesparse/21c418c6a7df53243110.json,a83c5cc7aa908cb967f3168aba4a03cb67a3a5478e380bba924720d56b376542
suitesparse,com-Orkut,parac_physics_gpu,4.20729246742096,exact_trimmed_factor_offdiagonal_counts,,complete,493031917,cb1a1c592c1198a0f177d820922c38bc55d4a6b6738d5d5f3737d4e5e0bd1277,results/astra-review-20260905/parac-headline-publication-20260909/final27/cells/suitesparse/253a9c067898b68cb7ad.json,c3a4e612e39e9cb5914e422787ff47aac2d90ea161b3673efb61ee8f4b859188
suitesparse,com-LiveJournal,rchol_par,,missing_factor_measurement,,timeout,,,results/astra-review-20260905/parac-headline-publication-20260909/final27/cells/suitesparse/26ccb0c186e3dbe4509a.json,6cdf2116ba26fcb17952dcfe58ca4de8c55914ad1638d2a6d2fbba43fc04b6b1
suitesparse,G3_circuit,apxchol_cpu_trace,3.1866490610908214,reported_offdiagonal_stored_factor_ratio,,complete,,,results/astra-review-20260905/parac-headline-publication-20260909/final27/cells/suitesparse/2758d42fbce0ad4c4652.json,b0810fc33c819a6b651c73edf72a5a276b928d9bcd15a97fbd198dacdda15aa0
suitesparse,thermal2,apxchol_cpu_gks,1.8368489831981099,reported_offdiagonal_stored_factor_ratio,,complete,,,results/astra-review-20260905/parac-headline-publication-20260909/final27/cells/suitesparse/2a5425c55016a0436903.json,4acc1200913d37df11193bcd45eb28041f98a7b03dc1b57428c6e4e74d695231
suitesparse,coAuthorsDBLP,parac_physics_cpu,2.220778662869908,exact_trimmed_factor_offdiagonal_counts,,complete,2171202,cdf018b295db123b4d0cf3d5b1bda352a40b3a7b59182545e5c7faada0765e30,results/astra-review-20260905/parac-headline-publication-20260909/final27/cells/suitesparse/2aa3df22638fe42bd8dd.json,47f37ea7a847beb48ec8582f265997d1fbf2153b87e505e5854c74b4ad4c1b4c
suitesparse,as-Skitter,parac_graph_gpu,1.4460174931759382,exact_trimmed_factor_offdiagonal_counts,,complete,16043995,fdff04a075e76fc27534ffd2d4d5a0938b96976f782adabb2ada3b0a89ccffde,results/astra-review-20260905/parac-headline-publication-20260909/final27/cells/suitesparse/2ff050b1b9973204da0d.json,007c6ec1322009c58d78ddfadea6b4213c2c726e8801fe970415499e02190270
suitesparse,thermal2,ac2,,missing_factor_measurement,,n/a,,,results/astra-review-20260905/parac-headline-publication-20260909/final27/cells/suitesparse/3056904ec79fd8db12c8.json,3a001a7d32a5ce24c9644b3f21454d1f6b2cc21ada8225daaeece465e106dbff
suitesparse,kron_g500-logn16,parac_physics_gpu,,missing_factor_measurement,,complete,,,results/astra-review-20260905/parac-headline-publication-20260909/final27/cells/suitesparse/3736484e488160b8894b.json,7b45871ce16f2278c3928c8a15aa638e104b9ab715c2b637fa01a92c6da40f05
suitesparse,kron_g500-logn16,rchol,2.262556817331421,rounded_native_ratio_diagonal_corrected,5.066708169267094e-05,complete,,,results/astra-review-20260905/parac-headline-publication-20260909/final27/cells/suitesparse/382a45bae70fb0d5b75f.json,d14a6011c66cdf0dae8ce7b4408f8d8bfad62351054191a2d4207dda1249970c
suitesparse,parabolic_fem,apxchol_cpu_trace,1.9020185467479676,reported_offdiagonal_stored_factor_ratio,,complete,,,results/astra-review-20260905/parac-headline-publication-20260909/final27/cells/suitesparse/396d4dac8ab1e08807c5.json,63cabc1a5e148f64a0732922c272d6186d5b71c87495772252b5667e681c6cc5
suitesparse,ecology1,rchol,3.363147847847848,rounded_native_ratio_diagonal_corrected,6.251251251251252e-05,complete,,,results/astra-review-20260905/parac-headline-publication-20260909/final27/cells/suitesparse/39d7debd2a105933b4d1.json,9b43a83f589d6838b2692df9ec2efd445719fff6427e2f8316c22c2b2a553271
suitesparse,com-Youtube,ac2,,missing_factor_measurement,,complete,,,results/astra-review-20260905/parac-headline-publication-20260909/final27/cells/suitesparse/39f9e171f8518e5a87db.json,70708469c4018aec658984852b508bc61a0631999c10ccb0043dea1386cf91f0
suitesparse,apache2,apxchol_cpu_gks,2.3884121019018236,reported_offdiagonal_stored_factor_ratio,,complete,,,results/astra-review-20260905/parac-headline-publication-20260909/final27/cells/suitesparse/3a1c889c9b71c4ad06d2.json,1b74725ecd81137271a2cd1f06cf98dadac5d6a0fa0a84479f5c1c744c30ccbc
suitesparse,apache2,ac,,missing_factor_measurement,,not_converged,,,results/astra-review-20260905/parac-headline-publication-20260909/final27/cells/suitesparse/3b180eb285db06f6832d.json,27a36b74bc3ba2a156c21e405be0ae26380834c8fc8794ad35966a49274808b4
suitesparse,com-LiveJournal,parac_physics_cpu,6.824141525251629,exact_trimmed_factor_offdiagonal_counts,,complete,236669342,55fc801ac101030f2d566a7512862210cf2c1f1eead99f5e7d013ba2db435408,results/astra-review-20260905/parac-headline-publication-20260909/final27/cells/suitesparse/3b2f9fec56d45d5ac53c.json,651f4092e6dc49259524e2a5a89f29968e267959eaffa7c5ba72da329a8423d9
suitesparse,ecology1,apxchol_cpu_gks,2.2308043043043044,reported_offdiagonal_stored_factor_ratio,,complete,,,results/astra-review-20260905/parac-headline-publication-20260909/final27/cells/suitesparse/3bc54ea2e72f074a9d85.json,983cbb6a3ed7386cd75c901844c85a1649d3793bf107fceb2ef6c2c9bc26f070
suitesparse,com-Amazon,apxchol_gpu_q08,1.7580572692553615,reported_offdiagonal_stored_factor_ratio,,complete,,,results/astra-review-20260905/parac-headline-publication-20260909/final27/cells/suitesparse/3daac5ba2b78cce4e501.json,3b39e7e642fc4d7358ac31c11f937d972e8c032bd72ab0cd17331b275195b4cf
suitesparse,as-Skitter,rchol_par,2.63854864128931,rounded_native_ratio_diagonal_corrected,5.382237367576789e-05,not_converged,,,results/astra-review-20260905/parac-headline-publication-20260909/final27/cells/suitesparse/3e1ad3ea4bc7bd3936ab.json,6f01585971bd67a12eb0a5047066b7993625819ea4fa5c7dbad3ffd1315d99c7
suitesparse,G3_circuit,ac,,missing_factor_measurement,,not_converged,,,results/astra-review-20260905/parac-headline-publication-20260909/final27/cells/suitesparse/3e24c2eee78e6c5b71a0.json,4acaf23f13885c9252c4c5b2e65a6a5ab84a83e36c613d12e092171951c89ec1
suitesparse,com-Youtube,apxchol_cpu_trace,1.7869410608563863,reported_offdiagonal_stored_factor_ratio,,complete,,,results/astra-review-20260905/parac-headline-publication-20260909/final27/cells/suitesparse/466180657df6a1aa43de.json,0f39b40506202ed841c7b759b5554e0b435e92908c0865d644f42323ecb2e99d
suitesparse,apache2,parac_graph_gpu,2.9337995960702896,exact_trimmed_factor_offdiagonal_counts,,complete,6018241,533129dcc2fcd8823516692e469166e204473e6919258014702c0a1cb31c6701,results/astra-review-20260905/parac-headline-publication-20260909/final27/cells/suitesparse/494c8c7dbefa61dcb93c.json,fa6814049a4c85c6a5b848b4d192944a487157bd3700c1a47de4b0c390f50e52
suitesparse,com-Orkut,apxchol_gpu_q02,2.747653231597745,reported_offdiagonal_stored_factor_ratio,,complete,,,results/astra-review-20260905/parac-headline-publication-20260909/final27/cells/suitesparse/4a851cd546c4feb97844.json,f7880e3b595e3013d562e08764391fcc87ab5809da682101f59416453adf1920
suitesparse,com-Orkut,ac2,,missing_factor_measurement,,timeout,,,results/astra-review-20260905/parac-headline-publication-20260909/final27/cells/suitesparse/4ad8160e709d5913122e.json,30bd1a8a9c09c717107eab540b52831e5c3178bfd69934c01aa6b9e22be94e0a
suitesparse,kron_g500-logn16,apxchol_cpu_trace,1.117703030571999,reported_offdiagonal_stored_factor_ratio,,complete,,,results/astra-review-20260905/parac-headline-publication-20260909/final27/cells/suitesparse/4bdba3a4bf70695de955.json,0abf250e30d05f2052f690db6339d5beb2aa047611ba5c9f06809e539c30ae9c
suitesparse,ecology1,ac,,missing_factor_measurement,,complete,,,results/astra-review-20260905/parac-headline-publication-20260909/final27/cells/suitesparse/4c9a163d79d0f3f7b3f3.json,f0b1ca4b5c281498008120ec525145e6dd175c44a018e13743bd04e23b35cb27
suitesparse,com-LiveJournal,ac,,missing_factor_measurement,,complete,,,results/astra-review-20260905/parac-headline-publication-20260909/final27/cells/suitesparse/4ca01a43e675d89aefdc.json,0f4fc4387e53517fe6b77a81cc52d53c566b5f54255d8e2a1c74dfb912b67b9c
suitesparse,com-Orkut,parac_graph_gpu,4.206775968234797,exact_trimmed_factor_offdiagonal_counts,,complete,492971391,35cd6346d387a965edc58e14219efcde4cc019bd5545a4aa2f486450b3db369e,results/astra-review-20260905/parac-headline-publication-20260909/final27/cells/suitesparse/4f1ccbdc21622e2966e8.json,aa7434c0e2e86678e18b155f8dc3212beb5f13caffa76404b55abaf7b137c8f5
suitesparse,ecology1,ac2,,missing_factor_measurement,,complete,,,results/astra-review-20260905/parac-headline-publication-20260909/final27/cells/suitesparse/4fdbcaa271a2c7857cbe.json,61a54f75a4ee91fe10e9e7fce7307dc80bf2c57da9b568219175ddae10d0bb86
suitesparse,com-LiveJournal,parac_graph_gpu,3.181609603984454,exact_trimmed_factor_offdiagonal_counts,,complete,110342004,ef0399c2e8b590e7b8c37728c0c694da2483ba434da1e9168b5094a01d49fba5,results/astra-review-20260905/parac-headline-publication-20260909/final27/cells/suitesparse/520a9e473d4c066f699a.json,c03b780f4d0f4a36b8d9a71209f5a46b8eae97e999fc18322418957da879fc86
suitesparse,apache2,rchol,4.124812130273425,rounded_native_ratio_diagonal_corrected,5.871593153181788e-05,complete,,,results/astra-review-20260905/parac-headline-publication-20260909/final27/cells/suitesparse/5212ba80e45de1c6cf9f.json,5f02dd8d8a9deec145fad486928e501281dba59eff378738db8bcf2cb3f1cb00
suitesparse,G3_circuit,parac_physics_gpu,2.8536334050329297,exact_trimmed_factor_offdiagonal_counts,,complete,8668408,11016b0cbffc2b2abbae4a080a0dd909949f659f1caf701dca31afd607252b21,results/astra-review-20260905/parac-headline-publication-20260909/final27/cells/suitesparse/539d0bfcf727933bc808.json,cc81b346a53b1d95ac5171cfa2dc1a2af9666f1066cca533dfd2b7e3e438d606
suitesparse,parabolic_fem,rchol,2.1601113281249997,rounded_native_ratio_diagonal_corrected,5.8349609375000004e-05,complete,,,results/astra-review-20260905/parac-headline-publication-20260909/final27/cells/suitesparse/5484e42c56217bcf5a14.json,f53d67b179b6efa5a11c13c0cdc91a678d036ebff3afde67e228be56ca06ffdb
suitesparse,as-Skitter,rchol,3.849874983236142,rounded_native_ratio_diagonal_corrected,5.382237367576789e-05,not_converged,,,results/astra-review-20260905/parac-headline-publication-20260909/final27/cells/suitesparse/57ccb79a80bd16010d5e.json,55c3fc096ea4d66406c3085494d34c2a37215aff5f5b0af03045e10230938abd
suitesparse,ecology1,rchol_par,4.0215296296296295,rounded_native_ratio_diagonal_corrected,6.251251251251252e-05,complete,,,results/astra-review-20260905/parac-headline-publication-20260909/final27/cells/suitesparse/59bf8b21f0964f6d65b8.json,71192c8a6e3e01c61b4e3ee588657bed2223a31ba10e086fe4ab5546b31810d7
suitesparse,thermal2,apxchol_gpu_q02,1.8241862238971702,reported_offdiagonal_stored_factor_ratio,,complete,,,results/astra-review-20260905/parac-headline-publication-20260909/final27/cells/suitesparse/5a9a07c32dd45c95a66b.json,efb6a2f7d6eee28fcc12a67edd9dbd6cdc66a46bbec05d8d642c651e577927e3
suitesparse,ecology1,apxchol_gpu_q02,2.2126076076076076,reported_offdiagonal_stored_factor_ratio,,complete,,,results/astra-review-20260905/parac-headline-publication-20260909/final27/cells/suitesparse/5a9c7279f20459ef0db5.json,5bf3c9cb86b502b620bcd9c9de1d29189d215978b4d3a8cb5e8b95945444281f
suitesparse,thermal2,parac_graph_cpu,,missing_factor_measurement,,complete,,,results/astra-review-20260905/parac-headline-publication-20260909/final27/cells/suitesparse/5d1687bac17934f8ffdf.json,d47b5697bb7bfe8e3527d9579417d54f8d5dd6891f8a824f25ee55e7b4c33c9a
suitesparse,coPapersDBLP,rchol,2.3175304548572258,rounded_native_ratio_diagonal_corrected,5.088629084250416e-05,complete,,,results/astra-review-20260905/parac-headline-publication-20260909/final27/cells/suitesparse/5d6d2c530955e91596fd.json,82ff6e776c49b185c82ca3f1aaaec97fccad29162f31ab3efc0bca0decc2b330
suitesparse,coAuthorsDBLP,apxchol_gpu_q08,1.515198286548918,reported_offdiagonal_stored_factor_ratio,,complete,,,results/astra-review-20260905/parac-headline-publication-20260909/final27/cells/suitesparse/5e25ca7ece7dccaaa348.json,5f6d453ae86ce28f091e68a6ec738257ede332d903551a240ccf4a9caf003407
suitesparse,com-Orkut,apxchol_gpu_q08,2.744007827344373,reported_offdiagonal_stored_factor_ratio,,complete,,,results/astra-review-20260905/parac-headline-publication-20260909/final27/cells/suitesparse/64768f62ca7f5c623ec2.json,7fff8beb735a9dee56d7c86fc5b1fabe4137610646608c62da4eb41826094acc
suitesparse,com-Orkut,apxchol_cpu_gks,2.8529970832550418,reported_offdiagonal_stored_factor_ratio,,complete,,,results/astra-review-20260905/parac-headline-publication-20260909/final27/cells/suitesparse/672fe72dabb5b6a9978b.json,ba10fcea96ae86b3b33cc835ec8084c7aa1e5b9cb45acbc965ebd9f3586cefae
suitesparse,coPapersDBLP,rchol_par,2.3078620595971504,rounded_native_ratio_diagonal_corrected,5.088629084250416e-05,complete,,,results/astra-review-20260905/parac-headline-publication-20260909/final27/cells/suitesparse/69035460f7c35fc089d5.json,82e6d7dc0425f7588560d12dbc1039516f19a1c957528f3531a59a0c46f32c58
suitesparse,kron_g500-logn16,apxchol_gpu_q08,1.4385606116435559,reported_offdiagonal_stored_factor_ratio,,complete,,,results/astra-review-20260905/parac-headline-publication-20260909/final27/cells/suitesparse/691fbbca9dcab25d3b98.json,2fec4d2351c262e25eaf7330bb21351cd5c18a33561522b260270746fe3bbab4
suitesparse,thermal2,rchol,,missing_factor_measurement,,failed,,,results/astra-review-20260905/parac-headline-publication-20260909/final27/cells/suitesparse/6b7adeb8c643c9764584.json,164fb5851ce2f3e7757f9f567997df2f7ebe60d75c731b896484110a1738bd81
suitesparse,thermal2,rchol_par,,missing_factor_measurement,,failed,,,results/astra-review-20260905/parac-headline-publication-20260909/final27/cells/suitesparse/6cfd7ea33d25c723f4ef.json,6e50d8c02ba62bd2318fd3337908239bbc38aab606c4708e8bb7c3f510517af3
suitesparse,coAuthorsDBLP,apxchol_gpu_q02,1.683657980762543,reported_offdiagonal_stored_factor_ratio,,complete,,,results/astra-review-20260905/parac-headline-publication-20260909/final27/cells/suitesparse/6fac3e1842ef8a41248d.json,152c15c54b192df39ffd1fcf3f6081e82f42f72cb159c1de491d758aff67879e
suitesparse,thermal2,apxchol_cpu_trace,2.177356157310914,reported_offdiagonal_stored_factor_ratio,,complete,,,results/astra-review-20260905/parac-headline-publication-20260909/final27/cells/suitesparse/7236ddbc582a3833db63.json,75a201d7bc0176a1352a2ed12dbf0f2bbfde85e14446f06bbadae9b6d827f616
suitesparse,com-Youtube,parac_physics_cpu,2.7025077452852164,exact_trimmed_factor_offdiagonal_counts,,complete,8074077,eb9b6cc8becd7bb7a5e5d7e32e10f3f8e98dec17db011d60f20c96a38b38fd86,results/astra-review-20260905/parac-headline-publication-20260909/final27/cells/suitesparse/72aca6e8e5ac2a9fdbe9.json,15a4c7582e169b62e060139f3b7b503e5095e1c15418b77471c1eb74d6daf106
suitesparse,coPapersDBLP,parac_physics_cpu,2.1317579500462065,exact_trimmed_factor_offdiagonal_counts,,complete,32500204,b3d1e505fe4a93ec9f9f935eb4c135b6b88402a5f14bc22d2e64a22e581eb366,results/astra-review-20260905/parac-headline-publication-20260909/final27/cells/suitesparse/74439d38e392d5677a70.json,758a0505b19379d726e0b1d0aa703d3ce61585a820b057e4c7f9221894a21045
suitesparse,thermal2,parac_graph_gpu,2.0249278181916113,exact_trimmed_factor_offdiagonal_counts,,complete,7443906,fcd2958c1639476214a6a1ebc510e761885bf22c2752ec34accb7813cab7d581,results/astra-review-20260905/parac-headline-publication-20260909/final27/cells/suitesparse/749381914a5f46e9dccb.json,0f549dbb9fc833a5d7b0558a229d8dfa8867b0e91a840b895076b98bb56971db
suitesparse,parabolic_fem,parac_physics_cpu,,missing_factor_measurement,,complete,,,results/astra-review-20260905/parac-headline-publication-20260909/final27/cells/suitesparse/74ccc032099db1179975.json,ba5da38c81eb884159bb78966320390b1852d4bc35f722e2dc70386e691e408d
suitesparse,as-Skitter,apxchol_cpu_gks,1.35666685112919,reported_offdiagonal_stored_factor_ratio,,complete,,,results/astra-review-20260905/parac-headline-publication-20260909/final27/cells/suitesparse/760db1aa5899aefb0dbb.json,01fc992eecc7bdbab1a5434609bd10dc52e0a2436c30724569933a6c7688993f
suitesparse,coAuthorsDBLP,rchol,3.4001399408392965,rounded_native_ratio_diagonal_corrected,5.764739545616339e-05,complete,,,results/astra-review-20260905/parac-headline-publication-20260909/final27/cells/suitesparse/770990daa77ffb7949b4.json,643534bd3feb7d90d52651f53607c23e30eed3d49c4d68cecff05ce3cbb75b71
suitesparse,parabolic_fem,rchol_par,,missing_factor_measurement,,failed,,,results/astra-review-20260905/parac-headline-publication-20260909/final27/cells/suitesparse/7727e0b3e483143ce087.json,4b97fdde385a8a527d7d02538eb7bd1014f34a45c6c5d5817748296d808cde5a
suitesparse,com-Youtube,apxchol_gpu_q02,1.6558773794828265,reported_offdiagonal_stored_factor_ratio,,complete,,,results/astra-review-20260905/parac-headline-publication-20260909/final27/cells/suitesparse/7a898b4e59fbbe6fcb13.json,c0582efed66787ad9db9381e9523160aae67ebf4e022ae7724c6e62853e2c13f
suitesparse,com-Amazon,ac,,missing_factor_measurement,,complete,,,results/astra-review-20260905/parac-headline-publication-20260909/final27/cells/suitesparse/7fb79cbf08c1f47e0744.json,e59146ea35ed4b4aaf27443f2b4006b3d8f8a14b3830a19634ce240cbb73f826
suitesparse,com-LiveJournal,apxchol_gpu_q02,2.381047374125495,reported_offdiagonal_stored_factor_ratio,,complete,,,results/astra-review-20260905/parac-headline-publication-20260909/final27/cells/suitesparse/802ff012642bc4aeb077.json,43a9bae8e64476856bb40183c40fc7e1454a6c2599c4af313b6f600097a5ff01
suitesparse,coPapersDBLP,apxchol_cpu_gks,1.2603247112683165,reported_offdiagonal_stored_factor_ratio,,complete,,,results/astra-review-20260905/parac-headline-publication-20260909/final27/cells/suitesparse/8152d67cb76ea93b3565.json,8d8a89217d11ea0ede651e9e543128b4d54070565f11e5608f77ef421133a2f2
suitesparse,thermal2,apxchol_gpu_q08,1.8383083968103449,reported_offdiagonal_stored_factor_ratio,,complete,,,results/astra-review-20260905/parac-headline-publication-20260909/final27/cells/suitesparse/85749872f82bfd066520.json,0e502f0e7a5c28f54d9fb5ec63eedeb723777e7bbd1036b84258c216361b5e05
suitesparse,com-Orkut,parac_physics_cpu,7.6667621509471475,exact_trimmed_factor_offdiagonal_counts,,complete,898430159,45d1785a2c4e410de717c7b2def16baece82311da44949d06ea5bddf0d85de48,results/astra-review-20260905/parac-headline-publication-20260909/final27/cells/suitesparse/86b02f838b7d9565ee1e.json,306297b099db969b5062f895113a545afefe4fbe2ec7761de0adc79467976085
suitesparse,G3_circuit,apxchol_cpu_gks,2.4181916821884113,reported_offdiagonal_stored_factor_ratio,,complete,,,results/astra-review-20260905/parac-headline-publication-20260909/final27/cells/suitesparse/88efde75951851d7a48b.json,119f0bdfc877268cb9038c96678e9909e2b3ad5f90039e2ceeee4294f323041e
suitesparse,thermal2,parac_physics_cpu,,missing_factor_measurement,,complete,,,results/astra-review-20260905/parac-headline-publication-20260909/final27/cells/suitesparse/894f93edb6f254311dc5.json,2c9f08c60150adf2e1ab6e995c4bc2e7db4772b81501db358268c316abe4d904
suitesparse,parabolic_fem,ac,,missing_factor_measurement,,n/a,,,results/astra-review-20260905/parac-headline-publication-20260909/final27/cells/suitesparse/89b15a309f69cc9435ee.json,f3be79449d6b0207ab9ea20e3b7df077bdca93653af13caf51c638e8903244b3
suitesparse,com-Youtube,apxchol_cpu_gks,1.707599751508222,reported_offdiagonal_stored_factor_ratio,,complete,,,results/astra-review-20260905/parac-headline-publication-20260909/final27/cells/suitesparse/8b7f3e0a0212f9d2468d.json,6d8c28b6c886c4e307f9101efcf66db9aab89aee036a47c144ec06679193448f
suitesparse,as-Skitter,parac_physics_gpu,1.4461544881444375,exact_trimmed_factor_offdiagonal_counts,,complete,16045515,a7c8584086e7addf6e71f8c7af1653189254f93be4468d7f10bf72f4347dca0e,results/astra-review-20260905/parac-headline-publication-20260909/final27/cells/suitesparse/8bfa0af3ac98627d7474.json,821794f268b20ccf03bbca152d2ab3c44f8643c1422059055daaf6faa3dfc9ee
suitesparse,com-Youtube,parac_graph_gpu,1.8502442074370804,exact_trimmed_factor_offdiagonal_counts,,complete,5527834,d67c8f9f1035dd38c1463640eca6cb64617a4508f8135746dc2ca2d832cecf5a,results/astra-review-20260905/parac-headline-publication-20260909/final27/cells/suitesparse/903d2daafbab6f3163fd.json,4362e2df7685be134df86597e5fdbe884781ced4c3f55a7e3ce8536dac4c2999
suitesparse,com-Amazon,parac_physics_cpu,1.9034099745969206,exact_trimmed_factor_offdiagonal_counts,,complete,1762314,32dc60671b0ec681461252ab5f6285684fb76acdce3ca58ed426d7bfd55f813a,results/astra-review-20260905/parac-headline-publication-20260909/final27/cells/suitesparse/920d42c8f9bca9054b80.json,d85fa553332fab51b44b86d5382fd47f7d9dc9f42b2477cf67860dd052745e19
suitesparse,parabolic_fem,parac_graph_gpu,1.7295020325203252,exact_trimmed_factor_offdiagonal_counts,,complete,2722928,ef9b0f637a1b2151e5b4cc05d777eab7ab238f8412fb01cbcbe26ebbe64cb500,results/astra-review-20260905/parac-headline-publication-20260909/final27/cells/suitesparse/927f5792c7da7044571d.json,1555e899412bfdec1e70dae0b757ad80e274b404a482de4e34f2d4c54ee9481f
suitesparse,com-Amazon,apxchol_cpu_trace,2.079974337705428,reported_offdiagonal_stored_factor_ratio,,complete,,,results/astra-review-20260905/parac-headline-publication-20260909/final27/cells/suitesparse/92b10381f5bafbc40e4d.json,6a99c81498d5b5412fb63e16fa6dbe17171662293d1318000c174684304f9413
suitesparse,com-Amazon,parac_graph_cpu,1.9048756199561063,exact_trimmed_factor_offdiagonal_counts,,complete,1763671,f73fcae384f1a47ae507106eeef2dfdf0be9294c6e7e677cc586230dfafba561,results/astra-review-20260905/parac-headline-publication-20260909/final27/cells/suitesparse/92b753b1ef296dddd6c2.json,3bc4f62bb302208d8a10012c9386e5f174390f4d06af216b63f81d79a30a8ebf
suitesparse,coAuthorsDBLP,ac,,missing_factor_measurement,,complete,,,results/astra-review-20260905/parac-headline-publication-20260909/final27/cells/suitesparse/9764267009d12175e674.json,d2db2598662392edc806b107e8cb0b6587f719196377fe5a986df03fb34a8677
suitesparse,as-Skitter,ac2,,missing_factor_measurement,,complete,,,results/astra-review-20260905/parac-headline-publication-20260909/final27/cells/suitesparse/97d4eee589f290c2ee97.json,3089c1c5d450e9c4ece1b3164410dae9f94182cf9ac15bb3fb30b955e10fa006
suitesparse,parabolic_fem,apxchol_gpu_q02,1.4762436483739838,reported_offdiagonal_stored_factor_ratio,,complete,,,results/astra-review-20260905/parac-headline-publication-20260909/final27/cells/suitesparse/987fe47b37f497d350af.json,1fff69a9c2893967d5798c5ad2ab804200abd0972d86e927ffd346bcee5a803d
suitesparse,coPapersDBLP,apxchol_gpu_q08,1.0376696319342946,reported_offdiagonal_stored_factor_ratio,,complete,,,results/astra-review-20260905/parac-headline-publication-20260909/final27/cells/suitesparse/999c3a4ec0d3bd656dd4.json,9d69b91f8af07c4fc32cd4bf265a0fb0a975ccb52ca36f32e844bfe97a3ad457
suitesparse,com-LiveJournal,rchol,,missing_factor_measurement,,timeout,,,results/astra-review-20260905/parac-headline-publication-20260909/final27/cells/suitesparse/9ad8498feb2bd1812e73.json,c885524047b1fa9e64f7ea43ff8ab893dfd28d49f518c492cd4985c4df85ed12
suitesparse,G3_circuit,rchol,3.725005706339785,rounded_native_ratio_diagonal_corrected,6.304845417908571e-05,complete,,,results/astra-review-20260905/parac-headline-publication-20260909/final27/cells/suitesparse/9ed9cfb8938aaa1d66ae.json,5bd7ad4ee646e09c78b938486bbd412447c85180221294713d297b344705dff0
suitesparse,coPapersDBLP,parac_graph_cpu,2.131833905745012,exact_trimmed_factor_offdiagonal_counts,,complete,32501362,320946331a96d8fea494f0c90457a8c4a00d9f5b7c058d651518d36248abd679,results/astra-review-20260905/parac-headline-publication-20260909/final27/cells/suitesparse/a0ae41744a0f1de7f6cc.json,0dd65a2493ade7e1d505040721b83f568be8aa5a1f158be1c39cf1bff61ffe81
suitesparse,apache2,parac_graph_cpu,3.111714887827364,exact_trimmed_factor_offdiagonal_counts,,complete,6383207,bede1b7d534a928d93a885b501363f43402a8dff210309e714b44e8705768f63,results/astra-review-20260905/parac-headline-publication-20260909/final27/cells/suitesparse/a12c7270d7a20c9f1a9b.json,c66ecc8c9767dc4cf7e5ba0ab47ce4ec4eed2e146fb6833b3ca8deb47e9faa08
suitesparse,com-LiveJournal,ac2,,missing_factor_measurement,,complete,,,results/astra-review-20260905/parac-headline-publication-20260909/final27/cells/suitesparse/a2b97b95e3ab46571367.json,0cdd899c6cf88740628ecf32cfad118e933d0c68f46f66712b4013b869b47aba
suitesparse,com-Youtube,parac_physics_gpu,1.8500661395142093,exact_trimmed_factor_offdiagonal_counts,,complete,5527302,f38fbd2f4cbad73cb37d215ebd352d861e54fe8656ea65604375f9b6ef90d27b,results/astra-review-20260905/parac-headline-publication-20260909/final27/cells/suitesparse/aaf0c9b6951fc5641fb7.json,1a8319e1259aad42d3460a6b96aa8bf080075d75ffe8f7993527422bad28781f
suitesparse,G3_circuit,apxchol_gpu_q08,2.427145572566378,reported_offdiagonal_stored_factor_ratio,,complete,,,results/astra-review-20260905/parac-headline-publication-20260909/final27/cells/suitesparse/ab5e545e189cb4a6a3bb.json,48dac0b3b0dabd975c80b5ef217ad2577918ba86fef8fe93861d337f70ab90cc
suitesparse,com-Amazon,ac2,,missing_factor_measurement,,complete,,,results/astra-review-20260905/parac-headline-publication-20260909/final27/cells/suitesparse/ac3f519d0c2bb17b597f.json,e5172ab22352a7b5f3a25a1832769e4dd1fd98db5f930089a5f3bff01f06c045
suitesparse,apache2,apxchol_gpu_q08,2.3999435492873706,reported_offdiagonal_stored_factor_ratio,,complete,,,results/astra-review-20260905/parac-headline-publication-20260909/final27/cells/suitesparse/acc319b35cc1f34db6fd.json,dafae4c946a94f03c6e43821c9456cf4958aa86b4a3af1431771058ca31078e7
suitesparse,coPapersDBLP,apxchol_gpu_q02,1.17839986529998,reported_offdiagonal_stored_factor_ratio,,complete,,,results/astra-review-20260905/parac-headline-publication-20260909/final27/cells/suitesparse/ad846af0cce12dc6f9a0.json,77c907492c7ae0f21be59a5b0ba5e8c541e094779388c4d242b7bd967e184b6c
suitesparse,coPapersDBLP,apxchol_cpu_trace,1.2889998897396118,reported_offdiagonal_stored_factor_ratio,,complete,,,results/astra-review-20260905/parac-headline-publication-20260909/final27/cells/suitesparse/aecb511def609dffde75.json,a1e8f34f5cfe75eeb7db10001487f424794e0bdc9a604791bc8377dc2b608d8a
suitesparse,apache2,apxchol_gpu_q02,2.3782012502029155,reported_offdiagonal_stored_factor_ratio,,complete,,,results/astra-review-20260905/parac-headline-publication-20260909/final27/cells/suitesparse/af22838b4db426713f74.json,b926abd9b132a9bbae98e79d7eb306dd889e678bb22f2c38d241e8fa6e1ed867
suitesparse,parabolic_fem,apxchol_cpu_gks,1.4520922256097561,reported_offdiagonal_stored_factor_ratio,,complete,,,results/astra-review-20260905/parac-headline-publication-20260909/final27/cells/suitesparse/b0b8856c96a56b7abb0d.json,db5b8970bb3e7f031d6b627244bc6ff6bfecc4e6d1015a634a0e8f394832b258
suitesparse,kron_g500-logn16,ac2,,missing_factor_measurement,,complete,,,results/astra-review-20260905/parac-headline-publication-20260909/final27/cells/suitesparse/b0f6eea15121825fbca6.json,cee02f901d8242184705990cadb27bf868fa45dadb4be1103c82846f762bdddd
suitesparse,com-Youtube,rchol_par,2.8538951067470335,rounded_native_ratio_diagonal_corrected,5.9496593279475603e-05,not_converged,,,results/astra-review-20260905/parac-headline-publication-20260909/final27/cells/suitesparse/b14fdce914552fbdd34a.json,52428c97e5a2b4496c6b80ff3f3295103fffbafb4b383609209798ac18c2afb5
suitesparse,coPapersDBLP,parac_physics_gpu,1.4553060729336065,exact_trimmed_factor_offdiagonal_counts,,complete,22187202,ded1f8c2dd9b218bed6f8c22dabd27c7ae3e3f8faea87bb3a893e6ebe148bc38,results/astra-review-20260905/parac-headline-publication-20260909/final27/cells/suitesparse/b25176364aa4d7cb5449.json,52f5f6784bc3fc801a6e6b8d7f70f57ca86976be86e507d56968f567f14e9d17
suitesparse,ecology1,parac_graph_cpu,2.515107107107107,exact_trimmed_factor_offdiagonal_counts,,complete,5025184,25d29adbf4289919213634540d9340da2d1e15715e0ea35cecb2aa50a4532230,results/astra-review-20260905/parac-headline-publication-20260909/final27/cells/suitesparse/b3944e86b9a50200083d.json,f89ee0875582340a101ee9a7514d15173ed2716dc1bdae858c730576a92195c4
suitesparse,G3_circuit,parac_physics_cpu,2.8617205137878523,exact_trimmed_factor_offdiagonal_counts,,complete,8692974,67437c0bd563ae5456bbdd3914edbecddff05bc9e5139a637069a460eb9948b8,results/astra-review-20260905/parac-headline-publication-20260909/final27/cells/suitesparse/b42573672249a195d9da.json,29d2e7fe2412b549cb70966e2be1b50f1557e59eac672e7c42f49a7e6f5850c4
suitesparse,coAuthorsDBLP,parac_graph_cpu,2.2234308707588197,exact_trimmed_factor_offdiagonal_counts,,complete,2173795,dfe2ca48d40bcf8f702b99a54f71250cfb61fdf6daf0c39e349064001b8a2d47,results/astra-review-20260905/parac-headline-publication-20260909/final27/cells/suitesparse/b46db573ecfc540a7d8e.json,d4e8d4085b860875b6d8f5398e204adf101ad5a8a8a31f59ceac40cf585c74cd
suitesparse,parabolic_fem,apxchol_gpu_q08,1.4831904217479674,reported_offdiagonal_stored_factor_ratio,,complete,,,results/astra-review-20260905/parac-headline-publication-20260909/final27/cells/suitesparse/b7be772a638c5c95dcc2.json,22a3a6136357998d254a4b4845af139d26518b01bb75ec1236c1029b84989d4b
suitesparse,apache2,apxchol_cpu_trace,2.9031070803720675,reported_offdiagonal_stored_factor_ratio,,complete,,,results/astra-review-20260905/parac-headline-publication-20260909/final27/cells/suitesparse/b849cae52f7c19e4f7c6.json,a60113eae20faf2b2b446b263f955b50c1e6b9399f90753c254f4209cb824934
suitesparse,com-Amazon,parac_physics_gpu,1.7692899234451414,exact_trimmed_factor_offdiagonal_counts,,complete,1638136,07fea9ca394f2ead8dd075f4fee8144df0054eb081cb925b9f9a10b9bccf39d5,results/astra-review-20260905/parac-headline-publication-20260909/final27/cells/suitesparse/b8fb5a01fd279d9a2614.json,de98ef0b1ea26f62d6aa285aa5fd0a7a869482d65dc9d8f9e2d0486755abd06b
suitesparse,apache2,rchol_par,5.378044972888546,rounded_native_ratio_diagonal_corrected,5.871593153181788e-05,complete,,,results/astra-review-20260905/parac-headline-publication-20260909/final27/cells/suitesparse/baecf7930be7443299a1.json,95ec439c2e940241a413bfe590afd3f90721599dba0b780cd230363f95abe882
suitesparse,as-Skitter,apxchol_gpu_q08,1.285940855306455,reported_offdiagonal_stored_factor_ratio,,complete,,,results/astra-review-20260905/parac-headline-publication-20260909/final27/cells/suitesparse/bb0c3b7ea71721392f12.json,fa21d8da707f94fa47ba6e40f350a730999cf31c0f41ec54adaaed08af4a87e8
suitesparse,com-Youtube,rchol,4.756239180264987,rounded_native_ratio_diagonal_corrected,5.9496593279475603e-05,complete,,,results/astra-review-20260905/parac-headline-publication-20260909/final27/cells/suitesparse/bd8b9e3238f5f895bcba.json,3f46d88a59f3501d1d87d5f3e75a0b7ea87bc6824366d5bac9f168a6f34e7463
suitesparse,coAuthorsDBLP,apxchol_cpu_trace,1.8888128582475177,reported_offdiagonal_stored_factor_ratio,,complete,,,results/astra-review-20260905/parac-headline-publication-20260909/final27/cells/suitesparse/bde91f48d0ff7108663a.json,f893b164ae7c4273ceb869274bbe404e3601f69620cfe9dab91804bede4aaf7b
suitesparse,G3_circuit,ac2,,missing_factor_measurement,,not_converged,,,results/astra-review-20260905/parac-headline-publication-20260909/final27/cells/suitesparse/bf99260cf729e49e3955.json,d084807e7d29df441562c2054534365408cbd9c1c5654ca071046c5783e0d257
suitesparse,com-Orkut,parac_graph_cpu,7.663979586889911,exact_trimmed_factor_offdiagonal_counts,,complete,898104084,d37f18821cb588c1f7a128e0cc294d2bcb31e860743173a6efd08a14f137fb5b,results/astra-review-20260905/parac-headline-publication-20260909/final27/cells/suitesparse/bfa587a082261be95ff5.json,0bee34e1b149bc6ec425e1ce237754b563b1c90360e9277fb51350063a1fff37
suitesparse,kron_g500-logn16,apxchol_gpu_q02,1.0491366088358194,reported_offdiagonal_stored_factor_ratio,,complete,,,results/astra-review-20260905/parac-headline-publication-20260909/final27/cells/suitesparse/bfc55fd91aa7f90fb972.json,25b03006f6c0bcbaea6c1c35f1e263cf2410f99f77baf75b7033b79b6438a60d
suitesparse,com-Amazon,parac_graph_gpu,1.7713236818912332,exact_trimmed_factor_offdiagonal_counts,,complete,1640019,f21136f42072f2548db3376f0db7009eb7874702bc7e6ce3535c9a016ae01e9d,results/astra-review-20260905/parac-headline-publication-20260909/final27/cells/suitesparse/c04b91c384cc281e688b.json,8a023a86b316440e068a7fc6623cab01de37f2c8f8fa496a6ab4361a7cf00528
suitesparse,com-LiveJournal,apxchol_cpu_gks,2.3929522427849865,reported_offdiagonal_stored_factor_ratio,,complete,,,results/astra-review-20260905/parac-headline-publication-20260909/final27/cells/suitesparse/c2d566c35b4649d5afc2.json,c0ac22aac8335f13088494c4dc28f067ec3ba871ab747a17d752b64690b3d5d8
suitesparse,com-Youtube,apxchol_gpu_q08,1.637649851520807,reported_offdiagonal_stored_factor_ratio,,complete,,,results/astra-review-20260905/parac-headline-publication-20260909/final27/cells/suitesparse/c8206b0e2be3c247a7eb.json,af0cdd838477567f286bd70e9d92c0e62daaf3f88e35ac6ee683ef1caa85a2ac
suitesparse,thermal2,ac,,missing_factor_measurement,,n/a,,,results/astra-review-20260905/parac-headline-publication-20260909/final27/cells/suitesparse/c84cb439b0aa346c3bd4.json,0698f81e32c29cc4c40e0635c7c13b1efdefc516659f80ad6d81ff647d2e55e6
suitesparse,thermal2,parac_physics_gpu,2.0226942217013852,exact_trimmed_factor_offdiagonal_counts,,complete,7435695,9fa24b1876b137690dafed6e95c4d23aa2f0d684cfd2a0a9da7252456b42b95e,results/astra-review-20260905/parac-headline-publication-20260909/final27/cells/suitesparse/c9edcf93bf7b6c7455b3.json,b184545d059e5618e9b3d958130b7a1f1c8d223d186645384c1b265a18ab1577
suitesparse,com-Youtube,parac_graph_cpu,2.701425279754079,exact_trimmed_factor_offdiagonal_counts,,complete,8070843,00c44cae078f10cb8b20da84869cc18f970018c7ff7ece81783615fd5e7e9efd,results/astra-review-20260905/parac-headline-publication-20260909/final27/cells/suitesparse/ca1ea70740181f95261b.json,55a8e6b2ebb56103d42c82196136990dc2a13984ac37ce25c13c3bce3b83ea16
suitesparse,G3_circuit,apxchol_gpu_q02,2.410206625200729,reported_offdiagonal_stored_factor_ratio,,complete,,,results/astra-review-20260905/parac-headline-publication-20260909/final27/cells/suitesparse/cad0052b6644222b5475.json,02994aa297445d77f2ce4d36fec943674c3e067fd7381faf74587fd716897f56
suitesparse,com-Youtube,ac,,missing_factor_measurement,,complete,,,results/astra-review-20260905/parac-headline-publication-20260909/final27/cells/suitesparse/cbbdcbf0ff145b9575ff.json,5f7564655261b3191e97691472876b8fe8599f676af5646392a024f80a72e836
suitesparse,as-Skitter,parac_graph_cpu,1.726406717512229,exact_trimmed_factor_offdiagonal_counts,,complete,19154997,ca78c4d2963bd82875238e23c443d55bf23d51236bb5616270fe11717de922d2,results/astra-review-20260905/parac-headline-publication-20260909/final27/cells/suitesparse/d04e099200e49adb3540.json,762df9de5fbf9c0d1ee7e2b7ba3c69d7e8adaa2267e8e281518b062fef92e631
suitesparse,G3_circuit,rchol_par,4.966681962942698,rounded_native_ratio_diagonal_corrected,6.304845417908571e-05,complete,,,results/astra-review-20260905/parac-headline-publication-20260909/final27/cells/suitesparse/d0ec351a2d2bd2380a5b.json,305ec42e1de23ccbda73fc49cb1d729fb0cbad3ff5e9991cb093ee9ca3d26474
suitesparse,com-LiveJournal,parac_physics_gpu,3.1815062626601414,exact_trimmed_factor_offdiagonal_counts,,complete,110338420,823de4b18258c17bb1e07b4c26ee96daa59d60e312b51a852d62708815164019,results/astra-review-20260905/parac-headline-publication-20260909/final27/cells/suitesparse/d26e5d0d114c7f727919.json,630b07b05618c090f47abf9a30c2335a652075c42ae78e9a78bd6fcb4b4952d9
suitesparse,G3_circuit,parac_graph_cpu,,missing_factor_measurement,,not_converged,,,results/astra-review-20260905/parac-headline-publication-20260909/final27/cells/suitesparse/d39281e03fd44fef096e.json,c536b69d8915ecae6be7cf9c6e6f8cd9c5bde31997e2e399002ab5be9d410c03
suitesparse,as-Skitter,parac_physics_cpu,1.7261037062726932,exact_trimmed_factor_offdiagonal_counts,,complete,19151635,e82c4e36526fbd5435e66ca54093fbfad25097fa1d2793f8308e9e3592196f9d,results/astra-review-20260905/parac-headline-publication-20260909/final27/cells/suitesparse/d392f07cb398b0cc10d1.json,6bb6ee9370586533e9ba6422744adcab80f8b8fad94234fbdb708fc0f88b398a
suitesparse,ecology1,parac_physics_cpu,2.513940940940941,exact_trimmed_factor_offdiagonal_counts,,complete,5022854,1a3ae8d27ed52efe9c19fb414cd3be9abb4aa1dfadc86164fe3761c9cb5d7096,results/astra-review-20260905/parac-headline-publication-20260909/final27/cells/suitesparse/d4c6ba8954186e355f82.json,8de4e9b609d305d5c96ef5ef2ab5972ee91b8c9cc2a345435ac77efc8c89ccd5
suitesparse,coAuthorsDBLP,apxchol_cpu_gks,1.7000765079637834,reported_offdiagonal_stored_factor_ratio,,complete,,,results/astra-review-20260905/parac-headline-publication-20260909/final27/cells/suitesparse/ddb5bf76b12c58df6999.json,daac2da61c2d76d8c4771a9f9cfd95ecaa33b4b0b503ead8fcf1733dfcc20a2c
suitesparse,com-Orkut,rchol,,missing_factor_measurement,,failed,,,results/astra-review-20260905/parac-headline-publication-20260909/final27/cells/suitesparse/e09e435647999b0829ca.json,49e37437351f06a2709813e296917fa75b6d4759a3620f291c9b37643d7dcb8d
suitesparse,com-Orkut,rchol_par,,missing_factor_measurement,,timeout,,,results/astra-review-20260905/parac-headline-publication-20260909/final27/cells/suitesparse/e1a19d3d4fc1e90d9e9f.json,cf7dd7a58c6d20522cc3c21d05978f151c2e292e8e4a3ecf81ad6e465e9cf837
suitesparse,coAuthorsDBLP,parac_graph_gpu,1.6878127314161337,exact_trimmed_factor_offdiagonal_counts,,complete,1650134,6e7b11bc9f15cf1e1ac274b634121c72fe815e5cdee7d28ad7e7d3c85ae9fd93,results/astra-review-20260905/parac-headline-publication-20260909/final27/cells/suitesparse/e2d31d2e48d14f4d27f0.json,8b6414d39bae5140a8f1df24f8283f76fd188e02894d1fe3ee0ea07fa6888ea6
suitesparse,com-Amazon,apxchol_cpu_gks,1.7570409300637668,reported_offdiagonal_stored_factor_ratio,,complete,,,results/astra-review-20260905/parac-headline-publication-20260909/final27/cells/suitesparse/e50e10dc92be4a9427a2.json,9c629a2ab19853ef19124f812c14a31b3b1b53f7e41ff5cfe450c87d9f2eaf93
suitesparse,apache2,parac_physics_cpu,3.090078860378083,exact_trimmed_factor_offdiagonal_counts,,complete,6338824,1de0ba153133323de21c18b572816600a0931d15ff118ba860c5be7a459b2332,results/astra-review-20260905/parac-headline-publication-20260909/final27/cells/suitesparse/e6c3a48b4499a84d3cd0.json,0e6a5178b97f54cea7fee97570166d300ae1600ca25b748e50ff3e37b95b4050
suitesparse,kron_g500-logn16,parac_graph_gpu,,missing_factor_measurement,,complete,,,results/astra-review-20260905/parac-headline-publication-20260909/final27/cells/suitesparse/e6fb87a402972fd34977.json,45b1478db565899add5df76116937cbcd2bf7840b28a25d4c53c68374692514a
suitesparse,parabolic_fem,parac_physics_gpu,1.7263478150406504,exact_trimmed_factor_offdiagonal_counts,,complete,2717962,b0805fcf4bbfbc72665f0880a81c6000881d777182b49d2772113a7511b9eb2f,results/astra-review-20260905/parac-headline-publication-20260909/final27/cells/suitesparse/ec328880171f6d46e5d6.json,e280d9ea0d5c86cbf65222e821ad73105ff719ccf2112ca3026ce3a2825ad850
suitesparse,kron_g500-logn16,ac,,missing_factor_measurement,,complete,,,results/astra-review-20260905/parac-headline-publication-20260909/final27/cells/suitesparse/ed63f1eea8e19ee5653d.json,97c2118d9c22934eb8d0b8d9773e69294a440474cfc3546086353ef650f6cf67
suitesparse,apache2,parac_physics_gpu,2.9329226113378186,exact_trimmed_factor_offdiagonal_counts,,complete,6016442,1a89ecdf0a7d2b1df7c38af07cca278387940be57cc447c040ed9f027df7c406,results/astra-review-20260905/parac-headline-publication-20260909/final27/cells/suitesparse/f196b08ba57348df6071.json,be89566c86343a81725027161c76397981b75a9bce4d436d58e888110b12f72c
suitesparse,kron_g500-logn16,rchol_par,,missing_factor_measurement,,failed,,,results/astra-review-20260905/parac-headline-publication-20260909/final27/cells/suitesparse/f27ce7e1c30083160830.json,992eebcc44f358f29826d23d5f6704dec7ee3ac0c4106e1506b76d91795de337
suitesparse,coAuthorsDBLP,rchol_par,,missing_factor_measurement,,failed,,,results/astra-review-20260905/parac-headline-publication-20260909/final27/cells/suitesparse/f3be8a68b847ab6de5bc.json,63f8c3e4274157288becfae1c965f482f538c7512c20a5732fb95752ab3f6906
suitesparse,coPapersDBLP,ac2,,missing_factor_measurement,,complete,,,results/astra-review-20260905/parac-headline-publication-20260909/final27/cells/suitesparse/f40dca9ff3b0fabd3968.json,f57dd89b9e504def5882bcd188a233252ce55d55c1f065806dc36ce93f7b0fd6
suitesparse,com-LiveJournal,apxchol_cpu_trace,2.5376041173213526,reported_offdiagonal_stored_factor_ratio,,complete,,,results/astra-review-20260905/parac-headline-publication-20260909/final27/cells/suitesparse/f50b3b925c638f252a4a.json,d608dac30394c108e488ba4c28974b817e87b18afe74664aa90fb4f3cc1219b9
suitesparse,kron_g500-logn16,apxchol_cpu_gks,1.0434213831766264,reported_offdiagonal_stored_factor_ratio,,complete,,,results/astra-review-20260905/parac-headline-publication-20260909/final27/cells/suitesparse/f7b6ee6109acd3a3aaab.json,cf8ec289ba3889a0ea4000b20a4d1a8b28eae8d420d8781ea4665e29f2c6c0f8
suitesparse,com-Amazon,apxchol_gpu_q02,1.7543137712340366,reported_offdiagonal_stored_factor_ratio,,complete,,,results/astra-review-20260905/parac-headline-publication-20260909/final27/cells/suitesparse/f7c50dbeec5e045dd3a9.json,1b68bf3322ef2a3c3d40fccb4559e2038c2491e0cb30bb09f391cc652e9907c3
suitesparse,apache2,ac2,,missing_factor_measurement,,not_converged,,,results/astra-review-20260905/parac-headline-publication-20260909/final27/cells/suitesparse/f84120c0d2e0dc3f3d0c.json,6a7f1e07840094a9658af62854aa9946bb153ee4fb1ebd556ddfaf56ef163243
suitesparse,com-LiveJournal,apxchol_gpu_q08,2.2893932212070354,reported_offdiagonal_stored_factor_ratio,,complete,,,results/astra-review-20260905/parac-headline-publication-20260909/final27/cells/suitesparse/fbbffc4be3d0bcaecb44.json,f24573b1b9dba17a488e605d8b2dd2923a3d25f9a251a1082c70955a75d57b12
suitesparse,com-LiveJournal,parac_graph_cpu,6.823300262283396,exact_trimmed_factor_offdiagonal_counts,,complete,236640166,5e21d39e078966052599831e452ee1fab47b0b995c21d607d0a5560f08f06250,results/astra-review-20260905/parac-headline-publication-20260909/final27/cells/suitesparse/ffbca89520bebb28ee8f.json,774f964e66ec894101269bd0c1a11718e5e597a45b82b851abf4c779d9629d49
grids,grid3d_200,apxchol_gpu_trace_q08,3.8683714405360132,exact_stored_factor_offdiagonal_counts,,complete,92376710,fea872b47dfecc0d1275c7501bbf41c8d41fe3606abae0153d8201cb698f9ad9,/home/adamant/laplacian_solver/results/astra-review-20260905/gpu-trace-publication-20260910/selected-540/cells/grids/gpu-trace-8e94887f5fe18b77a760.json,8e94887f5fe18b77a760528734bd8d0cd49791cbabdc8b7f8370c6c1f2d91cae
grids,grid_1000,apxchol_gpu_trace_q08,2.897392892892893,exact_stored_factor_offdiagonal_counts,,complete,5788991,58cd3d2d483959c4926c80e02cddabe983c893932423256e5e9b44a8f325da1f,/home/adamant/laplacian_solver/results/astra-review-20260905/gpu-trace-publication-20260910/selected-540/cells/grids/gpu-trace-491d84963db37f6ca68c.json,491d84963db37f6ca68cbcb2a14a87f392543fa577ae14fad17122d4909a748a
grids,grid_2000,apxchol_gpu_trace_q08,2.901705227613807,exact_stored_factor_offdiagonal_counts,,complete,23202035,33b047bce5b11b0051312b3e0499a4d264c207686a2f62a1c50414f7d334b2e2,/home/adamant/laplacian_solver/results/astra-review-20260905/gpu-trace-publication-20260910/selected-540/cells/grids/gpu-trace-eeb11c350e3574758d71.json,eeb11c350e3574758d710a5384e41c9781d5bb12fe74f3c2b4d817f9be9e0adf
grids,grid_4000,apxchol_gpu_trace_q08,2.9033221742935735,exact_stored_factor_offdiagonal_counts,,complete,92883083,332700c578288769658b130fdbbc94b959b5d3a3da2520f99ac1c0472d1b1673,/home/adamant/laplacian_solver/results/astra-review-20260905/gpu-trace-publication-20260910/selected-540/cells/grids/gpu-trace-cac279f3a8522afa6090.json,cac279f3a8522afa60907ceed4607885584af0ffa044d12468eadd6935f850dc
grids,grid_500,apxchol_gpu_trace_q08,2.8913547094188377,exact_stored_factor_offdiagonal_counts,,complete,1442786,7de17836d83c3e56949859d49709171749e7a0e1aaf933459f1acb93fb79c64a,/home/adamant/laplacian_solver/results/astra-review-20260905/gpu-trace-publication-20260910/selected-540/cells/grids/gpu-trace-f418d3c2e6bdb03d374e.json,f418d3c2e6bdb03d374ea84b228979e5e74875a4b5d6b82d451f1e450f02f8da
ipm,iter0030,apxchol_gpu_trace_q08,1.849388610547847,exact_stored_factor_offdiagonal_counts,,complete,6790132,f7315aa364b360b5528875c527156569375ea754383894fcdb4def458a9e81dd,/home/adamant/laplacian_solver/results/astra-review-20260905/gpu-trace-publication-20260910/selected-540/cells/ipm/gpu-trace-0f4887a67d8f622b24fb.json,0f4887a67d8f622b24fb4a796bd7c0530376ce9facdd542205b83b76250701e3
ipm,iter0040,apxchol_gpu_trace_q08,1.2684331298319105,exact_stored_factor_offdiagonal_counts,,complete,4657122,86960b91eacd6d302ccff9108d15d2cfe526439e00f28301add62a3d46943186,/home/adamant/laplacian_solver/results/astra-review-20260905/gpu-trace-publication-20260910/selected-540/cells/ipm/gpu-trace-e24b55bdbd25c89c8bab.json,e24b55bdbd25c89c8babcf7cd7e5800849dcfbcc927b879e22a8dd6d3f42e3ef
suitesparse,G3_circuit,apxchol_gpu_trace_q08,3.1807037226509496,exact_stored_factor_offdiagonal_counts,,complete,9661941,328cfe2a1fef5b02c5e04422afe21e4e7120be7cb8d77b9ed75a5e6ca5ca5d78,/home/adamant/laplacian_solver/results/astra-review-20260905/gpu-trace-publication-20260910/selected-540/cells/suitesparse/gpu-trace-d3579a2cb02ba70ae6e3.json,d3579a2cb02ba70ae6e3ec028e7c5c816722ed59cc74b18be387a1f476580969
suitesparse,coPapersDBLP,apxchol_gpu_trace_q08,1.0827156248153171,exact_stored_factor_offdiagonal_counts,,complete,16506789,cb217e56693e534f2b39407b333e44fd45417f4910909e732a14caa1f27942b9,/home/adamant/laplacian_solver/results/astra-review-20260905/gpu-trace-publication-20260910/selected-540/cells/suitesparse/gpu-trace-d1f4be62842d3f4da304.json,d1f4be62842d3f4da304b902972191a6d3a209ecafcbc748b52c6716efb2b024
suitesparse,com-Amazon,apxchol_gpu_trace_q08,1.9645242538925467,exact_stored_factor_offdiagonal_counts,,complete,1818898,61eceef0bf8804ef9e1c53a61f77a6f36ebd394d7328e7b584cdc61d3a692194,/home/adamant/laplacian_solver/results/astra-review-20260905/gpu-trace-publication-20260910/selected-540/cells/suitesparse/gpu-trace-a5631bcea22cf3b0d950.json,a5631bcea22cf3b0d950f03bc7694f4a6891330742cd42d159bba806ed460e37
suitesparse,com-Orkut,apxchol_gpu_trace_q08,2.879421632529799,exact_stored_factor_offdiagonal_counts,,complete,337425263,d6858e96e6674f38f668c5cfc4d3d33acaf1b586fc9733302783482626b6c862,/home/adamant/laplacian_solver/results/astra-review-20260905/gpu-trace-publication-20260910/selected-540/cells/suitesparse/gpu-trace-5b3039f59c492355f156.json,5b3039f59c492355f15671ac35763a9da9e392fde5fa06ad8ef5719ea58777d3
suitesparse,kron_g500-logn16,apxchol_gpu_trace_q08,1.5300999034637028,exact_stored_factor_offdiagonal_counts,,complete,3758034,45226ceb7de981d4aa870e99cc763a8ef1329d42b2fc507bebfd932214809494,/home/adamant/laplacian_solver/results/astra-review-20260905/gpu-trace-publication-20260910/selected-540/cells/suitesparse/gpu-trace-16b4232531dd5e6eb993.json,16b4232531dd5e6eb9937481cfc555bfa13bac776ec393e5383b8407a87e3e6e
suitesparse,parabolic_fem,apxchol_gpu_trace_q08,1.9299815802845528,exact_stored_factor_offdiagonal_counts,,complete,3038563,d2219894134b3d156f9dc040d78ccf1c07849a339a535735f5995676cf3e0c6a,/home/adamant/laplacian_solver/results/astra-review-20260905/gpu-trace-publication-20260910/selected-540/cells/suitesparse/gpu-trace-7af713fab3c90eb3e179.json,7af713fab3c90eb3e17917b04cca3732151d30a37718844f63743f56405cabc4
suitesparse,thermal2,apxchol_gpu_trace_q08,2.1715506018006963,exact_stored_factor_offdiagonal_counts,,complete,7982911,a95c4e0c1c1e6cb54d00202d947afeaa0889c7d5f5d9ee313145dbe85dc27408,/home/adamant/laplacian_solver/results/astra-review-20260905/gpu-trace-publication-20260910/selected-540/cells/suitesparse/gpu-trace-fe445ea5e0bbe6b12c28.json,fe445ea5e0bbe6b12c28bca1aeb4ff81aa35134d0eaa29860b737c0533eff215
grids,grid3d_100,apxchol_gpu_trace_q08,3.804660606060606,exact_stored_factor_offdiagonal_counts,,complete,11299842,c8fe00ca67424206c3bc19c46138fba8c61304fd5f0cd592985e84b7099e4afb,/home/adamant/laplacian_solver/results/astra-review-20260905/gpu-trace-publication-20260910/selected-540/cells/grids/gpu-trace-bf2cba4598e26dd0ebb6.json,bf2cba4598e26dd0ebb698da02ec0b5e70b9cc222d1eb8359e907a93ad041e5c
grids,grid3d_150,apxchol_gpu_trace_q08,3.8451764354958984,exact_stored_factor_offdiagonal_counts,,complete,38672862,2e722343310c046825cc973d2ab326ee2b732f24e2543cc25819c0000c45222a,/home/adamant/laplacian_solver/results/astra-review-20260905/gpu-trace-publication-20260910/selected-540/cells/grids/gpu-trace-d243e98e168103ba55be.json,d243e98e168103ba55befc1b3900ce3b01139e7c9f55d60812ead29584049c1d
grids,grid3d_250,apxchol_gpu_trace_q08,3.9181656974564927,exact_stored_factor_offdiagonal_counts,,complete,182929361,af81e73b7a662cd68d20d1b1d55eb3fde4fc7c0b3e5ca1abffc1303611f32b4c,/home/adamant/laplacian_solver/results/astra-review-20260905/gpu-trace-publication-20260910/selected-540/cells/grids/gpu-trace-3168101e6c6c8fb6a2a7.json,3168101e6c6c8fb6a2a753d95520b9ab8a2091243f9116015840dca5b2985ec5
grids,grid_3000,apxchol_gpu_trace_q08,2.902922085139491,exact_stored_factor_offdiagonal_counts,,complete,52235180,2501335e1cef8340c05b632c026769c4afc05186e7a28eacb21fc1fe25c0f14f,/home/adamant/laplacian_solver/results/astra-review-20260905/gpu-trace-publication-20260910/selected-540/cells/grids/gpu-trace-566c46f628ce7e306a0e.json,566c46f628ce7e306a0e0216af5ad04c58e49ed855b71bf8996e95190d1fce83
grids,grid_5000,apxchol_gpu_trace_q08,2.90376775355071,exact_stored_factor_offdiagonal_counts,,complete,145159350,351588dc825b3ae789c20ed58cc675208163420ae7b6bca8e2ebec4ffd035cbc,/home/adamant/laplacian_solver/results/astra-review-20260905/gpu-trace-publication-20260910/selected-540/cells/grids/gpu-trace-0c48c89089321bdec4ff.json,0c48c89089321bdec4ff7ac762bd592c862f80e330492be37d8b8d1f7dd857a4
ipm,iter0010,apxchol_gpu_trace_q08,1.3860228159458323,exact_stored_factor_offdiagonal_counts,,complete,5088859,d2a6b33a13e78b513485c582c0f8dfffc49f02b81db7df631eb31132bef4ee67,/home/adamant/laplacian_solver/results/astra-review-20260905/gpu-trace-publication-20260910/selected-540/cells/ipm/gpu-trace-0edb9fd86214da3e898c.json,0edb9fd86214da3e898ca296df5ebe114718a8a8497790de7c059e99924373f7
ipm,iter0020,apxchol_gpu_trace_q08,1.9487663946202631,exact_stored_factor_offdiagonal_counts,,complete,7155003,880d1b5ef51a26916fdf5cf5342baf892b28c8fbd8b1ca71d37fd48075a58295,/home/adamant/laplacian_solver/results/astra-review-20260905/gpu-trace-publication-20260910/selected-540/cells/ipm/gpu-trace-5a3651a3a273479423d6.json,5a3651a3a273479423d655eddb99e6ccf50f540359d0a6be1502e92171ac9ca7
suitesparse,apache2,apxchol_gpu_trace_q08,2.9444053102668635,exact_stored_factor_offdiagonal_counts,,complete,6039997,85d0c5f846420ded689e41fa08641862ddc0e42622dc8f78700350b7611de57d,/home/adamant/laplacian_solver/results/astra-review-20260905/gpu-trace-publication-20260910/selected-540/cells/suitesparse/gpu-trace-0d073287532c303dde61.json,0d073287532c303dde61414084b84ea12c1777487f84e3c55d1e6a665212dad5
suitesparse,as-Skitter,apxchol_gpu_trace_q08,1.3190838137019845,exact_stored_factor_offdiagonal_counts,,complete,14635628,45c5da8bcb96e95b45675bd90764b65e17a8371fb8b834e9dc08e71fe04a0e37,/home/adamant/laplacian_solver/results/astra-review-20260905/gpu-trace-publication-20260910/selected-540/cells/suitesparse/gpu-trace-2562f26010f582f3bc7f.json,2562f26010f582f3bc7ffb4642e6cfc186c280cddc111beb3772538fd37001f5
suitesparse,coAuthorsDBLP,apxchol_gpu_trace_q08,1.6174990487646215,exact_stored_factor_offdiagonal_counts,,complete,1581390,7379bd25ff7ff3ba96df6e40fd0345f4fb1cfa45d4db1689ff474798f922bcfb,/home/adamant/laplacian_solver/results/astra-review-20260905/gpu-trace-publication-20260910/selected-540/cells/suitesparse/gpu-trace-72ed58d3ed53a7977d1d.json,72ed58d3ed53a7977d1df72b855e8e6d20be6321b392144de7b296e7f6a43f3e
suitesparse,com-LiveJournal,apxchol_gpu_trace_q08,2.4561587839448067,exact_stored_factor_offdiagonal_counts,,complete,85182507,015e734687e6d77025cafc399caebb7453584438a86f05976f012c30b26a7c12,/home/adamant/laplacian_solver/results/astra-review-20260905/gpu-trace-publication-20260910/selected-540/cells/suitesparse/gpu-trace-8eeccb1d573e00779ad5.json,8eeccb1d573e00779ad5cccdd3ea5b80fdea4c0e3238192dcdb692d5003f5156
suitesparse,com-Youtube,apxchol_gpu_trace_q08,1.6936271097032292,exact_stored_factor_offdiagonal_counts,,complete,5059921,780a832e3988b2d6e6ec6812e01c1843c7b91888581694d192c3ec03475d2124,/home/adamant/laplacian_solver/results/astra-review-20260905/gpu-trace-publication-20260910/selected-540/cells/suitesparse/gpu-trace-2d545fbb5d77f16b94a8.json,2d545fbb5d77f16b94a846dc3e5135be003bbcd71270e15b60edb4d89244a14a
suitesparse,ecology1,apxchol_gpu_trace_q08,2.896803303303303,exact_stored_factor_offdiagonal_counts,,complete,5787813,ee99a71206c53db6551e18638404bd76975978549eeac8e8161727f5e8299170,/home/adamant/laplacian_solver/results/astra-review-20260905/gpu-trace-publication-20260910/selected-540/cells/suitesparse/gpu-trace-7763e4aca18fb9ae55de.json,7763e4aca18fb9ae55def721eaf10fd60a83c002f032bfb7c88b9e3ca7483ed3
