family,matrix,device,solver,config,threads,effective_threads,status,n,nnz,setup_s,solve_s,total_s,iters,rel_res,max_repeat_rel_res,cuda_init_s,warmup_repeats,retained_repeats,representative_repeat,max_rss_mb,max_vram_mb,timeout_cap_s,timeout_scope,per_solve_timeout_lower_bound_s,git_sha,binary_sha256,setup_route,sampler,degree_quantile,actual_device_factor_adopted,fp16,factor_drop_rel,stored_factor_nnz,fillin,compiler,openmp_wait_policy,source_manifest_sha256,timing_protocol,timing_stability_warning,phase_observations
grids,grid3d_100,cpu,ac,,72,1,complete,1000000,6940000,2.724696022,1.535770842,4.260466864,28,5.399319348829607e-09,5.399319348829607e-09,,1,3,3,2496.1875,,,,,17fbacec7886eda3545bde4dc3426d992f7a4af2,,,,,,,,,,julia,,,,,
grids,grid3d_100,cpu,ac2,,72,1,complete,1000000,6940000,6.936620886,1.342730851,8.279351737,20,4.759451897801831e-09,4.759451897801831e-09,,1,3,1,2932.625,,,,,17fbacec7886eda3545bde4dc3426d992f7a4af2,,,,,,,,,,julia,,,,,
grids,grid3d_100,cpu,amgcl,,72,,complete,1000000,6940000,0.1334087,0.02432824,0.157737,13,4.480488e-09,4.480488126e-09,,1,3,1,577.9,,,logical_cell,,ea01e2ff32b171d94ae8c048436df98203a0fc67,5942a0926b4d1a67dcd8fd6985633b0f834f734ee4a6c1285fb88db959bac8c7,,,,,,,,0.0,clang,,,explicit-warmup-v1,,
grids,grid3d_100,cpu,apxchol_v1,bg+trace_cycle[vec_pool_aos],72,,complete,1000000,6940000,0.194166269,0.043877838,0.238044107,21,4.558888214689116e-09,4.558888214689116e-09,,1,3,3,288.0,,,,,f17b98eca1d46cde68ffe1555e5284f225745567,d7960e301d068b7d8a70ddeca2e0402da1025c43dac7599b16f02f4201d00067,cpu_cpu,trace_cycle,0.2,False,False,0.0001,12448046,3.854560942760943,Clang22.1.8/llvm-libomp,unset,683ba7cb0bc7693fecd9a62a74082f2fc08e238426ad451a54af4166b4a31042,complete-object-api-v1,False,"{""setup_s"": {""max"": 0.194853385, ""median"": 0.194166269, ""min"": 0.192578571, ""spread"": 1.0118123942253159}, ""solve_api_s"": {""max"": 0.044295297, ""median"": 0.043877838, ""min"": 0.043765424, ""spread"": 1.0121071145112177}, ""total_s"": {""max"": 0.239148682, ""median"": 0.238044107, ""min"": 0.236343995, ""spread"": 1.0118669695838898}}"
grids,grid3d_100,cpu,apxchol_v1,bg+tree[vec_pool_aos],72,,complete,1000000,6940000,0.124492984,0.045923794,0.170416778,30,9.671811714449868e-09,9.671811714449868e-09,,1,3,1,288.0,,,,,f17b98eca1d46cde68ffe1555e5284f225745567,d7960e301d068b7d8a70ddeca2e0402da1025c43dac7599b16f02f4201d00067,cpu_cpu,gks,0.2,False,False,0.0001,9762641,2.9503841750841753,Clang22.1.8/llvm-libomp,unset,683ba7cb0bc7693fecd9a62a74082f2fc08e238426ad451a54af4166b4a31042,complete-object-api-v1,False,"{""setup_s"": {""max"": 0.125553241, ""median"": 0.124492984, ""min"": 0.121856612, ""spread"": 1.0303358918266987}, ""solve_api_s"": {""max"": 0.047037811, ""median"": 0.046581407, ""min"": 0.045923794, ""spread"": 1.0242579478516083}, ""total_s"": {""max"": 0.17259105200000002, ""median"": 0.170416778, ""min"": 0.168438019, ""spread"": 1.0246561496309217}}"
grids,grid3d_100,cpu,cmg_packed,original-operator,72,1,complete,1000000,6940000,0.6477526259999999,2.3657236920000004,3.0134763180000004,15,4.985498200956334e-09,4.9854982009564454e-09,,1,3,2,943.8125,,,logical_cell,,67750bb65e4e872acb408f2467759e75c70fe5b6,42ca4826ba0a67a64f0ae3a36a9c36fa7a9ef8a598328415b22b587f242fe9e5,,,,,,,,,,,,,,
grids,grid3d_100,cpu,hypre_boomeramg,,72,,complete,1000000,6940000,0.5015806,0.07338499,0.5749656,9,5.124854e-09,5.124853689e-09,,1,3,3,1164.9,,,logical_cell,,ea01e2ff32b171d94ae8c048436df98203a0fc67,5942a0926b4d1a67dcd8fd6985633b0f834f734ee4a6c1285fb88db959bac8c7,,,,,,,,0.0,clang,,,explicit-warmup-v1,,
grids,grid3d_100,cpu,hypre_boomeramg,cut,72,,complete,1000000,6940000,0.4747752,0.07576766,0.5505428,9,5.124854e-09,5.124853689e-09,,1,3,2,749.2,,,logical_cell,,ea01e2ff32b171d94ae8c048436df98203a0fc67,5942a0926b4d1a67dcd8fd6985633b0f834f734ee4a6c1285fb88db959bac8c7,,,,,,,,0.0,clang,,,explicit-warmup-v1,,
grids,grid3d_100,cpu,parac,,72,,complete,1000000,6940000,9.95098940918579,1.034,10.98498940918579,34,4.651497598036574e-09,5.272129347865792e-09,,1,3,2,2197.3125,,,,,280b7ee0087c47d1a5101787312dd7574acdfee0,,,,,,,,,,,,,,,
grids,grid3d_100,cpu,parac_physics,,72,,complete,1000000,6940000,9.887640838787842,1.015,10.902640838787843,34,4.345503859369739e-09,5.111919625632404e-09,,1,3,3,2239.625,,,,,8827024f79d2cd40e3e162faf5ada0fcc5943af6,94a4cc3e26ca031ffa01df5a4e26fe788d9e60a5b0bc0e4f2cdf58a9912b0bf1,,,,,,,,,,,,,,
grids,grid3d_100,cpu,rchol,,72,,complete,1000000,6940000,3.01373,1.681636,4.695366,22,6.645069e-09,9.126829359e-09,,1,3,3,1772.1,,,logical_cell,,fa329b5ac757bab0aeb36cfc7f6ec14ff15bdc9b,c4e6202ab92260ec4c8b8aec659fd9772582676157cff6edd8eaff158f194968,,,,,,,,4.7419,clang,,,explicit-warmup-v1,,
grids,grid3d_100,cpu,rchol_par,,72,64,complete,1000000,6940000,3.425309,1.530335,4.955644,25,9.767206e-09,9.767206085e-09,,1,3,1,1416.8,,,logical_cell,,fa329b5ac757bab0aeb36cfc7f6ec14ff15bdc9b,c4e6202ab92260ec4c8b8aec659fd9772582676157cff6edd8eaff158f194968,,,,,,,,5.9101,clang,,,explicit-warmup-v1,,
grids,grid3d_100,gpu,amgcl_cuda,,72,,complete,1000000,6940000,0.1589215,0.01100087,0.1699224,13,4.480488e-09,4.480488125e-09,0.5721,1,3,1,886.4,,,logical_cell,,ea01e2ff32b171d94ae8c048436df98203a0fc67,b09f022854a0d41cc5d07fa78abec4c0eb1b587cb6c00b843afbd7c38e3c80f5,,,,,,,,0.0,clang,,,explicit-warmup-v1,,
grids,grid3d_100,gpu,apxchol_v1,bg+tree/gpu-owned-q02[vec_pool_aos],72,,complete,1000000,6940000,0.280164354,0.030543272,0.310707626,29,9.524545394689254e-09,9.524545394689254e-09,,1,3,2,432.0,,,,,c94a94a1dee6070947be21e08171210131d9cdd8,d25523bdf16a36173de8bd704c528d358a1489721584d7d5c17dc1ef84e3a8aa,owned_gpu_q02,gks,0.2,True,True,0.0001,9740388,2.9428915824915824,GCC14.3 (pinned native cache/build flags in campaign),,335de48e2884173d53037dbd36529d88197ea9b44318d4b55aff50128cae19bc,complete-object-api-v1,False,"{""setup_s"": {""max"": 0.281255554, ""median"": 0.280164354, ""min"": 0.279513079, ""spread"": 1.0062339658889452}, ""solve_api_s"": {""max"": 0.030615173, ""median"": 0.030543272, ""min"": 0.030541671, ""spread"": 1.0024066135739593}, ""total_s"": {""max"": 0.311797225, ""median"": 0.310707626, ""min"": 0.310128252, ""spread"": 1.005381557433858}}"
grids,grid3d_100,gpu,apxchol_v1,bg+tree/gpu-owned-q08[vec_pool_aos],72,,complete,1000000,6940000,0.227387891,0.029244673,0.256632564,31,6.23966432974248e-09,6.23966432974248e-09,,1,3,2,432.0,,,,,c94a94a1dee6070947be21e08171210131d9cdd8,d25523bdf16a36173de8bd704c528d358a1489721584d7d5c17dc1ef84e3a8aa,owned_gpu,gks,0.8,True,True,0.0001,9820087,2.9697262626262626,GCC14.3 (pinned native cache/build flags in campaign),,335de48e2884173d53037dbd36529d88197ea9b44318d4b55aff50128cae19bc,complete-object-api-v1,False,"{""setup_s"": {""max"": 0.231275292, ""median"": 0.227387891, ""min"": 0.226792035, ""spread"": 1.0197681413282438}, ""solve_api_s"": {""max"": 0.029546267, ""median"": 0.029419036, ""min"": 0.029244673, ""spread"": 1.0103127841436286}, ""total_s"": {""max"": 0.260821559, ""median"": 0.256632564, ""min"": 0.256211071, ""spread"": 1.0179948820400504}}"
grids,grid3d_100,gpu,hypre_boomeramg_gpu,,72,,complete,1000000,6940000,0.1632605,0.01645296,0.1797135,14,4.022433e-09,5.403377373e-09,0.5598,1,3,3,886.4,,,logical_cell,,ea01e2ff32b171d94ae8c048436df98203a0fc67,b09f022854a0d41cc5d07fa78abec4c0eb1b587cb6c00b843afbd7c38e3c80f5,,,,,,,,0.0,clang,,,explicit-warmup-v1,,
grids,grid3d_100,gpu,hypre_boomeramg_gpu,cut,72,,complete,1000000,6940000,0.1632425,0.01639654,0.179639,14,4.022433e-09,5.403377373e-09,0.5498,1,3,3,886.4,,,logical_cell,,ea01e2ff32b171d94ae8c048436df98203a0fc67,b09f022854a0d41cc5d07fa78abec4c0eb1b587cb6c00b843afbd7c38e3c80f5,,,,,,,,0.0,clang,,,explicit-warmup-v1,,
grids,grid3d_100,gpu,parac_graph,,72,,complete,1000000,6940000,10.445301492483521,0.238884,10.684185492483522,32,4.864950740230752e-09,4.864950740230752e-09,0.682193,1,3,3,1305.25,,,,,280b7ee0087c47d1a5101787312dd7574acdfee0,,,,,,,,,,,,,,,
grids,grid3d_100,gpu,parac_physics,,72,,complete,1000000,6940000,9.788791790362549,0.223984,10.012775790362548,31,3.018579517339124e-09,4.166426120837062e-09,0.555016,1,3,2,1349.1875,,,,,8827024f79d2cd40e3e162faf5ada0fcc5943af6,18633bf80732fc978eba537b27ca096be8d2381e45bdef13c29774c1c6943c1b,,,,,,,,,,,,,,
grids,grid3d_150,cpu,ac,,72,1,complete,3375000,23490000,11.716465881,5.29340119,17.009867071,27,9.577980788157899e-09,9.577980788157899e-09,,1,3,2,6012.0,,,,,17fbacec7886eda3545bde4dc3426d992f7a4af2,,,,,,,,,,julia,,,,,
grids,grid3d_150,cpu,ac2,,72,1,complete,3375000,23490000,27.050490059,5.650144832,32.700634891,20,8.724797541370663e-09,8.724797541370663e-09,,1,3,2,7408.125,,,,,17fbacec7886eda3545bde4dc3426d992f7a4af2,,,,,,,,,,julia,,,,,
grids,grid3d_150,cpu,amgcl,,72,,complete,3375000,23490000,0.5154134,0.1215441,0.6369575,13,4.18922e-09,4.189220054e-09,,1,3,2,2083.2,,,logical_cell,,ea01e2ff32b171d94ae8c048436df98203a0fc67,5942a0926b4d1a67dcd8fd6985633b0f834f734ee4a6c1285fb88db959bac8c7,,,,,,,,0.0,clang,,,explicit-warmup-v1,,
grids,grid3d_150,cpu,apxchol_v1,bg+trace_cycle[vec_pool_aos],72,,complete,3375000,23490000,0.545832736,0.135127076,0.680959812,21,6.779205292149149e-09,6.779205292149149e-09,,1,3,3,1575.4375,,,,,f17b98eca1d46cde68ffe1555e5284f225745567,d7960e301d068b7d8a70ddeca2e0402da1025c43dac7599b16f02f4201d00067,cpu_cpu,trace_cycle,0.2,False,False,0.0001,42685398,3.908565548098434,Clang22.1.8/llvm-libomp,unset,683ba7cb0bc7693fecd9a62a74082f2fc08e238426ad451a54af4166b4a31042,complete-object-api-v1,False,"{""setup_s"": {""max"": 0.551228847, ""median"": 0.545832736, ""min"": 0.542511291, ""spread"": 1.0160688932094504}, ""solve_api_s"": {""max"": 0.13768568, ""median"": 0.135127076, ""min"": 0.13388856, ""spread"": 1.0283603020302856}, ""total_s"": {""max"": 0.688914527, ""median"": 0.680959812, ""min"": 0.676399851, ""spread"": 1.0185018905333851}}"
grids,grid3d_150,cpu,apxchol_v1,bg+tree[vec_pool_aos],72,,complete,3375000,23490000,0.360605877,0.163645534,0.5242514110000001,31,6.378202781866629e-09,6.378202781866629e-09,,1,3,1,1188.0,,,,,f17b98eca1d46cde68ffe1555e5284f225745567,d7960e301d068b7d8a70ddeca2e0402da1025c43dac7599b16f02f4201d00067,cpu_cpu,gks,0.2,False,False,0.0001,33351689,2.9805308476261496,Clang22.1.8/llvm-libomp,unset,683ba7cb0bc7693fecd9a62a74082f2fc08e238426ad451a54af4166b4a31042,complete-object-api-v1,False,"{""setup_s"": {""max"": 0.363061979, ""median"": 0.360605877, ""min"": 0.35463948, ""spread"": 1.023749468051329}, ""solve_api_s"": {""max"": 0.166044139, ""median"": 0.163645534, ""min"": 0.160246442, ""spread"": 1.036179879737985}, ""total_s"": {""max"": 0.529106118, ""median"": 0.5242514110000001, ""min"": 0.5148859219999999, ""spread"": 1.0276181487828677}}"
grids,grid3d_150,cpu,cmg_packed,original-operator,72,1,complete,3375000,23490000,2.260474855,6.4909157319999995,8.751390587,16,5.452306534291585e-09,5.452306534291787e-09,,1,3,2,3171.875,,,logical_cell,,67750bb65e4e872acb408f2467759e75c70fe5b6,42ca4826ba0a67a64f0ae3a36a9c36fa7a9ef8a598328415b22b587f242fe9e5,,,,,,,,,,,,,,
grids,grid3d_150,cpu,hypre_boomeramg,,72,,complete,3375000,23490000,1.899683,0.2018121,2.101495,9,5.633025e-09,5.633025442e-09,,1,3,3,3681.2,,,logical_cell,,ea01e2ff32b171d94ae8c048436df98203a0fc67,5942a0926b4d1a67dcd8fd6985633b0f834f734ee4a6c1285fb88db959bac8c7,,,,,,,,0.0,clang,,,explicit-warmup-v1,,
grids,grid3d_150,cpu,hypre_boomeramg,cut,72,,complete,3375000,23490000,1.788256,0.3636709,2.151927,9,5.633025e-09,5.633025442e-09,,1,3,3,3659.9,,,logical_cell,,ea01e2ff32b171d94ae8c048436df98203a0fc67,5942a0926b4d1a67dcd8fd6985633b0f834f734ee4a6c1285fb88db959bac8c7,,,,,,,,0.0,clang,,,explicit-warmup-v1,,
grids,grid3d_150,cpu,parac,,72,,complete,3375000,23490000,33.41605699101257,4.145,37.56105699101256,37,3.676383735362632e-09,4.127984735932842e-09,,1,3,2,7502.0,,,,,280b7ee0087c47d1a5101787312dd7574acdfee0,,,,,,,,,,,,,,,
grids,grid3d_150,cpu,parac_physics,,72,,complete,3375000,23490000,33.95958406544495,4.181,38.14058406544495,36,4.889802224369952e-09,5.292895063577571e-09,,1,3,2,7560.25,,,,,8827024f79d2cd40e3e162faf5ada0fcc5943af6,94a4cc3e26ca031ffa01df5a4e26fe788d9e60a5b0bc0e4f2cdf58a9912b0bf1,,,,,,,,,,,,,,
grids,grid3d_150,cpu,rchol,,72,,complete,3375000,23490000,12.06979,7.094634,19.16442,22,9.032858e-09,9.03285791e-09,,1,3,1,6143.4,,,logical_cell,,fa329b5ac757bab0aeb36cfc7f6ec14ff15bdc9b,c4e6202ab92260ec4c8b8aec659fd9772582676157cff6edd8eaff158f194968,,,,,,,,5.0644,clang,,,explicit-warmup-v1,,
grids,grid3d_150,cpu,rchol_par,,72,64,complete,3375000,23490000,10.88549,6.019491,16.90498,26,7.544909e-09,8.61703162e-09,,1,3,3,7696.3,,,logical_cell,,fa329b5ac757bab0aeb36cfc7f6ec14ff15bdc9b,c4e6202ab92260ec4c8b8aec659fd9772582676157cff6edd8eaff158f194968,,,,,,,,6.9097,clang,,,explicit-warmup-v1,,
grids,grid3d_150,gpu,amgcl_cuda,,72,,complete,3375000,23490000,0.5701514,0.02411532,0.5942667,13,4.18922e-09,4.189220054e-09,0.5566,1,3,1,2414.5,,,logical_cell,,ea01e2ff32b171d94ae8c048436df98203a0fc67,b09f022854a0d41cc5d07fa78abec4c0eb1b587cb6c00b843afbd7c38e3c80f5,,,,,,,,0.0,clang,,,explicit-warmup-v1,,
grids,grid3d_150,gpu,apxchol_v1,bg+tree/gpu-owned-q02[vec_pool_aos],72,,complete,3375000,23490000,0.492587678,0.072421998,0.565009676,30,5.763935553532254e-09,5.763935553532254e-09,,1,3,2,1332.0,,,,,c94a94a1dee6070947be21e08171210131d9cdd8,d25523bdf16a36173de8bd704c528d358a1489721584d7d5c17dc1ef84e3a8aa,owned_gpu_q02,gks,0.2,True,True,0.0001,33245188,2.969941635595327,GCC14.3 (pinned native cache/build flags in campaign),,335de48e2884173d53037dbd36529d88197ea9b44318d4b55aff50128cae19bc,complete-object-api-v1,False,"{""setup_s"": {""max"": 0.49410638, ""median"": 0.492587678, ""min"": 0.489221805, ""spread"": 1.0099843771272623}, ""solve_api_s"": {""max"": 0.072792834, ""median"": 0.072551402, ""min"": 0.072421998, ""spread"": 1.005120488390834}, ""total_s"": {""max"": 0.566657782, ""median"": 0.565009676, ""min"": 0.562014639, ""spread"": 1.0082616050860556}}"
grids,grid3d_150,gpu,apxchol_v1,bg+tree/gpu-owned-q08[vec_pool_aos],72,,complete,3375000,23490000,0.367391908,0.069528988,0.436920896,35,7.164259450017982e-09,7.164259450017982e-09,,1,3,3,1332.0,,,,,c94a94a1dee6070947be21e08171210131d9cdd8,d25523bdf16a36173de8bd704c528d358a1489721584d7d5c17dc1ef84e3a8aa,owned_gpu,gks,0.8,True,True,0.0001,33326030,2.9779796172010937,GCC14.3 (pinned native cache/build flags in campaign),,335de48e2884173d53037dbd36529d88197ea9b44318d4b55aff50128cae19bc,complete-object-api-v1,False,"{""setup_s"": {""max"": 0.368826206, ""median"": 0.367391908, ""min"": 0.36064719, ""spread"": 1.022678718223203}, ""solve_api_s"": {""max"": 0.069569851, ""median"": 0.069528988, ""min"": 0.068144288, ""spread"": 1.0209197724686772}, ""total_s"": {""max"": 0.438396057, ""median"": 0.436920896, ""min"": 0.428791478, ""spread"": 1.0223991835024295}}"
grids,grid3d_150,gpu,hypre_boomeramg_gpu,,72,,complete,3375000,23490000,0.4733315,0.03394123,0.5072728,14,5.033214e-09,5.475960643e-09,0.5752999999999999,1,3,2,2561.2,,,logical_cell,,ea01e2ff32b171d94ae8c048436df98203a0fc67,b09f022854a0d41cc5d07fa78abec4c0eb1b587cb6c00b843afbd7c38e3c80f5,,,,,,,,0.0,clang,,,explicit-warmup-v1,,
grids,grid3d_150,gpu,hypre_boomeramg_gpu,cut,72,,complete,3375000,23490000,0.468081,0.0337829,0.5018639,14,4.083611e-09,5.475960643e-09,0.5669,1,3,3,2628.5,,,logical_cell,,ea01e2ff32b171d94ae8c048436df98203a0fc67,b09f022854a0d41cc5d07fa78abec4c0eb1b587cb6c00b843afbd7c38e3c80f5,,,,,,,,0.0,clang,,,explicit-warmup-v1,,
grids,grid3d_150,gpu,parac_graph,,72,,complete,3375000,23490000,34.322816118927,0.860744,35.183560118927,34,4.913496962639268e-09,4.913496962639268e-09,0.701555,1,3,3,3604.0,,,,,280b7ee0087c47d1a5101787312dd7574acdfee0,,,,,,,,,,,,,,,
grids,grid3d_150,gpu,parac_physics,,72,,complete,3375000,23490000,33.557361995895384,0.901651,34.459012995895385,36,3.1818435373698468e-09,3.8485084358883e-09,0.706291,1,3,2,3700.4375,,,,,8827024f79d2cd40e3e162faf5ada0fcc5943af6,18633bf80732fc978eba537b27ca096be8d2381e45bdef13c29774c1c6943c1b,,,,,,,,,,,,,,
grids,grid3d_200,cpu,ac,,72,1,complete,8000000,55760000,27.012033619,15.299326631,42.31136025,27,8.111710457814148e-09,8.111710457814148e-09,,1,3,2,13077.0625,,,,,17fbacec7886eda3545bde4dc3426d992f7a4af2,,,,,,,,,,julia,,,,,
grids,grid3d_200,cpu,ac2,,72,1,complete,8000000,55760000,66.004367052,16.542993889,82.54736094100001,20,6.945410831861523e-09,6.945410831861523e-09,,1,3,2,16445.9375,,,,,17fbacec7886eda3545bde4dc3426d992f7a4af2,,,,,,,,,,julia,,,,,
grids,grid3d_200,cpu,amgcl,,72,,complete,8000000,55760000,1.244887,0.3175117,1.562399,13,3.792952e-09,3.792952164e-09,,1,3,3,5249.1,,,logical_cell,,ea01e2ff32b171d94ae8c048436df98203a0fc67,5942a0926b4d1a67dcd8fd6985633b0f834f734ee4a6c1285fb88db959bac8c7,,,,,,,,0.0,clang,,,explicit-warmup-v1,,
grids,grid3d_200,cpu,apxchol_v1,bg+trace_cycle[vec_pool_aos],72,,complete,8000000,55760000,1.267454094,0.282162245,1.549616339,21,7.769647256168076e-09,7.769647256168076e-09,,1,3,3,4750.3125,,,,,f17b98eca1d46cde68ffe1555e5284f225745567,d7960e301d068b7d8a70ddeca2e0402da1025c43dac7599b16f02f4201d00067,cpu_cpu,trace_cycle,0.2,False,False,0.0001,102134290,3.9419719430485762,Clang22.1.8/llvm-libomp,unset,683ba7cb0bc7693fecd9a62a74082f2fc08e238426ad451a54af4166b4a31042,complete-object-api-v1,False,"{""setup_s"": {""max"": 1.281507812, ""median"": 1.267454094, ""min"": 1.247166131, ""spread"": 1.027535771014295}, ""solve_api_s"": {""max"": 0.286088878, ""median"": 0.282162245, ""min"": 0.28021712, ""spread"": 1.0209543157106176}, ""total_s"": {""max"": 1.56759669, ""median"": 1.549616339, ""min"": 1.5273832509999998, ""spread"": 1.0263283226221525}}"
grids,grid3d_200,cpu,apxchol_v1,bg+tree[vec_pool_aos],72,,complete,8000000,55760000,0.945554161,0.345405247,1.290959408,32,9.056139886751566e-09,9.056139886751566e-09,,1,3,1,4157.4375,,,,,f17b98eca1d46cde68ffe1555e5284f225745567,d7960e301d068b7d8a70ddeca2e0402da1025c43dac7599b16f02f4201d00067,cpu_cpu,gks,0.2,False,False,0.0001,79278653,2.984868216080402,Clang22.1.8/llvm-libomp,unset,683ba7cb0bc7693fecd9a62a74082f2fc08e238426ad451a54af4166b4a31042,complete-object-api-v1,True,"{""setup_s"": {""max"": 0.948941332, ""median"": 0.945554161, ""min"": 0.771123481, ""spread"": 1.2305958194521636}, ""solve_api_s"": {""max"": 0.368277111, ""median"": 0.349184985, ""min"": 0.345405247, ""spread"": 1.0662174770031794}, ""total_s"": {""max"": 1.317218443, ""median"": 1.290959408, ""min"": 1.120308466, ""spread"": 1.1757640712142936}}"
grids,grid3d_200,cpu,cmg_packed,original-operator,72,1,complete,8000000,55760000,5.6353499529999995,19.965637919000002,25.600987872,15,4.476573587633097e-09,4.476573587633484e-09,,1,3,2,8063.4375,,,logical_cell,,67750bb65e4e872acb408f2467759e75c70fe5b6,42ca4826ba0a67a64f0ae3a36a9c36fa7a9ef8a598328415b22b587f242fe9e5,,,,,,,,,,,,,,
grids,grid3d_200,cpu,hypre_boomeramg,,72,,complete,8000000,55760000,4.710225,0.4735696,5.183794,9,2.733701e-09,2.733701176e-09,,1,3,2,9738.9,,,logical_cell,,ea01e2ff32b171d94ae8c048436df98203a0fc67,5942a0926b4d1a67dcd8fd6985633b0f834f734ee4a6c1285fb88db959bac8c7,,,,,,,,0.0,clang,,,explicit-warmup-v1,,
grids,grid3d_200,cpu,hypre_boomeramg,cut,72,,complete,8000000,55760000,4.332158,0.5414525,4.873611,9,2.733701e-09,2.733701176e-09,,1,3,1,10475.4,,,logical_cell,,ea01e2ff32b171d94ae8c048436df98203a0fc67,5942a0926b4d1a67dcd8fd6985633b0f834f734ee4a6c1285fb88db959bac8c7,,,,,,,,0.0,clang,,,explicit-warmup-v1,,
grids,grid3d_200,cpu,parac,,72,,complete,8000000,55760000,81.93283289628602,10.266,92.19883289628602,36,5.378619162244775e-09,5.378619162244775e-09,,1,3,3,17863.0625,,,,,280b7ee0087c47d1a5101787312dd7574acdfee0,,,,,,,,,,,,,,,
grids,grid3d_200,cpu,parac_physics,,72,,complete,8000000,55760000,81.48621303849794,10.545,92.03121303849794,37,4.7500625961098776e-09,4.7500625961098776e-09,,1,3,3,18093.0,,,,,8827024f79d2cd40e3e162faf5ada0fcc5943af6,94a4cc3e26ca031ffa01df5a4e26fe788d9e60a5b0bc0e4f2cdf58a9912b0bf1,,,,,,,,,,,,,,
grids,grid3d_200,cpu,rchol,,72,,complete,8000000,55760000,32.04237,20.01121,52.05359,22,7.086063e-09,7.262495033e-09,,1,3,3,14734.3,,,logical_cell,,fa329b5ac757bab0aeb36cfc7f6ec14ff15bdc9b,c4e6202ab92260ec4c8b8aec659fd9772582676157cff6edd8eaff158f194968,,,,,,,,5.2028,clang,,,explicit-warmup-v1,,
grids,grid3d_200,cpu,rchol_par,,72,64,complete,8000000,55760000,25.53005,15.94236,41.47241,26,7.531174e-09,8.9028526e-09,,1,3,3,18969.1,,,logical_cell,,fa329b5ac757bab0aeb36cfc7f6ec14ff15bdc9b,c4e6202ab92260ec4c8b8aec659fd9772582676157cff6edd8eaff158f194968,,,,,,,,7.7688,clang,,,explicit-warmup-v1,,
grids,grid3d_200,gpu,amgcl_cuda,,72,,complete,8000000,55760000,1.427222,0.05357552,1.480797,13,3.792952e-09,3.792952164e-09,0.5586,1,3,2,5480.3,,,logical_cell,,ea01e2ff32b171d94ae8c048436df98203a0fc67,b09f022854a0d41cc5d07fa78abec4c0eb1b587cb6c00b843afbd7c38e3c80f5,,,,,,,,0.0,clang,,,explicit-warmup-v1,,
grids,grid3d_200,gpu,apxchol_v1,bg+tree/gpu-owned-q02[vec_pool_aos],72,,complete,8000000,55760000,0.8581458799999999,0.15182656,1.0099724399999999,31,7.065430826479424e-09,7.065430826479424e-09,,1,3,1,2828.375,,,,,c94a94a1dee6070947be21e08171210131d9cdd8,d25523bdf16a36173de8bd704c528d358a1489721584d7d5c17dc1ef84e3a8aa,owned_gpu_q02,gks,0.2,True,True,0.0001,79267267,2.984391415410385,GCC14.3 (pinned native cache/build flags in campaign),,335de48e2884173d53037dbd36529d88197ea9b44318d4b55aff50128cae19bc,complete-object-api-v1,False,"{""setup_s"": {""max"": 0.85974634, ""median"": 0.8581458799999999, ""min"": 0.8574573240000001, ""spread"": 1.0026695392714378}, ""solve_api_s"": {""max"": 0.153065018, ""median"": 0.15182656, ""min"": 0.151430763, ""spread"": 1.010792093809895}, ""total_s"": {""max"": 1.012811358, ""median"": 1.0099724399999999, ""min"": 1.008888087, ""spread"": 1.0038887078265202}}"
grids,grid3d_200,gpu,apxchol_v1,bg+tree/gpu-owned-q08[vec_pool_aos],72,,complete,8000000,55760000,0.631013782,0.13801506,0.769028842,33,7.2537095832666615e-09,7.2537095832666615e-09,,1,3,3,2828.375,,,,,c94a94a1dee6070947be21e08171210131d9cdd8,d25523bdf16a36173de8bd704c528d358a1489721584d7d5c17dc1ef84e3a8aa,owned_gpu,gks,0.8,True,True,0.0001,79273357,2.9846464405360136,GCC14.3 (pinned native cache/build flags in campaign),,335de48e2884173d53037dbd36529d88197ea9b44318d4b55aff50128cae19bc,complete-object-api-v1,False,"{""setup_s"": {""max"": 0.6318959329999999, ""median"": 0.631013782, ""min"": 0.6254428879999999, ""spread"": 1.0103175607618389}, ""solve_api_s"": {""max"": 0.13834414, ""median"": 0.13801506, ""min"": 0.137749723, ""spread"": 1.00431519561023}, ""total_s"": {""max"": 0.7702400729999999, ""median"": 0.769028842, ""min"": 0.7631926109999999, ""spread"": 1.009234185313673}}"
grids,grid3d_200,gpu,hypre_boomeramg_gpu,,72,,complete,8000000,55760000,1.065579,0.07059338,1.136173,15,4.679369e-09,7.954582094e-09,0.9516,1,3,3,5281.7,,,logical_cell,,ea01e2ff32b171d94ae8c048436df98203a0fc67,b09f022854a0d41cc5d07fa78abec4c0eb1b587cb6c00b843afbd7c38e3c80f5,,,,,,,,0.0,clang,,,explicit-warmup-v1,,
grids,grid3d_200,gpu,hypre_boomeramg_gpu,cut,72,,complete,8000000,55760000,1.054491,0.06947486,1.123966,15,4.679369e-09,7.954582094e-09,0.5639,1,3,3,5089.4,,,logical_cell,,ea01e2ff32b171d94ae8c048436df98203a0fc67,b09f022854a0d41cc5d07fa78abec4c0eb1b587cb6c00b843afbd7c38e3c80f5,,,,,,,,0.0,clang,,,explicit-warmup-v1,,
grids,grid3d_200,gpu,parac_graph,,72,,complete,8000000,55760000,87.4992899598236,1.59507,89.0943599598236,35,3.0236506614229443e-09,4.6657823461115095e-09,0.706663,1,3,3,8354.125,,,,,280b7ee0087c47d1a5101787312dd7574acdfee0,,,,,,,,,,,,,,,
grids,grid3d_200,gpu,parac_physics,,72,,complete,8000000,55760000,85.86147195773314,1.72211,87.58358195773314,37,3.207864640731153e-09,3.8882607940878575e-09,0.690802,1,3,1,8400.5625,,,,,8827024f79d2cd40e3e162faf5ada0fcc5943af6,18633bf80732fc978eba537b27ca096be8d2381e45bdef13c29774c1c6943c1b,,,,,,,,,,,,,,
grids,grid3d_250,cpu,ac,,72,1,complete,15625000,109000000,66.39200178,36.316393082,102.708394862,28,9.367012016561869e-09,9.367012016561869e-09,,1,3,2,26268.125,,,,,17fbacec7886eda3545bde4dc3426d992f7a4af2,,,,,,,,,,julia,,,,,
grids,grid3d_250,cpu,ac2,,72,1,complete,15625000,109000000,115.51752872,39.115971571,154.63350029100002,20,9.015500539930714e-09,9.015500539930714e-09,,1,3,1,30919.3125,,,,,17fbacec7886eda3545bde4dc3426d992f7a4af2,,,,,,,,,,julia,,,,,
grids,grid3d_250,cpu,amgcl,,72,,complete,15625000,109000000,2.299801,0.6944819,2.994283,15,4.7191e-09,4.719100292e-09,,1,3,2,10157.9,,,logical_cell,,ea01e2ff32b171d94ae8c048436df98203a0fc67,5942a0926b4d1a67dcd8fd6985633b0f834f734ee4a6c1285fb88db959bac8c7,,,,,,,,0.0,clang,,,explicit-warmup-v1,,
grids,grid3d_250,cpu,apxchol_v1,bg+trace_cycle[vec_pool_aos],72,,complete,15625000,109000000,2.595142312,0.636158354,3.231300666,21,6.460549668379938e-09,6.460549668379938e-09,,1,3,1,8292.0,,,,,f17b98eca1d46cde68ffe1555e5284f225745567,d7960e301d068b7d8a70ddeca2e0402da1025c43dac7599b16f02f4201d00067,cpu_cpu,trace_cycle,0.2,False,False,0.0001,200375581,3.9571744257028114,Clang22.1.8/llvm-libomp,unset,683ba7cb0bc7693fecd9a62a74082f2fc08e238426ad451a54af4166b4a31042,complete-object-api-v1,False,"{""setup_s"": {""max"": 2.652980886, ""median"": 2.595142312, ""min"": 2.544058489, ""spread"": 1.0428144232811307}, ""solve_api_s"": {""max"": 0.636685056, ""median"": 0.636158354, ""min"": 0.635314286, ""spread"": 1.0021576250215158}, ""total_s"": {""max"": 3.2882951719999998, ""median"": 3.231300666, ""min"": 3.1807435450000003, ""spread"": 1.0338133601399793}}"
grids,grid3d_250,cpu,apxchol_v1,bg+tree[vec_pool_aos],72,,complete,15625000,109000000,1.840493107,0.790544023,2.63103713,32,7.12973036484563e-09,7.12973036484563e-09,,1,3,3,7687.9375,,,,,f17b98eca1d46cde68ffe1555e5284f225745567,d7960e301d068b7d8a70ddeca2e0402da1025c43dac7599b16f02f4201d00067,cpu_cpu,gks,0.2,False,False,0.0001,155852037,3.003524219544846,Clang22.1.8/llvm-libomp,unset,683ba7cb0bc7693fecd9a62a74082f2fc08e238426ad451a54af4166b4a31042,complete-object-api-v1,True,"{""setup_s"": {""max"": 2.308511972, ""median"": 1.840493107, ""min"": 1.736832153, ""spread"": 1.3291508727613934}, ""solve_api_s"": {""max"": 0.809833564, ""median"": 0.790544023, ""min"": 0.775954058, ""spread"": 1.0436617421491725}, ""total_s"": {""max"": 3.1183455359999996, ""median"": 2.63103713, ""min"": 2.512786211, ""spread"": 1.240991184347119}}"
grids,grid3d_250,cpu,cmg_packed,original-operator,72,1,complete,15625000,109000000,10.833114639000001,30.426528601,41.25964324,16,5.684019621335186e-09,5.684019621335756e-09,,1,3,3,15945.375,,,logical_cell,,67750bb65e4e872acb408f2467759e75c70fe5b6,42ca4826ba0a67a64f0ae3a36a9c36fa7a9ef8a598328415b22b587f242fe9e5,,,,,,,,,,,,,,
grids,grid3d_250,cpu,hypre_boomeramg,,72,,complete,15625000,109000000,8.648412,0.9791609,9.627573,9,3.740562e-09,3.740562008e-09,,1,3,3,17136.9,,,logical_cell,,ea01e2ff32b171d94ae8c048436df98203a0fc67,5942a0926b4d1a67dcd8fd6985633b0f834f734ee4a6c1285fb88db959bac8c7,,,,,,,,0.0,clang,,,explicit-warmup-v1,,
grids,grid3d_250,cpu,hypre_boomeramg,cut,72,,complete,15625000,109000000,8.856568,0.972011,9.828579,9,3.740562e-09,3.740562008e-09,,1,3,3,16005.9,,,logical_cell,,ea01e2ff32b171d94ae8c048436df98203a0fc67,5942a0926b4d1a67dcd8fd6985633b0f834f734ee4a6c1285fb88db959bac8c7,,,,,,,,0.0,clang,,,explicit-warmup-v1,,
grids,grid3d_250,cpu,parac,,72,,complete,15625000,109000000,160.47652311293027,21.994,182.47052311293027,38,4.079056920312904e-09,4.079056920312904e-09,,1,3,1,35066.125,,,,,280b7ee0087c47d1a5101787312dd7574acdfee0,,,,,,,,,,,,,,,
grids,grid3d_250,cpu,parac_physics,,72,,complete,15625000,109000000,160.32076682981872,22.286,182.60676682981872,38,4.742138860244751e-09,5.30876213507182e-09,,1,3,1,35074.1875,,,,,8827024f79d2cd40e3e162faf5ada0fcc5943af6,94a4cc3e26ca031ffa01df5a4e26fe788d9e60a5b0bc0e4f2cdf58a9912b0bf1,,,,,,,,,,,,,,
grids,grid3d_250,cpu,rchol,,72,,complete,15625000,109000000,71.83956,47.66002,119.4996,22,8.90021e-09,9.224405621e-09,,1,3,2,29159.4,,,logical_cell,,fa329b5ac757bab0aeb36cfc7f6ec14ff15bdc9b,c4e6202ab92260ec4c8b8aec659fd9772582676157cff6edd8eaff158f194968,,,,,,,,5.4101,clang,,,explicit-warmup-v1,,
grids,grid3d_250,cpu,rchol_par,,72,64,complete,15625000,109000000,50.15285,34.75224,84.90508,27,9.930656e-09,9.930655617e-09,,1,3,3,37229.4,,,logical_cell,,fa329b5ac757bab0aeb36cfc7f6ec14ff15bdc9b,c4e6202ab92260ec4c8b8aec659fd9772582676157cff6edd8eaff158f194968,,,,,,,,8.5246,clang,,,explicit-warmup-v1,,
grids,grid3d_250,gpu,amgcl_cuda,,72,,complete,15625000,109000000,2.685288,0.09986329,2.785151,15,4.7191e-09,4.719100292e-09,0.5908,1,3,2,10304.3,,,logical_cell,,ea01e2ff32b171d94ae8c048436df98203a0fc67,b09f022854a0d41cc5d07fa78abec4c0eb1b587cb6c00b843afbd7c38e3c80f5,,,,,,,,0.0,clang,,,explicit-warmup-v1,,
grids,grid3d_250,gpu,apxchol_v1,bg+tree/gpu-owned-q02[vec_pool_aos],72,,complete,15625000,109000000,1.392587815,0.281088371,1.673676186,31,6.050362281363524e-09,6.050362281363524e-09,,1,3,2,5307.375,,,,,c94a94a1dee6070947be21e08171210131d9cdd8,d25523bdf16a36173de8bd704c528d358a1489721584d7d5c17dc1ef84e3a8aa,owned_gpu_q02,gks,0.2,True,True,0.0001,155340003,2.9925569585006695,GCC14.3 (pinned native cache/build flags in campaign),,335de48e2884173d53037dbd36529d88197ea9b44318d4b55aff50128cae19bc,complete-object-api-v1,False,"{""setup_s"": {""max"": 1.396976113, ""median"": 1.392587815, ""min"": 1.385001921, ""spread"": 1.008645614001282}, ""solve_api_s"": {""max"": 0.281459878, ""median"": 0.281088371, ""min"": 0.281061748, ""spread"": 1.0014165214684425}, ""total_s"": {""max"": 1.678435991, ""median"": 1.673676186, ""min"": 1.666063669, ""spread"": 1.0074260799453278}}"
grids,grid3d_250,gpu,apxchol_v1,bg+tree/gpu-owned-q08[vec_pool_aos],72,,complete,15625000,109000000,1.072717893,0.263824643,1.336542536,33,8.392010622604346e-09,8.392010622604346e-09,,1,3,3,5316.4375,,,,,c94a94a1dee6070947be21e08171210131d9cdd8,d25523bdf16a36173de8bd704c528d358a1489721584d7d5c17dc1ef84e3a8aa,owned_gpu,gks,0.8,True,True,0.0001,155259807,2.9908392396251675,GCC14.3 (pinned native cache/build flags in campaign),,335de48e2884173d53037dbd36529d88197ea9b44318d4b55aff50128cae19bc,complete-object-api-v1,False,"{""setup_s"": {""max"": 1.078555116, ""median"": 1.072717893, ""min"": 1.071367471, ""spread"": 1.0067088512527742}, ""solve_api_s"": {""max"": 0.263824643, ""median"": 0.263338928, ""min"": 0.26139994, ""spread"": 1.009275836100039}, ""total_s"": {""max"": 1.341894044, ""median"": 1.336542536, ""min"": 1.332767411, ""spread"": 1.0068478812767128}}"
grids,grid3d_250,gpu,hypre_boomeramg_gpu,,72,,complete,15625000,109000000,1.984677,0.1138143,2.098491,14,8.868164e-09,8.868164195e-09,0.5584,1,3,1,9940.6,,,logical_cell,,ea01e2ff32b171d94ae8c048436df98203a0fc67,b09f022854a0d41cc5d07fa78abec4c0eb1b587cb6c00b843afbd7c38e3c80f5,,,,,,,,0.0,clang,,,explicit-warmup-v1,,
grids,grid3d_250,gpu,hypre_boomeramg_gpu,cut,72,,complete,15625000,109000000,2.013243,0.1323399,2.145583,15,6.741642e-09,8.868164195e-09,0.552,1,3,2,9716.5,,,logical_cell,,ea01e2ff32b171d94ae8c048436df98203a0fc67,b09f022854a0d41cc5d07fa78abec4c0eb1b587cb6c00b843afbd7c38e3c80f5,,,,,,,,0.0,clang,,,explicit-warmup-v1,,
grids,grid3d_250,gpu,parac_graph,,72,,complete,15625000,109000000,178.3567280646057,2.79173,181.1484580646057,37,3.645944591357537e-09,3.6494278322086077e-09,0.692686,1,3,3,15920.75,,,,,280b7ee0087c47d1a5101787312dd7574acdfee0,,,,,,,,,,,,,,,
grids,grid3d_250,gpu,parac_physics,,72,,complete,15625000,109000000,175.78805905337524,2.80635,178.59440905337524,37,4.949028454944797e-09,4.949028454944797e-09,0.697615,1,3,3,16014.5,,,,,8827024f79d2cd40e3e162faf5ada0fcc5943af6,18633bf80732fc978eba537b27ca096be8d2381e45bdef13c29774c1c6943c1b,,,,,,,,,,,,,,
grids,grid_1000,cpu,ac,,72,1,complete,1000000,4996000,1.346877332,1.285083235,2.631960567,41,8.685241868566965e-09,8.685241868566965e-09,,1,3,1,2334.5625,,,,,17fbacec7886eda3545bde4dc3426d992f7a4af2,,,,,,,,,,julia,,,,,
grids,grid_1000,cpu,ac2,,72,1,complete,1000000,4996000,2.448294774,0.848223249,3.296518023,26,5.524877122328339e-09,5.524877122328339e-09,,1,3,2,2481.9375,,,,,17fbacec7886eda3545bde4dc3426d992f7a4af2,,,,,,,,,,julia,,,,,
grids,grid_1000,cpu,amgcl,,72,,complete,1000000,4996000,0.07752789,0.01511767,0.09264557,12,6.945382e-09,6.945382127e-09,,1,3,3,409.0,,,logical_cell,,ea01e2ff32b171d94ae8c048436df98203a0fc67,5942a0926b4d1a67dcd8fd6985633b0f834f734ee4a6c1285fb88db959bac8c7,,,,,,,,0.0,clang,,,explicit-warmup-v1,,
grids,grid_1000,cpu,apxchol_v1,bg+trace_cycle[vec_pool_aos],72,,complete,1000000,4996000,0.073301423,0.025634678,0.098936101,27,8.741031826722969e-09,8.741031826722969e-09,,1,3,3,216.0,,,,,f17b98eca1d46cde68ffe1555e5284f225745567,d7960e301d068b7d8a70ddeca2e0402da1025c43dac7599b16f02f4201d00067,cpu_cpu,trace_cycle,0.2,False,False,0.0001,6726413,2.8660725725725724,Clang22.1.8/llvm-libomp,unset,683ba7cb0bc7693fecd9a62a74082f2fc08e238426ad451a54af4166b4a31042,complete-object-api-v1,False,"{""setup_s"": {""max"": 0.074087287, ""median"": 0.073301423, ""min"": 0.070074129, ""spread"": 1.0572701802686695}, ""solve_api_s"": {""max"": 0.025742962, ""median"": 0.025634678, ""min"": 0.025335871, ""spread"": 1.0160677720533073}, ""total_s"": {""max"": 0.099423158, ""median"": 0.098936101, ""min"": 0.095817091, ""spread"": 1.0376349037772394}}"
grids,grid_1000,cpu,apxchol_v1,bg+tree[vec_pool_aos],72,,complete,1000000,4996000,0.051720382,0.035679301,0.087399683,44,9.210536605865384e-09,9.210536605865384e-09,,1,3,2,216.0,,,,,f17b98eca1d46cde68ffe1555e5284f225745567,d7960e301d068b7d8a70ddeca2e0402da1025c43dac7599b16f02f4201d00067,cpu_cpu,gks,0.2,False,False,0.0001,5458744,2.2316036036036038,Clang22.1.8/llvm-libomp,unset,683ba7cb0bc7693fecd9a62a74082f2fc08e238426ad451a54af4166b4a31042,complete-object-api-v1,False,"{""setup_s"": {""max"": 0.056039771, ""median"": 0.051720382, ""min"": 0.051209998, ""spread"": 1.0943130870655375}, ""solve_api_s"": {""max"": 0.035918046, ""median"": 0.035679301, ""min"": 0.03490886, ""spread"": 1.0289091651804156}, ""total_s"": {""max"": 0.090948631, ""median"": 0.087399683, ""min"": 0.087128044, ""spread"": 1.0438502556077123}}"
grids,grid_1000,cpu,cmg_packed,original-operator,72,1,complete,1000000,4996000,0.41988621400000004,1.25531321,1.6751994239999999,16,9.021342271989054e-09,9.021342271989074e-09,,1,3,1,696.125,,,logical_cell,,67750bb65e4e872acb408f2467759e75c70fe5b6,42ca4826ba0a67a64f0ae3a36a9c36fa7a9ef8a598328415b22b587f242fe9e5,,,,,,,,,,,,,,
grids,grid_1000,cpu,hypre_boomeramg,,72,,complete,1000000,4996000,0.3834857,0.06199978,0.4454855,8,1.601111e-09,1.601111367e-09,,1,3,3,1081.8,,,logical_cell,,ea01e2ff32b171d94ae8c048436df98203a0fc67,5942a0926b4d1a67dcd8fd6985633b0f834f734ee4a6c1285fb88db959bac8c7,,,,,,,,0.0,clang,,,explicit-warmup-v1,,
grids,grid_1000,cpu,hypre_boomeramg,cut,72,,complete,1000000,4996000,0.4031544,0.06153864,0.464693,8,1.601111e-09,1.601111367e-09,,1,3,1,1082.0,,,logical_cell,,ea01e2ff32b171d94ae8c048436df98203a0fc67,5942a0926b4d1a67dcd8fd6985633b0f834f734ee4a6c1285fb88db959bac8c7,,,,,,,,0.0,clang,,,explicit-warmup-v1,,
grids,grid_1000,cpu,parac,,72,,complete,1000000,4996000,7.368545145455933,0.843,8.211545145455933,49,4.31834034578924e-09,4.4711830198752745e-09,,1,3,3,1613.625,,,,,280b7ee0087c47d1a5101787312dd7574acdfee0,,,,,,,,,,,,,,,
grids,grid_1000,cpu,parac_physics,,72,,complete,1000000,4996000,7.2388633858032225,0.886,8.124863385803222,52,4.894964545779215e-09,4.90485928165931e-09,,1,3,1,1594.5,,,,,8827024f79d2cd40e3e162faf5ada0fcc5943af6,94a4cc3e26ca031ffa01df5a4e26fe788d9e60a5b0bc0e4f2cdf58a9912b0bf1,,,,,,,,,,,,,,
grids,grid_1000,cpu,rchol,,72,,complete,1000000,4996000,1.559946,1.628694,3.18864,43,8.033505e-09,9.726966006e-09,,1,3,1,1397.9,,,logical_cell,,fa329b5ac757bab0aeb36cfc7f6ec14ff15bdc9b,c4e6202ab92260ec4c8b8aec659fd9772582676157cff6edd8eaff158f194968,,,,,,,,3.0629,clang,,,explicit-warmup-v1,,
grids,grid_1000,cpu,rchol_par,,72,64,complete,1000000,4996000,1.829676,1.772761,3.602437,51,8.428491e-09,8.466343656e-09,,1,3,3,949.6,,,logical_cell,,fa329b5ac757bab0aeb36cfc7f6ec14ff15bdc9b,c4e6202ab92260ec4c8b8aec659fd9772582676157cff6edd8eaff158f194968,,,,,,,,3.5837,clang,,,explicit-warmup-v1,,
grids,grid_1000,gpu,amgcl_cuda,,72,,complete,1000000,4996000,0.09720862,0.01031446,0.1075231,12,6.945382e-09,6.945382126e-09,0.558,1,3,3,717.6,,,logical_cell,,ea01e2ff32b171d94ae8c048436df98203a0fc67,b09f022854a0d41cc5d07fa78abec4c0eb1b587cb6c00b843afbd7c38e3c80f5,,,,,,,,0.0,clang,,,explicit-warmup-v1,,
grids,grid_1000,gpu,apxchol_v1,bg+tree/gpu-owned-q02[vec_pool_aos],72,,complete,1000000,4996000,0.104604746,0.022157094,0.12676184,45,8.291898286305075e-09,8.291898286305075e-09,,1,3,2,324.0,,,,,c94a94a1dee6070947be21e08171210131d9cdd8,d25523bdf16a36173de8bd704c528d358a1489721584d7d5c17dc1ef84e3a8aa,owned_gpu_q02,gks,0.2,True,True,0.0001,5420799,2.212612112112112,GCC14.3 (pinned native cache/build flags in campaign),,335de48e2884173d53037dbd36529d88197ea9b44318d4b55aff50128cae19bc,complete-object-api-v1,False,"{""setup_s"": {""max"": 0.107002651, ""median"": 0.104604746, ""min"": 0.104579275, ""spread"": 1.0231726219176793}, ""solve_api_s"": {""max"": 0.022157094, ""median"": 0.022070345, ""min"": 0.022042666, ""spread"": 1.0051912050928866}, ""total_s"": {""max"": 0.129072996, ""median"": 0.12676184, ""min"": 0.126621941, ""spread"": 1.0193572692113446}}"
grids,grid_1000,gpu,apxchol_v1,bg+tree/gpu-owned-q08[vec_pool_aos],72,,complete,1000000,4996000,0.08449150999999999,0.018697621,0.10318913099999999,43,9.309496173250471e-09,9.309496173250471e-09,,1,3,3,324.0,,,,,c94a94a1dee6070947be21e08171210131d9cdd8,d25523bdf16a36173de8bd704c528d358a1489721584d7d5c17dc1ef84e3a8aa,owned_gpu,gks,0.8,True,True,0.0001,5434928,2.2196836836836837,GCC14.3 (pinned native cache/build flags in campaign),,335de48e2884173d53037dbd36529d88197ea9b44318d4b55aff50128cae19bc,complete-object-api-v1,False,"{""setup_s"": {""max"": 0.091190118, ""median"": 0.08449150999999999, ""min"": 0.08413715100000001, ""spread"": 1.0838270242832444}, ""solve_api_s"": {""max"": 0.019840727, ""median"": 0.018712981, ""min"": 0.018697621, ""spread"": 1.0611364408338364}, ""total_s"": {""max"": 0.111030845, ""median"": 0.10318913099999999, ""min"": 0.10285013200000001, ""spread"": 1.0795401312659472}}"
grids,grid_1000,gpu,hypre_boomeramg_gpu,,72,,complete,1000000,4996000,0.1282565,0.01596656,0.1442231,12,9.239173e-09,9.239173261e-09,0.5662,1,3,1,726.8,,,logical_cell,,ea01e2ff32b171d94ae8c048436df98203a0fc67,b09f022854a0d41cc5d07fa78abec4c0eb1b587cb6c00b843afbd7c38e3c80f5,,,,,,,,0.0,clang,,,explicit-warmup-v1,,
grids,grid_1000,gpu,hypre_boomeramg_gpu,cut,72,,complete,1000000,4996000,0.1241448,0.01501141,0.1391562,12,9.239173e-09,9.239173261e-09,0.556,1,3,1,726.8,,,logical_cell,,ea01e2ff32b171d94ae8c048436df98203a0fc67,b09f022854a0d41cc5d07fa78abec4c0eb1b587cb6c00b843afbd7c38e3c80f5,,,,,,,,0.0,clang,,,explicit-warmup-v1,,
grids,grid_1000,gpu,parac_graph,,72,,complete,1000000,4996000,8.156063676806639,0.0838393,8.239902976806638,56,4.211334935871467e-09,4.360825171220842e-09,0.571115,1,3,1,1042.375,,,,,280b7ee0087c47d1a5101787312dd7574acdfee0,,,,,,,,,,,,,,,
grids,grid_1000,gpu,parac_physics,,72,,complete,1000000,4996000,8.083361302944947,0.0825023,8.165863602944947,53,3.8796224459945295e-09,4.987224580239625e-09,0.589689,1,3,1,1131.875,,,,,8827024f79d2cd40e3e162faf5ada0fcc5943af6,18633bf80732fc978eba537b27ca096be8d2381e45bdef13c29774c1c6943c1b,,,,,,,,,,,,,,
grids,grid_2000,cpu,ac,,72,1,complete,4000000,19992000,5.31800969,5.542550462,10.860560152000001,43,8.423105144286978e-09,8.423105144286978e-09,,1,3,2,5018.5625,,,,,17fbacec7886eda3545bde4dc3426d992f7a4af2,,,,,,,,,,julia,,,,,
grids,grid_2000,cpu,ac2,,72,1,complete,4000000,19992000,9.908732742,4.456117217,14.364849959,26,7.961083774304577e-09,7.961083774304577e-09,,1,3,1,6538.875,,,,,17fbacec7886eda3545bde4dc3426d992f7a4af2,,,,,,,,,,julia,,,,,
grids,grid_2000,cpu,amgcl,,72,,complete,4000000,19992000,0.3064469,0.1046487,0.4110955,13,9.376208e-09,9.376207691e-09,,1,3,1,2053.5,,,logical_cell,,ea01e2ff32b171d94ae8c048436df98203a0fc67,5942a0926b4d1a67dcd8fd6985633b0f834f734ee4a6c1285fb88db959bac8c7,,,,,,,,0.0,clang,,,explicit-warmup-v1,,
grids,grid_2000,cpu,apxchol_v1,bg+trace_cycle[vec_pool_aos],72,,complete,4000000,19992000,0.236633637,0.11277189,0.349405527,28,9.92096031990116e-09,9.92096031990116e-09,,1,3,2,1008.0,,,,,f17b98eca1d46cde68ffe1555e5284f225745567,d7960e301d068b7d8a70ddeca2e0402da1025c43dac7599b16f02f4201d00067,cpu_cpu,trace_cycle,0.2,False,False,0.0001,26903609,2.864383316658329,Clang22.1.8/llvm-libomp,unset,683ba7cb0bc7693fecd9a62a74082f2fc08e238426ad451a54af4166b4a31042,complete-object-api-v1,False,"{""setup_s"": {""max"": 0.238248612, ""median"": 0.236633637, ""min"": 0.227982622, ""spread"": 1.0450297040622685}, ""solve_api_s"": {""max"": 0.115409158, ""median"": 0.113147231, ""min"": 0.11277189, ""spread"": 1.0233858632678765}, ""total_s"": {""max"": 0.351395843, ""median"": 0.349405527, ""min"": 0.34339178, ""spread"": 1.0233088369209071}}"
grids,grid_2000,cpu,apxchol_v1,bg+tree[vec_pool_aos],72,,complete,4000000,19992000,0.177218054,0.168312648,0.345530702,47,7.608704592759953e-09,7.608704592759953e-09,,1,3,3,1008.0,,,,,f17b98eca1d46cde68ffe1555e5284f225745567,d7960e301d068b7d8a70ddeca2e0402da1025c43dac7599b16f02f4201d00067,cpu_cpu,gks,0.2,False,False,0.0001,21864559,2.234186968484242,Clang22.1.8/llvm-libomp,unset,683ba7cb0bc7693fecd9a62a74082f2fc08e238426ad451a54af4166b4a31042,complete-object-api-v1,False,"{""setup_s"": {""max"": 0.190174174, ""median"": 0.177218054, ""min"": 0.173013708, ""spread"": 1.0991855859190072}, ""solve_api_s"": {""max"": 0.168636522, ""median"": 0.168312648, ""min"": 0.167916831, ""spread"": 1.0042859967980222}, ""total_s"": {""max"": 0.35881069600000004, ""median"": 0.345530702, ""min"": 0.340930539, ""spread"": 1.0524451609774976}}"
grids,grid_2000,cpu,cmg_packed,original-operator,72,1,complete,4000000,19992000,1.765957476,6.670799950999999,8.436757427,14,3.7003700878386274e-09,3.7003700878387085e-09,,1,3,1,2796.0625,,,logical_cell,,67750bb65e4e872acb408f2467759e75c70fe5b6,42ca4826ba0a67a64f0ae3a36a9c36fa7a9ef8a598328415b22b587f242fe9e5,,,,,,,,,,,,,,
grids,grid_2000,cpu,hypre_boomeramg,,72,,complete,4000000,19992000,1.619378,0.3306308,1.950009,8,6.295678e-09,6.29567842e-09,,1,3,2,4320.9,,,logical_cell,,ea01e2ff32b171d94ae8c048436df98203a0fc67,5942a0926b4d1a67dcd8fd6985633b0f834f734ee4a6c1285fb88db959bac8c7,,,,,,,,0.0,clang,,,explicit-warmup-v1,,
grids,grid_2000,cpu,hypre_boomeramg,cut,72,,complete,4000000,19992000,1.907306,0.3517101,2.259016,8,6.295678e-09,6.29567842e-09,,1,3,3,4819.4,,,logical_cell,,ea01e2ff32b171d94ae8c048436df98203a0fc67,5942a0926b4d1a67dcd8fd6985633b0f834f734ee4a6c1285fb88db959bac8c7,,,,,,,,0.0,clang,,,explicit-warmup-v1,,
grids,grid_2000,cpu,parac,,72,,complete,4000000,19992000,26.870789838897707,4.003,30.873789838897707,55,3.999721458684333e-09,4.5808611452569664e-09,,1,3,2,6415.75,,,,,280b7ee0087c47d1a5101787312dd7574acdfee0,,,,,,,,,,,,,,,
grids,grid_2000,cpu,parac_physics,,72,,complete,4000000,19992000,27.43961484420776,3.973,31.41261484420776,54,3.285536076518008e-09,4.669316659266679e-09,,1,3,1,6421.6875,,,,,8827024f79d2cd40e3e162faf5ada0fcc5943af6,94a4cc3e26ca031ffa01df5a4e26fe788d9e60a5b0bc0e4f2cdf58a9912b0bf1,,,,,,,,,,,,,,
grids,grid_2000,cpu,rchol,,72,,complete,4000000,19992000,6.449509,10.84165,17.29116,59,9.169837e-09,9.169837484e-09,,1,3,1,5592.1,,,logical_cell,,fa329b5ac757bab0aeb36cfc7f6ec14ff15bdc9b,c4e6202ab92260ec4c8b8aec659fd9772582676157cff6edd8eaff158f194968,,,,,,,,3.0953,clang,,,explicit-warmup-v1,,
grids,grid_2000,cpu,rchol_par,,72,64,complete,4000000,19992000,7.265931,11.63485,18.90078,77,7.661072e-09,9.161361291e-09,,1,3,2,6941.2,,,logical_cell,,fa329b5ac757bab0aeb36cfc7f6ec14ff15bdc9b,c4e6202ab92260ec4c8b8aec659fd9772582676157cff6edd8eaff158f194968,,,,,,,,3.7375,clang,,,explicit-warmup-v1,,
grids,grid_2000,gpu,amgcl_cuda,,72,,complete,4000000,19992000,0.3763668,0.02357554,0.3999424,13,9.376208e-09,9.376207691e-09,0.5598,1,3,2,2227.0,,,logical_cell,,ea01e2ff32b171d94ae8c048436df98203a0fc67,b09f022854a0d41cc5d07fa78abec4c0eb1b587cb6c00b843afbd7c38e3c80f5,,,,,,,,0.0,clang,,,explicit-warmup-v1,,
grids,grid_2000,gpu,apxchol_v1,bg+tree/gpu-owned-q02[vec_pool_aos],72,,complete,4000000,19992000,0.209513416,0.065803688,0.275317104,46,7.2205021601006056e-09,7.2205021601006056e-09,,1,3,2,1152.0,,,,,c94a94a1dee6070947be21e08171210131d9cdd8,d25523bdf16a36173de8bd704c528d358a1489721584d7d5c17dc1ef84e3a8aa,owned_gpu_q02,gks,0.2,True,True,0.0001,21707483,2.2145426463231614,GCC14.3 (pinned native cache/build flags in campaign),,335de48e2884173d53037dbd36529d88197ea9b44318d4b55aff50128cae19bc,complete-object-api-v1,False,"{""setup_s"": {""max"": 0.21914913300000002, ""median"": 0.209513416, ""min"": 0.207523434, ""spread"": 1.05602113831636}, ""solve_api_s"": {""max"": 0.065803688, ""median"": 0.064593903, ""min"": 0.063732141, ""spread"": 1.032503960599723}, ""total_s"": {""max"": 0.282881274, ""median"": 0.275317104, ""min"": 0.272117337, ""spread"": 1.0395562337874855}}"
grids,grid_2000,gpu,apxchol_v1,bg+tree/gpu-owned-q08[vec_pool_aos],72,,complete,4000000,19992000,0.181743265,0.064189868,0.24593313299999997,47,9.392307965679168e-09,9.392307965679168e-09,,1,3,3,1152.0,,,,,c94a94a1dee6070947be21e08171210131d9cdd8,d25523bdf16a36173de8bd704c528d358a1489721584d7d5c17dc1ef84e3a8aa,owned_gpu,gks,0.8,True,True,0.0001,21772530,2.2226775887943973,GCC14.3 (pinned native cache/build flags in campaign),,335de48e2884173d53037dbd36529d88197ea9b44318d4b55aff50128cae19bc,complete-object-api-v1,False,"{""setup_s"": {""max"": 0.19204679100000002, ""median"": 0.181743265, ""min"": 0.181363263, ""spread"": 1.0589067919449597}, ""solve_api_s"": {""max"": 0.064189868, ""median"": 0.063261025, ""min"": 0.062173949, ""spread"": 1.0324238532765548}, ""total_s"": {""max"": 0.25422074, ""median"": 0.24593313299999997, ""min"": 0.244624288, ""spread"": 1.0392293507666746}}"
grids,grid_2000,gpu,hypre_boomeramg_gpu,,72,,complete,4000000,19992000,0.3780517,0.03780574,0.4158575,12,8.979066e-09,9.684210702e-09,0.5615,1,3,1,2323.1,,,logical_cell,,ea01e2ff32b171d94ae8c048436df98203a0fc67,b09f022854a0d41cc5d07fa78abec4c0eb1b587cb6c00b843afbd7c38e3c80f5,,,,,,,,0.0,clang,,,explicit-warmup-v1,,
grids,grid_2000,gpu,hypre_boomeramg_gpu,cut,72,,complete,4000000,19992000,0.3841729,0.03752311,0.4216961,12,8.979066e-09,9.684210702e-09,0.5634,1,3,1,2378.9,,,logical_cell,,ea01e2ff32b171d94ae8c048436df98203a0fc67,b09f022854a0d41cc5d07fa78abec4c0eb1b587cb6c00b843afbd7c38e3c80f5,,,,,,,,0.0,clang,,,explicit-warmup-v1,,
grids,grid_2000,gpu,parac_graph,,72,,complete,4000000,19992000,31.05950426043396,0.230095,31.28959926043396,68,4.5287362890250585e-09,4.5287362890250585e-09,0.695956,1,3,2,3272.6875,,,,,280b7ee0087c47d1a5101787312dd7574acdfee0,,,,,,,,,,,,,,,
grids,grid_2000,gpu,parac_physics,,72,,complete,4000000,19992000,30.89228351416016,0.218068,31.110351514160158,65,4.2529204940951005e-09,4.845019728420364e-09,0.705934,1,3,1,3326.1875,,,,,8827024f79d2cd40e3e162faf5ada0fcc5943af6,18633bf80732fc978eba537b27ca096be8d2381e45bdef13c29774c1c6943c1b,,,,,,,,,,,,,,
grids,grid_3000,cpu,ac,,72,1,complete,9000000,44988000,13.212751164,15.131443514,28.344194678,45,8.260580771034927e-09,8.260580771034927e-09,,1,3,3,11315.75,,,,,17fbacec7886eda3545bde4dc3426d992f7a4af2,,,,,,,,,,julia,,,,,
grids,grid_3000,cpu,ac2,,72,1,complete,9000000,44988000,25.970780162,12.179479075,38.150259237,27,9.691924270661218e-09,9.691924270661218e-09,,1,3,3,13206.0,,,,,17fbacec7886eda3545bde4dc3426d992f7a4af2,,,,,,,,,,julia,,,,,
grids,grid_3000,cpu,amgcl,,72,,complete,9000000,44988000,0.6933169,0.2464371,0.939754,13,5.001157e-09,5.001157461e-09,,1,3,2,4165.8,,,logical_cell,,ea01e2ff32b171d94ae8c048436df98203a0fc67,5942a0926b4d1a67dcd8fd6985633b0f834f734ee4a6c1285fb88db959bac8c7,,,,,,,,0.0,clang,,,explicit-warmup-v1,,
grids,grid_3000,cpu,apxchol_v1,bg+trace_cycle[vec_pool_aos],72,,complete,9000000,44988000,0.517088028,0.264619843,0.781707871,29,9.682684754934618e-09,9.682684754934618e-09,,1,3,1,2723.625,,,,,f17b98eca1d46cde68ffe1555e5284f225745567,d7960e301d068b7d8a70ddeca2e0402da1025c43dac7599b16f02f4201d00067,cpu_cpu,trace_cycle,0.2,False,False,0.0001,60565356,2.8656972324108034,Clang22.1.8/llvm-libomp,unset,683ba7cb0bc7693fecd9a62a74082f2fc08e238426ad451a54af4166b4a31042,complete-object-api-v1,False,"{""setup_s"": {""max"": 0.521638416, ""median"": 0.517088028, ""min"": 0.513992855, ""spread"": 1.0148748390675586}, ""solve_api_s"": {""max"": 0.264619843, ""median"": 0.263813629, ""min"": 0.261998996, ""spread"": 1.0100032711575735}, ""total_s"": {""max"": 0.785452045, ""median"": 0.781707871, ""min"": 0.775991851, ""spread"": 1.0121910996717411}}"
grids,grid_3000,cpu,apxchol_v1,bg+tree[vec_pool_aos],72,,complete,9000000,44988000,0.397163638,0.390321668,0.787485306,49,9.422621469922875e-09,9.422621469922875e-09,,1,3,2,2598.9375,,,,,f17b98eca1d46cde68ffe1555e5284f225745567,d7960e301d068b7d8a70ddeca2e0402da1025c43dac7599b16f02f4201d00067,cpu_cpu,gks,0.2,False,False,0.0001,49223722,2.2353963543403355,Clang22.1.8/llvm-libomp,unset,683ba7cb0bc7693fecd9a62a74082f2fc08e238426ad451a54af4166b4a31042,complete-object-api-v1,False,"{""setup_s"": {""max"": 0.398325481, ""median"": 0.397163638, ""min"": 0.396739741, ""spread"": 1.003996927547523}, ""solve_api_s"": {""max"": 0.393150857, ""median"": 0.390497657, ""min"": 0.390321668, ""spread"": 1.0072483524025113}, ""total_s"": {""max"": 0.7914763380000001, ""median"": 0.787485306, ""min"": 0.787237398, ""spread"": 1.005384576508648}}"
grids,grid_3000,cpu,cmg_packed,original-operator,72,1,complete,9000000,44988000,4.129083634000001,11.912836500000001,16.041920134,15,9.901984470499386e-09,9.901984470499747e-09,,1,3,2,6808.625,,,logical_cell,,67750bb65e4e872acb408f2467759e75c70fe5b6,42ca4826ba0a67a64f0ae3a36a9c36fa7a9ef8a598328415b22b587f242fe9e5,,,,,,,,,,,,,,
grids,grid_3000,cpu,hypre_boomeramg,,72,,complete,9000000,44988000,3.971288,0.6870439,4.658332,8,1.006377e-09,1.006377427e-09,,1,3,3,9153.3,,,logical_cell,,ea01e2ff32b171d94ae8c048436df98203a0fc67,5942a0926b4d1a67dcd8fd6985633b0f834f734ee4a6c1285fb88db959bac8c7,,,,,,,,0.0,clang,,,explicit-warmup-v1,,
grids,grid_3000,cpu,hypre_boomeramg,cut,72,,complete,9000000,44988000,3.744197,0.4745335,4.218731,8,1.006377e-09,1.006377427e-09,,1,3,2,12436.3,,,logical_cell,,ea01e2ff32b171d94ae8c048436df98203a0fc67,5942a0926b4d1a67dcd8fd6985633b0f834f734ee4a6c1285fb88db959bac8c7,,,,,,,,0.0,clang,,,explicit-warmup-v1,,
grids,grid_3000,cpu,parac,,72,,complete,9000000,44988000,61.063531017715455,10.411,71.47453101771545,62,4.250703845207708e-09,5.644227644487475e-09,,1,3,2,14457.875,,,,,280b7ee0087c47d1a5101787312dd7574acdfee0,,,,,,,,,,,,,,,
grids,grid_3000,cpu,parac_physics,,72,,complete,9000000,44988000,60.514343095306394,9.913,70.4273430953064,59,3.890825215058943e-09,4.686270279851965e-09,,1,3,2,14550.75,,,,,8827024f79d2cd40e3e162faf5ada0fcc5943af6,94a4cc3e26ca031ffa01df5a4e26fe788d9e60a5b0bc0e4f2cdf58a9912b0bf1,,,,,,,,,,,,,,
grids,grid_3000,cpu,rchol,,72,,complete,9000000,44988000,15.05809,30.91377,45.97186,68,9.645025e-09,9.685002852e-09,,1,3,1,12650.2,,,logical_cell,,fa329b5ac757bab0aeb36cfc7f6ec14ff15bdc9b,c4e6202ab92260ec4c8b8aec659fd9772582676157cff6edd8eaff158f194968,,,,,,,,3.132,clang,,,explicit-warmup-v1,,
grids,grid_3000,cpu,rchol_par,,72,64,complete,9000000,44988000,17.12372,34.86041,51.98413,101,9.164842e-09,9.652290498e-09,,1,3,2,16526.6,,,logical_cell,,fa329b5ac757bab0aeb36cfc7f6ec14ff15bdc9b,c4e6202ab92260ec4c8b8aec659fd9772582676157cff6edd8eaff158f194968,,,,,,,,3.8076,clang,,,explicit-warmup-v1,,
grids,grid_3000,gpu,amgcl_cuda,,72,,complete,9000000,44988000,0.8564422,0.04387212,0.9003143,13,5.001157e-09,5.001157461e-09,0.554,1,3,2,4480.0,,,logical_cell,,ea01e2ff32b171d94ae8c048436df98203a0fc67,b09f022854a0d41cc5d07fa78abec4c0eb1b587cb6c00b843afbd7c38e3c80f5,,,,,,,,0.0,clang,,,explicit-warmup-v1,,
grids,grid_3000,gpu,apxchol_v1,bg+tree/gpu-owned-q02[vec_pool_aos],72,,complete,9000000,44988000,0.374578701,0.147008725,0.521587426,48,8.419743086038577e-09,8.419743086038577e-09,,1,3,3,2389.75,,,,,c94a94a1dee6070947be21e08171210131d9cdd8,d25523bdf16a36173de8bd704c528d358a1489721584d7d5c17dc1ef84e3a8aa,owned_gpu_q02,gks,0.2,True,True,0.0001,48856042,2.214962876514394,GCC14.3 (pinned native cache/build flags in campaign),,335de48e2884173d53037dbd36529d88197ea9b44318d4b55aff50128cae19bc,complete-object-api-v1,False,"{""setup_s"": {""max"": 0.376701603, ""median"": 0.374578701, ""min"": 0.374126328, ""spread"": 1.0068834369764001}, ""solve_api_s"": {""max"": 0.147008725, ""median"": 0.146713246, ""min"": 0.145479463, ""spread"": 1.0105118754803213}, ""total_s"": {""max"": 0.523414849, ""median"": 0.521587426, ""min"": 0.519605791, ""spread"": 1.0073306688762442}}"
grids,grid_3000,gpu,apxchol_v1,bg+tree/gpu-owned-q08[vec_pool_aos],72,,complete,9000000,44988000,0.338279041,0.14355819,0.481837231,49,8.168145877886922e-09,8.168145877886922e-09,,1,3,1,2380.5,,,,,c94a94a1dee6070947be21e08171210131d9cdd8,d25523bdf16a36173de8bd704c528d358a1489721584d7d5c17dc1ef84e3a8aa,owned_gpu,gks,0.8,True,True,0.0001,49002493,2.223101756140936,GCC14.3 (pinned native cache/build flags in campaign),,335de48e2884173d53037dbd36529d88197ea9b44318d4b55aff50128cae19bc,complete-object-api-v1,False,"{""setup_s"": {""max"": 0.341331729, ""median"": 0.338279041, ""min"": 0.337151357, ""spread"": 1.012399095875506}, ""solve_api_s"": {""max"": 0.145117816, ""median"": 0.143699275, ""min"": 0.14355819, ""spread"": 1.0108640684310661}, ""total_s"": {""max"": 0.486449545, ""median"": 0.481837231, ""min"": 0.480850632, ""spread"": 1.0116437675806154}}"
grids,grid_3000,gpu,hypre_boomeramg_gpu,,72,,complete,9000000,44988000,0.7969107,0.06692835,0.8638391,12,8.40604e-09,8.406040103e-09,0.5625,1,3,2,4166.4,,,logical_cell,,ea01e2ff32b171d94ae8c048436df98203a0fc67,b09f022854a0d41cc5d07fa78abec4c0eb1b587cb6c00b843afbd7c38e3c80f5,,,,,,,,0.0,clang,,,explicit-warmup-v1,,
grids,grid_3000,gpu,hypre_boomeramg_gpu,cut,72,,complete,9000000,44988000,0.815166,0.06467025,0.8798362,12,8.405642e-09,8.406040103e-09,0.5527000000000001,1,3,3,4230.4,,,logical_cell,,ea01e2ff32b171d94ae8c048436df98203a0fc67,b09f022854a0d41cc5d07fa78abec4c0eb1b587cb6c00b843afbd7c38e3c80f5,,,,,,,,0.0,clang,,,explicit-warmup-v1,,
grids,grid_3000,gpu,parac_graph,,72,,complete,9000000,44988000,75.57410897974854,0.511947,76.08605597974855,70,3.997680187357807e-09,4.538256431310096e-09,0.704454,1,3,2,7072.9375,,,,,280b7ee0087c47d1a5101787312dd7574acdfee0,,,,,,,,,,,,,,,
grids,grid_3000,gpu,parac_physics,,72,,complete,9000000,44988000,75.37385800879211,0.500513,75.87437100879211,66,4.515816719796726e-09,4.9786093217105536e-09,0.515965,1,3,1,7129.4375,,,,,8827024f79d2cd40e3e162faf5ada0fcc5943af6,18633bf80732fc978eba537b27ca096be8d2381e45bdef13c29774c1c6943c1b,,,,,,,,,,,,,,
grids,grid_4000,cpu,ac,,72,1,complete,16000000,79984000,21.452662463,31.687115007,53.13977747,48,7.155930911642837e-09,7.155930911642837e-09,,1,3,2,16395.9375,,,,,17fbacec7886eda3545bde4dc3426d992f7a4af2,,,,,,,,,,julia,,,,,
grids,grid_4000,cpu,ac2,,72,1,complete,16000000,79984000,42.148785348,23.611542466,65.760327814,26,8.37116665479229e-09,8.37116665479229e-09,,1,3,2,22032.1875,,,,,17fbacec7886eda3545bde4dc3426d992f7a4af2,,,,,,,,,,julia,,,,,
grids,grid_4000,cpu,amgcl,,72,,complete,16000000,79984000,1.254398,0.4767551,1.731154,14,4.238827e-09,4.238826832e-09,,1,3,3,8381.0,,,logical_cell,,ea01e2ff32b171d94ae8c048436df98203a0fc67,5942a0926b4d1a67dcd8fd6985633b0f834f734ee4a6c1285fb88db959bac8c7,,,,,,,,0.0,clang,,,explicit-warmup-v1,,
grids,grid_4000,cpu,apxchol_v1,bg+trace_cycle[vec_pool_aos],72,,complete,16000000,79984000,1.102804155,0.536526758,1.6393309130000002,29,8.008156762603411e-09,8.008156762603411e-09,,1,3,3,5771.25,,,,,f17b98eca1d46cde68ffe1555e5284f225745567,d7960e301d068b7d8a70ddeca2e0402da1025c43dac7599b16f02f4201d00067,cpu_cpu,trace_cycle,0.2,False,False,0.0001,107710987,2.866685015003751,Clang22.1.8/llvm-libomp,unset,683ba7cb0bc7693fecd9a62a74082f2fc08e238426ad451a54af4166b4a31042,complete-object-api-v1,True,"{""setup_s"": {""max"": 1.102804155, ""median"": 1.09985142, ""min"": 0.954107904, ""spread"": 1.1558484636555322}, ""solve_api_s"": {""max"": 0.539778172, ""median"": 0.536526758, ""min"": 0.534071227, ""spread"": 1.0106857376160427}, ""total_s"": {""max"": 1.639629592, ""median"": 1.6393309130000002, ""min"": 1.4881791309999999, ""spread"": 1.101768972461152}}"
grids,grid_4000,cpu,apxchol_v1,bg+tree[vec_pool_aos],72,,complete,16000000,79984000,0.792438543,0.908896125,1.701334668,53,9.461327508525848e-09,9.461327508525848e-09,,1,3,3,5418.25,,,,,f17b98eca1d46cde68ffe1555e5284f225745567,d7960e301d068b7d8a70ddeca2e0402da1025c43dac7599b16f02f4201d00067,cpu_cpu,gks,0.2,False,False,0.0001,87532007,2.2359342023005753,Clang22.1.8/llvm-libomp,unset,683ba7cb0bc7693fecd9a62a74082f2fc08e238426ad451a54af4166b4a31042,complete-object-api-v1,True,"{""setup_s"": {""max"": 0.933225838, ""median"": 0.792438543, ""min"": 0.755727711, ""spread"": 1.2348704757234976}, ""solve_api_s"": {""max"": 0.908896125, ""median"": 0.900439781, ""min"": 0.895954489, ""spread"": 1.0144445238668816}, ""total_s"": {""max"": 1.829180327, ""median"": 1.701334668, ""min"": 1.656167492, ""spread"": 1.104465783705891}}"
grids,grid_4000,cpu,cmg_packed,original-operator,72,1,complete,16000000,79984000,7.456808073,22.990057543,30.446865616,16,4.576252207066677e-09,4.576252207066852e-09,,1,3,3,15122.3125,,,logical_cell,,67750bb65e4e872acb408f2467759e75c70fe5b6,42ca4826ba0a67a64f0ae3a36a9c36fa7a9ef8a598328415b22b587f242fe9e5,,,,,,,,,,,,,,
grids,grid_4000,cpu,hypre_boomeramg,,72,,complete,16000000,79984000,6.438998,0.7754187,7.214416,8,3.134599e-09,3.134599218e-09,,1,3,1,15774.6,,,logical_cell,,ea01e2ff32b171d94ae8c048436df98203a0fc67,5942a0926b4d1a67dcd8fd6985633b0f834f734ee4a6c1285fb88db959bac8c7,,,,,,,,0.0,clang,,,explicit-warmup-v1,,
grids,grid_4000,cpu,hypre_boomeramg,cut,72,,complete,16000000,79984000,6.114386,0.8178205,6.932206,8,3.134599e-09,3.134599218e-09,,1,3,2,15442.1,,,logical_cell,,ea01e2ff32b171d94ae8c048436df98203a0fc67,5942a0926b4d1a67dcd8fd6985633b0f834f734ee4a6c1285fb88db959bac8c7,,,,,,,,0.0,clang,,,explicit-warmup-v1,,
grids,grid_4000,cpu,parac,,72,,complete,16000000,79984000,110.74108984770203,18.502,129.24308984770204,62,4.736539683390314e-09,5.162633699836176e-09,,1,3,2,25688.5,,,,,280b7ee0087c47d1a5101787312dd7574acdfee0,,,,,,,,,,,,,,,
grids,grid_4000,cpu,parac_physics,,72,,complete,16000000,79984000,109.79156889270018,18.791,128.58256889270018,62,5.5146414982322215e-09,5.5146414982322215e-09,,1,3,1,26366.625,,,,,8827024f79d2cd40e3e162faf5ada0fcc5943af6,94a4cc3e26ca031ffa01df5a4e26fe788d9e60a5b0bc0e4f2cdf58a9912b0bf1,,,,,,,,,,,,,,
grids,grid_4000,cpu,rchol,,72,,complete,16000000,79984000,27.06106,69.32909,96.39015,83,9.298855e-09,9.298854823e-09,,1,3,3,22486.2,,,logical_cell,,fa329b5ac757bab0aeb36cfc7f6ec14ff15bdc9b,c4e6202ab92260ec4c8b8aec659fd9772582676157cff6edd8eaff158f194968,,,,,,,,3.1043,clang,,,explicit-warmup-v1,,
grids,grid_4000,cpu,rchol_par,,72,,failed,,,,,,,,,,1,,,22173.5,,,logical_cell,,fa329b5ac757bab0aeb36cfc7f6ec14ff15bdc9b,c4e6202ab92260ec4c8b8aec659fd9772582676157cff6edd8eaff158f194968,,,,,,,,,clang,,,explicit-warmup-v1,,
grids,grid_4000,gpu,amgcl_cuda,,72,,complete,16000000,79984000,1.520491,0.07658958,1.597081,14,4.238827e-09,4.238826832e-09,0.552,1,3,3,6996.4,,,logical_cell,,ea01e2ff32b171d94ae8c048436df98203a0fc67,b09f022854a0d41cc5d07fa78abec4c0eb1b587cb6c00b843afbd7c38e3c80f5,,,,,,,,0.0,clang,,,explicit-warmup-v1,,
grids,grid_4000,gpu,apxchol_v1,bg+tree/gpu-owned-q02[vec_pool_aos],72,,complete,16000000,79984000,0.6169221100000001,0.27362465,0.8905467600000001,52,7.526793358270704e-09,7.526793358270704e-09,,1,3,1,4202.125,,,,,c94a94a1dee6070947be21e08171210131d9cdd8,d25523bdf16a36173de8bd704c528d358a1489721584d7d5c17dc1ef84e3a8aa,owned_gpu_q02,gks,0.2,True,True,0.0001,86879338,2.2155331957989497,GCC14.3 (pinned native cache/build flags in campaign),,335de48e2884173d53037dbd36529d88197ea9b44318d4b55aff50128cae19bc,complete-object-api-v1,False,"{""setup_s"": {""max"": 0.6169221100000001, ""median"": 0.616486603, ""min"": 0.614608036, ""spread"": 1.0037651216132164}, ""solve_api_s"": {""max"": 0.275067965, ""median"": 0.274873636, ""min"": 0.27362465, ""spread"": 1.0052747988896469}, ""total_s"": {""max"": 0.8913602389999999, ""median"": 0.8905467600000001, ""min"": 0.889676001, ""spread"": 1.0018930914154218}}"
grids,grid_4000,gpu,apxchol_v1,bg+tree/gpu-owned-q08[vec_pool_aos],72,,complete,16000000,79984000,0.552518848,0.265293134,0.8178119819999999,51,9.728899560503744e-09,9.728899560503744e-09,,1,3,3,4180.1875,,,,,c94a94a1dee6070947be21e08171210131d9cdd8,d25523bdf16a36173de8bd704c528d358a1489721584d7d5c17dc1ef84e3a8aa,owned_gpu,gks,0.8,True,True,0.0001,87124165,2.2231859527381848,GCC14.3 (pinned native cache/build flags in campaign),,335de48e2884173d53037dbd36529d88197ea9b44318d4b55aff50128cae19bc,complete-object-api-v1,False,"{""setup_s"": {""max"": 0.55303365, ""median"": 0.553028434, ""min"": 0.552518848, ""spread"": 1.0009317365405064}, ""solve_api_s"": {""max"": 0.265293134, ""median"": 0.264802427, ""min"": 0.263175813, ""spread"": 1.0080452720022566}, ""total_s"": {""max"": 0.817830861, ""median"": 0.8178119819999999, ""min"": 0.8162094630000001, ""spread"": 1.0019864974292756}}"
grids,grid_4000,gpu,hypre_boomeramg_gpu,,72,,complete,16000000,79984000,1.341421,0.1005822,1.442003,12,8.386375e-09,9.377583272e-09,0.5495,1,3,3,6954.5,,,logical_cell,,ea01e2ff32b171d94ae8c048436df98203a0fc67,b09f022854a0d41cc5d07fa78abec4c0eb1b587cb6c00b843afbd7c38e3c80f5,,,,,,,,0.0,clang,,,explicit-warmup-v1,,
grids,grid_4000,gpu,hypre_boomeramg_gpu,cut,72,,complete,16000000,79984000,1.377516,0.11745,1.494966,12,9.377583e-09,9.377583272e-09,0.5542999999999999,1,3,1,7306.6,,,logical_cell,,ea01e2ff32b171d94ae8c048436df98203a0fc67,b09f022854a0d41cc5d07fa78abec4c0eb1b587cb6c00b843afbd7c38e3c80f5,,,,,,,,0.0,clang,,,explicit-warmup-v1,,
grids,grid_4000,gpu,parac_graph,,72,,complete,16000000,79984000,142.95673712163088,1.04829,144.0050271216309,82,3.997115858185753e-09,4.274174419599878e-09,0.704732,1,3,2,12304.75,,,,,280b7ee0087c47d1a5101787312dd7574acdfee0,,,,,,,,,,,,,,,
grids,grid_4000,gpu,parac_physics,,72,,complete,16000000,79984000,140.05558409709167,1.05824,141.11382409709168,80,4.324755077969554e-09,4.845082670847911e-09,0.510903,1,3,2,12276.3125,,,,,8827024f79d2cd40e3e162faf5ada0fcc5943af6,18633bf80732fc978eba537b27ca096be8d2381e45bdef13c29774c1c6943c1b,,,,,,,,,,,,,,
grids,grid_500,cpu,ac,,72,1,complete,250000,1248000,0.14144372,0.465695405,0.607139125,38,7.331129422351418e-09,7.331129422351418e-09,,1,3,2,1165.625,,,,,17fbacec7886eda3545bde4dc3426d992f7a4af2,,,,,,,,,,julia,,,,,
grids,grid_500,cpu,ac2,,72,1,complete,250000,1248000,0.403213314,0.177424653,0.5806379669999999,24,8.336548187464856e-09,8.336548187464856e-09,,1,3,3,1231.375,,,,,17fbacec7886eda3545bde4dc3426d992f7a4af2,,,,,,,,,,julia,,,,,
grids,grid_500,cpu,amgcl,,72,,complete,250000,1248000,0.02019083,0.003523379,0.02371421,14,3.690828e-09,3.6908281e-09,,1,3,3,72.0,,,logical_cell,,ea01e2ff32b171d94ae8c048436df98203a0fc67,5942a0926b4d1a67dcd8fd6985633b0f834f734ee4a6c1285fb88db959bac8c7,,,,,,,,0.0,clang,,,explicit-warmup-v1,,
grids,grid_500,cpu,apxchol_v1,bg+trace_cycle[vec_pool_aos],72,,complete,250000,1248000,0.029206638,0.007352834,0.036559472,25,7.633309896369993e-09,7.633309896369993e-09,,1,3,2,36.0,,,,,f17b98eca1d46cde68ffe1555e5284f225745567,d7960e301d068b7d8a70ddeca2e0402da1025c43dac7599b16f02f4201d00067,cpu_cpu,trace_cycle,0.2,False,False,0.0001,1678348,2.8624208416833667,Clang22.1.8/llvm-libomp,unset,683ba7cb0bc7693fecd9a62a74082f2fc08e238426ad451a54af4166b4a31042,complete-object-api-v1,True,"{""setup_s"": {""max"": 0.033869154, ""median"": 0.029206638, ""min"": 0.029113777, ""spread"": 1.163337687171266}, ""solve_api_s"": {""max"": 0.00761369, ""median"": 0.007352834, ""min"": 0.007278341, ""spread"": 1.0460749228429942}, ""total_s"": {""max"": 0.041482844, ""median"": 0.036559472, ""min"": 0.036392118, ""spread"": 1.139885400459517}}"
grids,grid_500,cpu,apxchol_v1,bg+tree[vec_pool_aos],72,,complete,250000,1248000,0.021658354,0.009311527,0.030969881,39,7.733252280958772e-09,7.733252280958772e-09,,1,3,3,36.0,,,,,f17b98eca1d46cde68ffe1555e5284f225745567,d7960e301d068b7d8a70ddeca2e0402da1025c43dac7599b16f02f4201d00067,cpu_cpu,gks,0.2,False,False,0.0001,1360404,2.225258517034068,Clang22.1.8/llvm-libomp,unset,683ba7cb0bc7693fecd9a62a74082f2fc08e238426ad451a54af4166b4a31042,complete-object-api-v1,False,"{""setup_s"": {""max"": 0.022489914, ""median"": 0.021658354, ""min"": 0.021639219, ""spread"": 1.0393126480211692}, ""solve_api_s"": {""max"": 0.009311527, ""median"": 0.009305831, ""min"": 0.009273544, ""spread"": 1.004095845126739}, ""total_s"": {""max"": 0.031763458, ""median"": 0.030969881, ""min"": 0.03094505, ""spread"": 1.0264471377490099}}"
grids,grid_500,cpu,cmg_packed,original-operator,72,1,complete,250000,1248000,0.101000126,0.391913391,0.492913517,16,4.983536849467622e-09,4.983536849467636e-09,,1,3,2,180.0,,,logical_cell,,67750bb65e4e872acb408f2467759e75c70fe5b6,42ca4826ba0a67a64f0ae3a36a9c36fa7a9ef8a598328415b22b587f242fe9e5,,,,,,,,,,,,,,
grids,grid_500,cpu,hypre_boomeramg,,72,,complete,250000,1248000,0.1153157,0.02779258,0.1431082,8,9.322591e-09,9.322590846e-09,,1,3,1,144.0,,,logical_cell,,ea01e2ff32b171d94ae8c048436df98203a0fc67,5942a0926b4d1a67dcd8fd6985633b0f834f734ee4a6c1285fb88db959bac8c7,,,,,,,,0.0,clang,,,explicit-warmup-v1,,
grids,grid_500,cpu,hypre_boomeramg,cut,72,,complete,250000,1248000,0.1144569,0.0291162,0.1435731,8,9.322591e-09,9.322590846e-09,,1,3,1,144.0,,,logical_cell,,ea01e2ff32b171d94ae8c048436df98203a0fc67,5942a0926b4d1a67dcd8fd6985633b0f834f734ee4a6c1285fb88db959bac8c7,,,,,,,,0.0,clang,,,explicit-warmup-v1,,
grids,grid_500,cpu,parac,,72,,complete,250000,1248000,2.402637909817505,0.206,2.6086379098175048,48,4.829735784501394e-09,4.829735784501394e-09,,1,3,1,360.0,,,,,280b7ee0087c47d1a5101787312dd7574acdfee0,,,,,,,,,,,,,,,
grids,grid_500,cpu,parac_physics,,72,,complete,250000,1248000,2.0315574248547366,0.194,2.2255574248547365,44,4.445129588660962e-09,4.730306289062796e-09,,1,3,2,396.0,,,,,8827024f79d2cd40e3e162faf5ada0fcc5943af6,94a4cc3e26ca031ffa01df5a4e26fe788d9e60a5b0bc0e4f2cdf58a9912b0bf1,,,,,,,,,,,,,,
grids,grid_500,cpu,rchol,,72,,complete,250000,1248000,0.350623007,0.274136499,0.624759506,34,9.52727930148306e-09,9.52727930148306e-09,,1,3,1,324.0,,,logical_cell,,6a8244eaab178d659364f16919362bacda79a601,12000d30c662d98c8a063d2e2c78bd0aef1184e0a6c79d2c9d4a32283b87200c,,,,,,,,3.0266,clang,,,explicit-warmup-v1,,
grids,grid_500,cpu,rchol_par,,72,64,complete,250000,1248000,0.4897446,0.3359286,0.8256732,41,9.568914e-09,9.568914363e-09,,1,3,1,181.9,,,logical_cell,,fa329b5ac757bab0aeb36cfc7f6ec14ff15bdc9b,c4e6202ab92260ec4c8b8aec659fd9772582676157cff6edd8eaff158f194968,,,,,,,,3.388,clang,,,explicit-warmup-v1,,
grids,grid_500,gpu,amgcl_cuda,,72,,complete,250000,1248000,0.02608878,0.006942272,0.03303105,14,3.690828e-09,3.6908281e-09,0.5558,1,3,3,396.0,,,logical_cell,,ea01e2ff32b171d94ae8c048436df98203a0fc67,b09f022854a0d41cc5d07fa78abec4c0eb1b587cb6c00b843afbd7c38e3c80f5,,,,,,,,0.0,clang,,,explicit-warmup-v1,,
grids,grid_500,gpu,apxchol_v1,bg+tree/gpu-owned-q02[vec_pool_aos],72,,complete,250000,1248000,0.06849300800000001,0.011321675,0.07981468300000001,41,8.37692978250594e-09,8.37692978250594e-09,,1,3,2,180.0,,,,,c94a94a1dee6070947be21e08171210131d9cdd8,d25523bdf16a36173de8bd704c528d358a1489721584d7d5c17dc1ef84e3a8aa,owned_gpu_q02,gks,0.2,True,True,0.0001,1350863,2.2061382765531063,GCC14.3 (pinned native cache/build flags in campaign),,335de48e2884173d53037dbd36529d88197ea9b44318d4b55aff50128cae19bc,complete-object-api-v1,False,"{""setup_s"": {""max"": 0.069537805, ""median"": 0.06849300800000001, ""min"": 0.06724095199999999, ""spread"": 1.0341585437398328}, ""solve_api_s"": {""max"": 0.011321675, ""median"": 0.011227438, ""min"": 0.011179023, ""spread"": 1.0127606857951719}, ""total_s"": {""max"": 0.08071682799999999, ""median"": 0.07981468300000001, ""min"": 0.07846839, ""spread"": 1.028654060571397}}"
grids,grid_500,gpu,apxchol_v1,bg+tree/gpu-owned-q08[vec_pool_aos],72,,complete,250000,1248000,0.051138818,0.009463783,0.060602601000000006,41,9.419589131028048e-09,9.419589131028048e-09,,1,3,1,180.0,,,,,c94a94a1dee6070947be21e08171210131d9cdd8,d25523bdf16a36173de8bd704c528d358a1489721584d7d5c17dc1ef84e3a8aa,owned_gpu,gks,0.8,True,True,0.0001,1355133,2.214695390781563,GCC14.3 (pinned native cache/build flags in campaign),,335de48e2884173d53037dbd36529d88197ea9b44318d4b55aff50128cae19bc,complete-object-api-v1,False,"{""setup_s"": {""max"": 0.054633638, ""median"": 0.051138818, ""min"": 0.050867048000000005, ""spread"": 1.0740477410837757}, ""solve_api_s"": {""max"": 0.009491015, ""median"": 0.009463783, ""min"": 0.009323628, ""spread"": 1.017952989973431}, ""total_s"": {""max"": 0.064124653, ""median"": 0.060602601000000006, ""min"": 0.060190676000000005, ""spread"": 1.065358578129277}}"
grids,grid_500,gpu,hypre_boomeramg_gpu,,72,,complete,250000,1248000,0.05043891,0.009412746,0.05985166,13,3.119862e-09,6.508243875e-09,0.5569,1,3,2,540.0,,,logical_cell,,ea01e2ff32b171d94ae8c048436df98203a0fc67,b09f022854a0d41cc5d07fa78abec4c0eb1b587cb6c00b843afbd7c38e3c80f5,,,,,,,,0.0,clang,,,explicit-warmup-v1,,
grids,grid_500,gpu,hypre_boomeramg_gpu,cut,72,,complete,250000,1248000,0.05058087,0.009124915,0.05970579,13,3.119862e-09,6.508243875e-09,0.5559,1,3,2,540.0,,,logical_cell,,ea01e2ff32b171d94ae8c048436df98203a0fc67,b09f022854a0d41cc5d07fa78abec4c0eb1b587cb6c00b843afbd7c38e3c80f5,,,,,,,,0.0,clang,,,explicit-warmup-v1,,
grids,grid_500,gpu,parac_graph,,72,,complete,250000,1248000,2.5505479311737065,0.0461302,2.5966781311737064,49,3.5945662776751654e-09,4.623863845060787e-09,0.513062,1,3,3,539.9375,,,,,280b7ee0087c47d1a5101787312dd7574acdfee0,,,,,,,,,,,,,,,
grids,grid_500,gpu,parac_physics,,72,,complete,250000,1248000,2.1155460607055665,0.0449449,2.1604909607055665,50,3.6058822002370764e-09,4.31514547742146e-09,0.50784,1,3,3,540.0,,,,,8827024f79d2cd40e3e162faf5ada0fcc5943af6,551ecf4dfd2ee6b07f1be0a7ce8d6a8c9e9a8530b329cb7f1b2aea2e42742006,,,,,,,,,,,,,,
grids,grid_5000,cpu,ac,,72,1,complete,25000000,124980000,36.742326872,54.563805747,91.30613261900001,50,9.568592804121803e-09,9.568592804121803e-09,,1,3,3,24309.5625,,,,,17fbacec7886eda3545bde4dc3426d992f7a4af2,,,,,,,,,,julia,,,,,
grids,grid_5000,cpu,ac2,,72,1,complete,25000000,124980000,74.036384618,40.495211632,114.53159625,27,8.144199548348138e-09,8.144199548348138e-09,,1,3,3,33633.75,,,,,17fbacec7886eda3545bde4dc3426d992f7a4af2,,,,,,,,,,julia,,,,,
grids,grid_5000,cpu,amgcl,,72,,complete,25000000,124980000,2.068123,0.7690065,2.83713,14,9.764804e-09,9.764804253e-09,,1,3,2,12408.1,,,logical_cell,,ea01e2ff32b171d94ae8c048436df98203a0fc67,5942a0926b4d1a67dcd8fd6985633b0f834f734ee4a6c1285fb88db959bac8c7,,,,,,,,0.0,clang,,,explicit-warmup-v1,,
grids,grid_5000,cpu,apxchol_v1,bg+trace_cycle[vec_pool_aos],72,,complete,25000000,124980000,2.205325601,1.010464701,3.2157903020000003,31,6.051001200892544e-09,6.051001200892544e-09,,1,3,3,9509.875,,,,,f17b98eca1d46cde68ffe1555e5284f225745567,d7960e301d068b7d8a70ddeca2e0402da1025c43dac7599b16f02f4201d00067,cpu_cpu,trace_cycle,0.2,False,False,0.0001,168333491,2.8672432686537306,Clang22.1.8/llvm-libomp,unset,683ba7cb0bc7693fecd9a62a74082f2fc08e238426ad451a54af4166b4a31042,complete-object-api-v1,True,"{""setup_s"": {""max"": 2.223042466, ""median"": 2.205325601, ""min"": 1.915578382, ""spread"": 1.1605071799144995}, ""solve_api_s"": {""max"": 1.019097061, ""median"": 1.010464701, ""min"": 1.00998125, ""spread"": 1.0090257230022834}, ""total_s"": {""max"": 3.242139527, ""median"": 3.2157903020000003, ""min"": 2.925559632, ""spread"": 1.1082117388882538}}"
grids,grid_5000,cpu,apxchol_v1,bg+tree[vec_pool_aos],72,,complete,25000000,124980000,1.472388334,1.503665832,2.976054166,51,9.48651959404612e-09,9.48651959404612e-09,,1,3,3,8820.0,,,,,f17b98eca1d46cde68ffe1555e5284f225745567,d7960e301d068b7d8a70ddeca2e0402da1025c43dac7599b16f02f4201d00067,cpu_cpu,gks,0.2,False,False,0.0001,136785876,2.23616475295059,Clang22.1.8/llvm-libomp,unset,683ba7cb0bc7693fecd9a62a74082f2fc08e238426ad451a54af4166b4a31042,complete-object-api-v1,False,"{""setup_s"": {""max"": 1.47959874, ""median"": 1.472388334, ""min"": 1.41423254, ""spread"": 1.0462202630410413}, ""solve_api_s"": {""max"": 1.503665832, ""median"": 1.498679199, ""min"": 1.494853886, ""spread"": 1.005894854395154}, ""total_s"": {""max"": 2.978277939, ""median"": 2.976054166, ""min"": 2.909086426, ""spread"": 1.0237846192473348}}"
grids,grid_5000,cpu,cmg_packed,original-operator,72,1,complete,25000000,124980000,11.503728200000001,44.815964523999995,56.319692724,14,4.150362623466206e-09,4.150362623466742e-09,,1,3,1,19067.875,,,logical_cell,,67750bb65e4e872acb408f2467759e75c70fe5b6,42ca4826ba0a67a64f0ae3a36a9c36fa7a9ef8a598328415b22b587f242fe9e5,,,,,,,,,,,,,,
grids,grid_5000,cpu,hypre_boomeramg,,72,,complete,25000000,124980000,10.62296,1.057595,11.68055,7,9.235214e-09,9.235213504e-09,,1,3,2,25030.8,,,logical_cell,,ea01e2ff32b171d94ae8c048436df98203a0fc67,5942a0926b4d1a67dcd8fd6985633b0f834f734ee4a6c1285fb88db959bac8c7,,,,,,,,0.0,clang,,,explicit-warmup-v1,,
grids,grid_5000,cpu,hypre_boomeramg,cut,72,,complete,25000000,124980000,9.596792,1.021239,10.61803,7,9.235214e-09,9.235213504e-09,,1,3,1,24531.1,,,logical_cell,,ea01e2ff32b171d94ae8c048436df98203a0fc67,5942a0926b4d1a67dcd8fd6985633b0f834f734ee4a6c1285fb88db959bac8c7,,,,,,,,0.0,clang,,,explicit-warmup-v1,,
grids,grid_5000,cpu,parac,,72,,complete,25000000,124980000,177.2641081862488,30.356,207.62010818624879,64,4.332623566866241e-09,4.50418184848328e-09,,1,3,1,40139.9375,,,,,280b7ee0087c47d1a5101787312dd7574acdfee0,,,,,,,,,,,,,,,
grids,grid_5000,cpu,parac_physics,,72,,complete,25000000,124980000,172.5435281007538,30.881,203.4245281007538,65,4.901541459501861e-09,5.114724432834493e-09,,1,3,3,41040.125,,,,,8827024f79d2cd40e3e162faf5ada0fcc5943af6,94a4cc3e26ca031ffa01df5a4e26fe788d9e60a5b0bc0e4f2cdf58a9912b0bf1,,,,,,,,,,,,,,
grids,grid_5000,cpu,rchol,,72,,complete,25000000,124980000,42.7614,133.043,175.8044,98,9.969156e-09,9.969156311e-09,,1,3,3,35144.2,,,logical_cell,,fa329b5ac757bab0aeb36cfc7f6ec14ff15bdc9b,c4e6202ab92260ec4c8b8aec659fd9772582676157cff6edd8eaff158f194968,,,,,,,,3.1219,clang,,,explicit-warmup-v1,,
grids,grid_5000,cpu,rchol_par,,72,64,complete,25000000,124980000,50.14699,152.6599,202.8069,154,9.879933e-09,9.879932952e-09,,1,3,1,40311.2,,,logical_cell,,fa329b5ac757bab0aeb36cfc7f6ec14ff15bdc9b,c4e6202ab92260ec4c8b8aec659fd9772582676157cff6edd8eaff158f194968,,,,,,,,3.8779,clang,,,explicit-warmup-v1,,
grids,grid_5000,gpu,amgcl_cuda,,72,,complete,25000000,124980000,2.417501,0.1219099,2.539411,14,9.764804e-09,9.764804253e-09,0.5679,1,3,2,11563.9,,,logical_cell,,ea01e2ff32b171d94ae8c048436df98203a0fc67,b09f022854a0d41cc5d07fa78abec4c0eb1b587cb6c00b843afbd7c38e3c80f5,,,,,,,,0.0,clang,,,explicit-warmup-v1,,
grids,grid_5000,gpu,apxchol_v1,bg+tree/gpu-owned-q02[vec_pool_aos],72,,complete,25000000,124980000,0.910717855,0.420023017,1.330740872,51,8.3018100857532e-09,8.3018100857532e-09,,1,3,2,6169.75,,,,,c94a94a1dee6070947be21e08171210131d9cdd8,d25523bdf16a36173de8bd704c528d358a1489721584d7d5c17dc1ef84e3a8aa,owned_gpu_q02,gks,0.2,True,True,0.0001,135739291,2.2152288657731547,GCC14.3 (pinned native cache/build flags in campaign),,335de48e2884173d53037dbd36529d88197ea9b44318d4b55aff50128cae19bc,complete-object-api-v1,False,"{""setup_s"": {""max"": 0.96753195, ""median"": 0.910717855, ""min"": 0.909947352, ""spread"": 1.0632834392818806}, ""solve_api_s"": {""max"": 0.42091825, ""median"": 0.420501882, ""min"": 0.420023017, ""spread"": 1.002131390337592}, ""total_s"": {""max"": 1.3884502, ""median"": 1.330740872, ""min"": 1.330449234, ""spread"": 1.0435950237842746}}"
grids,grid_5000,gpu,apxchol_v1,bg+tree/gpu-owned-q08[vec_pool_aos],72,,complete,25000000,124980000,0.8842810280000001,0.410844279,1.2951253070000002,51,9.648115823461195e-09,9.648115823461195e-09,,1,3,3,6175.5625,,,,,c94a94a1dee6070947be21e08171210131d9cdd8,d25523bdf16a36173de8bd704c528d358a1489721584d7d5c17dc1ef84e3a8aa,owned_gpu,gks,0.8,True,True,0.0001,136150524,2.2234551710342068,GCC14.3 (pinned native cache/build flags in campaign),,335de48e2884173d53037dbd36529d88197ea9b44318d4b55aff50128cae19bc,complete-object-api-v1,False,"{""setup_s"": {""max"": 0.8868786559999999, ""median"": 0.8842810280000001, ""min"": 0.8447669050000001, ""spread"": 1.0498501429811575}, ""solve_api_s"": {""max"": 0.413497895, ""median"": 0.412733957, ""min"": 0.410844279, ""spread"": 1.0064589337995868}, ""total_s"": {""max"": 1.2996126129999999, ""median"": 1.2951253070000002, ""min"": 1.2582648, ""spread"": 1.0328609788654979}}"
grids,grid_5000,gpu,hypre_boomeramg_gpu,,72,,complete,25000000,124980000,2.144745,0.1589734,2.303718,13,3.493401e-09,3.493400946e-09,0.5607000000000001,1,3,2,11261.8,,,logical_cell,,ea01e2ff32b171d94ae8c048436df98203a0fc67,b09f022854a0d41cc5d07fa78abec4c0eb1b587cb6c00b843afbd7c38e3c80f5,,,,,,,,0.0,clang,,,explicit-warmup-v1,,
grids,grid_5000,gpu,hypre_boomeramg_gpu,cut,72,,complete,25000000,124980000,2.097012,0.1723821,2.269394,13,3.493401e-09,3.493400946e-09,0.5571,1,3,2,11265.7,,,logical_cell,,ea01e2ff32b171d94ae8c048436df98203a0fc67,b09f022854a0d41cc5d07fa78abec4c0eb1b587cb6c00b843afbd7c38e3c80f5,,,,,,,,0.0,clang,,,explicit-warmup-v1,,
grids,grid_5000,gpu,parac_graph,,72,,complete,25000000,124980000,230.21128101646423,1.65766,231.86894101646422,83,4.35593538734766e-09,4.958793430120469e-09,0.712584,1,3,1,19050.0625,,,,,280b7ee0087c47d1a5101787312dd7574acdfee0,,,,,,,,,,,,,,,
grids,grid_5000,gpu,parac_physics,,72,,complete,25000000,124980000,227.87301110386656,1.56925,229.44226110386657,78,4.706226465898541e-09,4.706226465898541e-09,0.718618,1,3,3,19053.375,,,,,8827024f79d2cd40e3e162faf5ada0fcc5943af6,18633bf80732fc978eba537b27ca096be8d2381e45bdef13c29774c1c6943c1b,,,,,,,,,,,,,,
ipm,iter0010,cpu,ac,,72,1,complete,524288,7867398,3.199979873,1.984285546,5.184265419,30,8.940761039137432e-09,8.940761039137432e-09,,1,3,3,2529.4375,,,,,17fbacec7886eda3545bde4dc3426d992f7a4af2,,,,,,,,,,julia,,,,,
ipm,iter0010,cpu,ac2,,72,1,complete,524288,7867398,5.298807231,0.946840658,6.245647889,19,4.9756382824907485e-09,4.9756382824907485e-09,,1,3,1,3862.625,,,,,17fbacec7886eda3545bde4dc3426d992f7a4af2,,,,,,,,,,julia,,,,,
ipm,iter0010,cpu,amgcl,,72,,complete,524288,7867398,2.557612,0.1720631,2.729675,20,8.292839e-09,8.292838578e-09,,1,3,2,396.0,,,logical_cell,,ea01e2ff32b171d94ae8c048436df98203a0fc67,5942a0926b4d1a67dcd8fd6985633b0f834f734ee4a6c1285fb88db959bac8c7,,,,,,,,0.0,clang,,,explicit-warmup-v1,,
ipm,iter0010,cpu,apxchol_v1,bg+trace_cycle[vec_pool_aos],72,,complete,524288,7867398,0.229909462,0.056161547,0.286071009,21,9.41932407307936e-09,9.41932407307936e-09,,1,3,2,360.0,,,,,f17b98eca1d46cde68ffe1555e5284f225745567,d7960e301d068b7d8a70ddeca2e0402da1025c43dac7599b16f02f4201d00067,cpu_cpu,trace_cycle,0.2,False,False,0.0001,5585754,1.3785619444622237,Clang22.1.8/llvm-libomp,unset,683ba7cb0bc7693fecd9a62a74082f2fc08e238426ad451a54af4166b4a31042,complete-object-api-v1,False,"{""setup_s"": {""max"": 0.230251179, ""median"": 0.229909462, ""min"": 0.229702044, ""spread"": 1.0023906404594294}, ""solve_api_s"": {""max"": 0.056236778, ""median"": 0.056161547, ""min"": 0.055826965, ""spread"": 1.0073407716145772}, ""total_s"": {""max"": 0.286487957, ""median"": 0.286071009, ""min"": 0.285529009, ""spread"": 1.003358495878785}}"
ipm,iter0010,cpu,apxchol_v1,bg+tree[vec_pool_aos],72,,complete,524288,7867398,0.218327268,0.077440901,0.295768169,30,6.338259479715832e-09,6.338259479715832e-09,,1,3,2,360.0,,,,,f17b98eca1d46cde68ffe1555e5284f225745567,d7960e301d068b7d8a70ddeca2e0402da1025c43dac7599b16f02f4201d00067,cpu_cpu,gks,0.2,False,False,0.0001,5320782,1.3063930677873543,Clang22.1.8/llvm-libomp,unset,683ba7cb0bc7693fecd9a62a74082f2fc08e238426ad451a54af4166b4a31042,complete-object-api-v1,False,"{""setup_s"": {""max"": 0.219059951, ""median"": 0.218327268, ""min"": 0.216437402, ""spread"": 1.0121168937335516}, ""solve_api_s"": {""max"": 0.077440901, ""median"": 0.077082831, ""min"": 0.076888662, ""spread"": 1.0071823203270205}, ""total_s"": {""max"": 0.296142782, ""median"": 0.295768169, ""min"": 0.293326064, ""spread"": 1.0096026856992837}}"
ipm,iter0010,cpu,cmg_packed,original-operator,72,1,complete,524288,7867398,1.71755631,2.4193406470000003,4.136896957,58,9.41472584535289e-09,9.414725845352962e-09,,1,3,2,1167.25,,,logical_cell,,67750bb65e4e872acb408f2467759e75c70fe5b6,42ca4826ba0a67a64f0ae3a36a9c36fa7a9ef8a598328415b22b587f242fe9e5,,,,,,,,,,,,,,
ipm,iter0010,cpu,hypre_boomeramg,,72,,complete,524288,7867398,0.2987574,0.1689131,0.4676705,10,7.235166e-09,7.235166393e-09,,1,3,2,664.2,,,logical_cell,,ea01e2ff32b171d94ae8c048436df98203a0fc67,5942a0926b4d1a67dcd8fd6985633b0f834f734ee4a6c1285fb88db959bac8c7,,,,,,,,0.0,clang,,,explicit-warmup-v1,,
ipm,iter0010,cpu,hypre_boomeramg,cut,72,,complete,524288,7867398,0.2664417,0.2837363,0.550178,22,7.95325e-09,7.953249639e-09,,1,3,3,608.4,,,logical_cell,,ea01e2ff32b171d94ae8c048436df98203a0fc67,5942a0926b4d1a67dcd8fd6985633b0f834f734ee4a6c1285fb88db959bac8c7,,,,,,,,0.0,clang,,,explicit-warmup-v1,,
ipm,iter0010,cpu,parac,,72,,complete,524288,7867398,11.969574413162231,0.727,12.696574413162232,29,5.225140259190193e-09,5.225140259190193e-09,,1,3,2,2357.0,,,,,8827024f79d2cd40e3e162faf5ada0fcc5943af6,94a4cc3e26ca031ffa01df5a4e26fe788d9e60a5b0bc0e4f2cdf58a9912b0bf1,,,,,,,,,,,,,,
ipm,iter0010,cpu,parac_physics,,72,,complete,524288,7867398,12.227161646029664,0.72,12.947161646029665,29,3.5698437083359264e-09,5.065549161306626e-09,,1,3,3,2573.875,,,,,280b7ee0087c47d1a5101787312dd7574acdfee0,,,,,,,,,,,,,,,
ipm,iter0010,cpu,rchol,,72,,complete,524288,7867398,2.100735,1.575688,3.676423,36,9.515183e-09,9.515182676e-09,,1,3,2,1428.3,,,logical_cell,,fa329b5ac757bab0aeb36cfc7f6ec14ff15bdc9b,c4e6202ab92260ec4c8b8aec659fd9772582676157cff6edd8eaff158f194968,,,,,,,,2.576,clang,,,explicit-warmup-v1,,
ipm,iter0010,cpu,rchol_par,,72,,failed,,,,,,,,,,1,,,1224.9,,,logical_cell,,fa329b5ac757bab0aeb36cfc7f6ec14ff15bdc9b,c4e6202ab92260ec4c8b8aec659fd9772582676157cff6edd8eaff158f194968,,,,,,,,,clang,,,explicit-warmup-v1,,
ipm,iter0010,gpu,amgcl_cuda,,72,,complete,524288,7867398,2.596561,0.01780653,2.614367,20,8.292839e-09,8.292838835e-09,0.562,1,3,2,756.0,,,logical_cell,,ea01e2ff32b171d94ae8c048436df98203a0fc67,b09f022854a0d41cc5d07fa78abec4c0eb1b587cb6c00b843afbd7c38e3c80f5,,,,,,,,0.0,clang,,,explicit-warmup-v1,,
ipm,iter0010,gpu,apxchol_v1,bg+tree/gpu-owned-q02[vec_pool_aos],72,,complete,524288,7867398,0.245166417,0.022373119,0.267539536,30,7.287955004482952e-09,7.287955004482952e-09,,1,3,1,504.0,,,,,c94a94a1dee6070947be21e08171210131d9cdd8,d25523bdf16a36173de8bd704c528d358a1489721584d7d5c17dc1ef84e3a8aa,owned_gpu_q02,gks,0.2,True,True,0.0001,5315527,1.3049617941172065,GCC14.3 (pinned native cache/build flags in campaign),,335de48e2884173d53037dbd36529d88197ea9b44318d4b55aff50128cae19bc,complete-object-api-v1,False,"{""setup_s"": {""max"": 0.245231183, ""median"": 0.245166417, ""min"": 0.244712801, ""spread"": 1.002118328088607}, ""solve_api_s"": {""max"": 0.022411421, ""median"": 0.022406109, ""min"": 0.022373119, ""spread"": 1.0017119651488915}, ""total_s"": {""max"": 0.26763729199999997, ""median"": 0.267539536, ""min"": 0.267124222, ""spread"": 1.0019207168715683}}"
ipm,iter0010,gpu,apxchol_v1,bg+tree/gpu-owned-q08[vec_pool_aos],72,,complete,524288,7867398,0.198545576,0.018747924,0.2172935,30,7.7602808493141e-09,7.7602808493141e-09,,1,3,3,504.0,,,,,c94a94a1dee6070947be21e08171210131d9cdd8,d25523bdf16a36173de8bd704c528d358a1489721584d7d5c17dc1ef84e3a8aa,owned_gpu,gks,0.8,True,True,0.0001,5347909,1.3137814904039298,GCC14.3 (pinned native cache/build flags in campaign),,335de48e2884173d53037dbd36529d88197ea9b44318d4b55aff50128cae19bc,complete-object-api-v1,False,"{""setup_s"": {""max"": 0.203550021, ""median"": 0.198545576, ""min"": 0.196380609, ""spread"": 1.036507738908173}, ""solve_api_s"": {""max"": 0.020214702, ""median"": 0.018747924, ""min"": 0.018733589, ""spread"": 1.0790618925182998}, ""total_s"": {""max"": 0.223764723, ""median"": 0.2172935, ""min"": 0.215114198, ""spread"": 1.0402136403846296}}"
ipm,iter0010,gpu,hypre_boomeramg_gpu,,72,,complete,524288,7867398,0.154087,0.0194351,0.1735221,12,7.323047e-09,9.871281581e-09,0.564,1,3,1,911.9,,,logical_cell,,ea01e2ff32b171d94ae8c048436df98203a0fc67,b09f022854a0d41cc5d07fa78abec4c0eb1b587cb6c00b843afbd7c38e3c80f5,,,,,,,,0.0,clang,,,explicit-warmup-v1,,
ipm,iter0010,gpu,hypre_boomeramg_gpu,cut,72,,complete,524288,7867398,0.156424,0.0186456,0.1750696,12,9.871282e-09,9.871281581e-09,0.5612,1,3,3,867.2,,,logical_cell,,ea01e2ff32b171d94ae8c048436df98203a0fc67,b09f022854a0d41cc5d07fa78abec4c0eb1b587cb6c00b843afbd7c38e3c80f5,,,,,,,,0.0,clang,,,explicit-warmup-v1,,
ipm,iter0010,gpu,parac_graph,,72,,complete,524288,7867398,11.922912731015014,1.35432,13.277232731015014,41,3.6161076558000373e-09,4.623916459994309e-09,0.509301,1,3,1,1363.25,,,,,8827024f79d2cd40e3e162faf5ada0fcc5943af6,cfbf0e9d60bf702941f83c8e3a2406a8ba0c36b47abf12e3f0d5fbb20006c804,,,,,,,,,,,,,,
ipm,iter0010,gpu,parac_physics,,72,,complete,524288,7867398,12.40771144126587,1.19121,13.598921441265869,39,4.941237171868491e-09,4.941237171868491e-09,0.645381,1,3,2,1427.625,,,,,280b7ee0087c47d1a5101787312dd7574acdfee0,,,,,,,,,,,,,,,
ipm,iter0020,cpu,ac,,72,1,complete,524288,7867398,3.391516537,2.015199738,5.406716275000001,29,9.595805982424311e-09,9.595805982424311e-09,,1,3,3,2563.1875,,,,,17fbacec7886eda3545bde4dc3426d992f7a4af2,,,,,,,,,,julia,,,,,
ipm,iter0020,cpu,ac2,,72,1,complete,524288,7867398,5.771282331,1.037158282,6.808440613,19,7.395500484480952e-09,7.395500484480952e-09,,1,3,1,3893.375,,,,,17fbacec7886eda3545bde4dc3426d992f7a4af2,,,,,,,,,,julia,,,,,
ipm,iter0020,cpu,amgcl,,72,,complete,524288,7867398,9.684897,0.2307911,9.915688,19,6.594911e-09,6.594910528e-09,,1,3,2,528.6,,,logical_cell,,ea01e2ff32b171d94ae8c048436df98203a0fc67,5942a0926b4d1a67dcd8fd6985633b0f834f734ee4a6c1285fb88db959bac8c7,,,,,,,,0.0,clang,,,explicit-warmup-v1,,
ipm,iter0020,cpu,apxchol_v1,bg+trace_cycle[vec_pool_aos],72,,complete,524288,7867398,0.248955172,0.066429111,0.315384283,22,7.313557371707695e-09,7.313557371707695e-09,,1,3,1,360.0,,,,,f17b98eca1d46cde68ffe1555e5284f225745567,d7960e301d068b7d8a70ddeca2e0402da1025c43dac7599b16f02f4201d00067,cpu_cpu,trace_cycle,0.2,False,False,0.0001,7630988,1.9356103885138585,Clang22.1.8/llvm-libomp,unset,683ba7cb0bc7693fecd9a62a74082f2fc08e238426ad451a54af4166b4a31042,complete-object-api-v1,False,"{""setup_s"": {""max"": 0.248955172, ""median"": 0.247638064, ""min"": 0.246245501, ""spread"": 1.011003941144086}, ""solve_api_s"": {""max"": 0.06860472, ""median"": 0.068397494, ""min"": 0.066429111, ""spread"": 1.03275083720449}, ""total_s"": {""max"": 0.316035558, ""median"": 0.315384283, ""min"": 0.314850221, ""spread"": 1.003764764706962}}"
ipm,iter0020,cpu,apxchol_v1,bg+tree[vec_pool_aos],72,,complete,524288,7867398,0.234182506,0.086462213,0.320644719,29,8.114695026744497e-09,8.114695026744497e-09,,1,3,1,360.0,,,,,f17b98eca1d46cde68ffe1555e5284f225745567,d7960e301d068b7d8a70ddeca2e0402da1025c43dac7599b16f02f4201d00067,cpu_cpu,gks,0.2,False,False,0.0001,7219169,1.8234456517742483,Clang22.1.8/llvm-libomp,unset,683ba7cb0bc7693fecd9a62a74082f2fc08e238426ad451a54af4166b4a31042,complete-object-api-v1,False,"{""setup_s"": {""max"": 0.254984446, ""median"": 0.238301602, ""min"": 0.234182506, ""spread"": 1.0888278990404174}, ""solve_api_s"": {""max"": 0.088297032, ""median"": 0.086462213, ""min"": 0.081729025, ""spread"": 1.0803632124572635}, ""total_s"": {""max"": 0.343281478, ""median"": 0.320644719, ""min"": 0.320030627, ""spread"": 1.072651955901708}}"
ipm,iter0020,cpu,cmg_packed,original-operator,72,1,complete,524288,7867398,1.6006847770000001,1.849294683,3.44997946,27,7.391301918871646e-09,7.391301918871725e-09,,1,3,1,1165.3125,,,logical_cell,,67750bb65e4e872acb408f2467759e75c70fe5b6,42ca4826ba0a67a64f0ae3a36a9c36fa7a9ef8a598328415b22b587f242fe9e5,,,,,,,,,,,,,,
ipm,iter0020,cpu,hypre_boomeramg,,72,,complete,524288,7867398,0.4057202,0.2061511,0.6118713,12,9.349663e-09,9.349663166e-09,,1,3,2,614.6,,,logical_cell,,ea01e2ff32b171d94ae8c048436df98203a0fc67,5942a0926b4d1a67dcd8fd6985633b0f834f734ee4a6c1285fb88db959bac8c7,,,,,,,,0.0,clang,,,explicit-warmup-v1,,
ipm,iter0020,cpu,hypre_boomeramg,cut,72,,complete,524288,7867398,0.3014948,0.3598307,0.6613254,39,8.897197e-09,8.897197402e-09,,1,3,2,633.0,,,logical_cell,,ea01e2ff32b171d94ae8c048436df98203a0fc67,5942a0926b4d1a67dcd8fd6985633b0f834f734ee4a6c1285fb88db959bac8c7,,,,,,,,0.0,clang,,,explicit-warmup-v1,,
ipm,iter0020,cpu,parac,,72,,complete,524288,7867398,11.653585089135742,1.223,12.876585089135743,48,3.996817033579732e-09,5.0882076667068595e-09,,1,3,3,2371.125,,,,,8827024f79d2cd40e3e162faf5ada0fcc5943af6,94a4cc3e26ca031ffa01df5a4e26fe788d9e60a5b0bc0e4f2cdf58a9912b0bf1,,,,,,,,,,,,,,
ipm,iter0020,cpu,parac_physics,,72,,complete,524288,7867398,11.780617277722168,0.774,12.55461727772217,31,3.7078270838116915e-09,4.491824807041112e-09,,1,3,1,2612.1875,,,,,280b7ee0087c47d1a5101787312dd7574acdfee0,,,,,,,,,,,,,,,
ipm,iter0020,cpu,rchol,,72,,complete,524288,7867398,2.148712,1.668492,3.817203,37,9.009779e-09,9.595992164e-09,,1,3,2,1399.0,,,logical_cell,,fa329b5ac757bab0aeb36cfc7f6ec14ff15bdc9b,c4e6202ab92260ec4c8b8aec659fd9772582676157cff6edd8eaff158f194968,,,,,,,,2.6843,clang,,,explicit-warmup-v1,,
ipm,iter0020,cpu,rchol_par,,72,64,complete,524288,7867398,1.950468,1.353336,3.303803,36,6.430892e-09,7.222958637e-09,,1,3,2,1245.1,,,logical_cell,,fa329b5ac757bab0aeb36cfc7f6ec14ff15bdc9b,c4e6202ab92260ec4c8b8aec659fd9772582676157cff6edd8eaff158f194968,,,,,,,,3.6516,clang,,,explicit-warmup-v1,,
ipm,iter0020,gpu,amgcl_cuda,,72,,complete,524288,7867398,9.620726,0.02706194,9.647788,19,6.594911e-09,6.594910528e-09,0.9469,1,3,2,868.1,,,logical_cell,,ea01e2ff32b171d94ae8c048436df98203a0fc67,b09f022854a0d41cc5d07fa78abec4c0eb1b587cb6c00b843afbd7c38e3c80f5,,,,,,,,0.0,clang,,,explicit-warmup-v1,,
ipm,iter0020,gpu,apxchol_v1,bg+tree/gpu-owned-q02[vec_pool_aos],72,,complete,524288,7867398,0.241812999,0.020258141,0.26207114,31,9.277627099279715e-09,9.277627099279715e-09,,1,3,2,504.0,,,,,c94a94a1dee6070947be21e08171210131d9cdd8,d25523bdf16a36173de8bd704c528d358a1489721584d7d5c17dc1ef84e3a8aa,owned_gpu_q02,gks,0.2,True,True,0.0001,7212123,1.8215265738903543,GCC14.3 (pinned native cache/build flags in campaign),,335de48e2884173d53037dbd36529d88197ea9b44318d4b55aff50128cae19bc,complete-object-api-v1,False,"{""setup_s"": {""max"": 0.24447227900000001, ""median"": 0.241812999, ""min"": 0.240957953, ""spread"": 1.014584810155654}, ""solve_api_s"": {""max"": 0.020476535, ""median"": 0.020274589, ""min"": 0.020258141, ""spread"": 1.010780554839657}, ""total_s"": {""max"": 0.264746868, ""median"": 0.26207114, ""min"": 0.261434488, ""spread"": 1.01267001926693}}"
ipm,iter0020,gpu,apxchol_v1,bg+tree/gpu-owned-q08[vec_pool_aos],72,,complete,524288,7867398,0.193641077,0.019346822,0.21298789899999998,31,9.711041056909541e-09,9.711041056909541e-09,,1,3,3,540.0,,,,,c94a94a1dee6070947be21e08171210131d9cdd8,d25523bdf16a36173de8bd704c528d358a1489721584d7d5c17dc1ef84e3a8aa,owned_gpu,gks,0.8,True,True,0.0001,7269604,1.8371823382735653,GCC14.3 (pinned native cache/build flags in campaign),,335de48e2884173d53037dbd36529d88197ea9b44318d4b55aff50128cae19bc,complete-object-api-v1,False,"{""setup_s"": {""max"": 0.19372472300000002, ""median"": 0.193641077, ""min"": 0.192079326, ""spread"": 1.0085662368473742}, ""solve_api_s"": {""max"": 0.019634046, ""median"": 0.019461411, ""min"": 0.019346822, ""spread"": 1.0148460558535144}, ""total_s"": {""max"": 0.213358769, ""median"": 0.21298789899999998, ""min"": 0.211540737, ""spread"": 1.0085942406450064}}"
ipm,iter0020,gpu,hypre_boomeramg_gpu,,72,,complete,524288,7867398,0.1324373,0.01869666,0.151134,16,6.635375e-09,7.544852945e-09,0.5458,1,3,2,912.0,,,logical_cell,,ea01e2ff32b171d94ae8c048436df98203a0fc67,b09f022854a0d41cc5d07fa78abec4c0eb1b587cb6c00b843afbd7c38e3c80f5,,,,,,,,0.0,clang,,,explicit-warmup-v1,,
ipm,iter0020,gpu,hypre_boomeramg_gpu,cut,72,,complete,524288,7867398,0.1301585,0.0188821,0.1490406,16,7.044652e-09,7.544852945e-09,0.563,1,3,3,912.4,,,logical_cell,,ea01e2ff32b171d94ae8c048436df98203a0fc67,b09f022854a0d41cc5d07fa78abec4c0eb1b587cb6c00b843afbd7c38e3c80f5,,,,,,,,0.0,clang,,,explicit-warmup-v1,,
ipm,iter0020,gpu,parac_graph,,72,,complete,524288,7867398,11.882513298135375,0.835133,12.717646298135376,54,4.883862143822896e-09,4.883862143822896e-09,0.657556,1,3,3,1298.1875,,,,,8827024f79d2cd40e3e162faf5ada0fcc5943af6,cfbf0e9d60bf702941f83c8e3a2406a8ba0c36b47abf12e3f0d5fbb20006c804,,,,,,,,,,,,,,
ipm,iter0020,gpu,parac_physics,,72,,complete,524288,7867398,11.569012690661621,0.437877,12.006889690661621,37,3.745342149539769e-09,3.89493509209371e-09,0.678032,1,3,2,1451.6875,,,,,280b7ee0087c47d1a5101787312dd7574acdfee0,,,,,,,,,,,,,,,
ipm,iter0030,cpu,ac,,72,1,complete,524288,7867398,3.39213499,2.557845069,5.949980059,41,8.84663750693931e-09,8.84663750693931e-09,,1,3,3,2697.125,,,,,17fbacec7886eda3545bde4dc3426d992f7a4af2,,,,,,,,,,julia,,,,,
ipm,iter0030,cpu,ac2,,72,1,complete,524288,7867398,6.137653842,1.209318787,7.346972629,22,4.5875731947951685e-09,4.5875731947951685e-09,,1,3,1,3938.8125,,,,,17fbacec7886eda3545bde4dc3426d992f7a4af2,,,,,,,,,,julia,,,,,
ipm,iter0030,cpu,amgcl,,72,,complete,524288,7867398,7.306615,0.2488176,7.555433,20,9.606331e-09,9.606331285e-09,,1,3,1,580.6,,,logical_cell,,ea01e2ff32b171d94ae8c048436df98203a0fc67,5942a0926b4d1a67dcd8fd6985633b0f834f734ee4a6c1285fb88db959bac8c7,,,,,,,,0.0,clang,,,explicit-warmup-v1,,
ipm,iter0030,cpu,apxchol_v1,bg+trace_cycle[vec_pool_aos],72,,complete,524288,7867398,0.235409175,0.074152565,0.30956174000000003,27,5.58713904331357e-09,5.58713904331357e-09,,1,3,2,360.0,,,,,f17b98eca1d46cde68ffe1555e5284f225745567,d7960e301d068b7d8a70ddeca2e0402da1025c43dac7599b16f02f4201d00067,cpu_cpu,trace_cycle,0.2,False,False,0.0001,7278347,1.839563618139998,Clang22.1.8/llvm-libomp,unset,683ba7cb0bc7693fecd9a62a74082f2fc08e238426ad451a54af4166b4a31042,complete-object-api-v1,False,"{""setup_s"": {""max"": 0.236894858, ""median"": 0.235409175, ""min"": 0.230719845, ""spread"": 1.026764117321594}, ""solve_api_s"": {""max"": 0.075086969, ""median"": 0.074554537, ""min"": 0.074152565, ""spread"": 1.0126011015262923}, ""total_s"": {""max"": 0.311981827, ""median"": 0.30956174000000003, ""min"": 0.305274382, ""spread"": 1.0219718567803044}}"
ipm,iter0030,cpu,apxchol_v1,bg+tree[vec_pool_aos],72,,complete,524288,7867398,0.222528445,0.10774473,0.330273175,41,7.505635432415341e-09,7.505635432415341e-09,,1,3,1,360.0,,,,,f17b98eca1d46cde68ffe1555e5284f225745567,d7960e301d068b7d8a70ddeca2e0402da1025c43dac7599b16f02f4201d00067,cpu_cpu,gks,0.2,False,False,0.0001,6757519,1.6977087364890353,Clang22.1.8/llvm-libomp,unset,683ba7cb0bc7693fecd9a62a74082f2fc08e238426ad451a54af4166b4a31042,complete-object-api-v1,False,"{""setup_s"": {""max"": 0.222528445, ""median"": 0.221122888, ""min"": 0.221110984, ""spread"": 1.0064106313234986}, ""solve_api_s"": {""max"": 0.110477927, ""median"": 0.108861048, ""min"": 0.10774473, ""spread"": 1.025367338151945}, ""total_s"": {""max"": 0.331588911, ""median"": 0.330273175, ""min"": 0.329983936, ""spread"": 1.0048637973698211}}"
ipm,iter0030,cpu,cmg_packed,original-operator,72,1,complete,524288,7867398,1.539862747,2.3668569329999998,3.9067196799999997,32,6.623555591301137e-09,6.623555591301211e-09,,1,3,2,1165.3125,,,logical_cell,,67750bb65e4e872acb408f2467759e75c70fe5b6,42ca4826ba0a67a64f0ae3a36a9c36fa7a9ef8a598328415b22b587f242fe9e5,,,,,,,,,,,,,,
ipm,iter0030,cpu,hypre_boomeramg,,72,,complete,524288,7867398,0.4080434,0.2010371,0.6090805,12,4.833931e-09,4.833930805e-09,,1,3,2,633.0,,,logical_cell,,ea01e2ff32b171d94ae8c048436df98203a0fc67,5942a0926b4d1a67dcd8fd6985633b0f834f734ee4a6c1285fb88db959bac8c7,,,,,,,,0.0,clang,,,explicit-warmup-v1,,
ipm,iter0030,cpu,hypre_boomeramg,cut,72,,complete,524288,7867398,0.3056582,0.2973529,0.6030112,33,7.632058e-09,7.632058306e-09,,1,3,1,597.3,,,logical_cell,,ea01e2ff32b171d94ae8c048436df98203a0fc67,5942a0926b4d1a67dcd8fd6985633b0f834f734ee4a6c1285fb88db959bac8c7,,,,,,,,0.0,clang,,,explicit-warmup-v1,,
ipm,iter0030,cpu,parac,,72,,complete,524288,7867398,11.540835094461059,1.335,12.87583509446106,53,3.6984210462621185e-09,3.781564988910639e-09,,1,3,2,2371.1875,,,,,8827024f79d2cd40e3e162faf5ada0fcc5943af6,94a4cc3e26ca031ffa01df5a4e26fe788d9e60a5b0bc0e4f2cdf58a9912b0bf1,,,,,,,,,,,,,,
ipm,iter0030,cpu,parac_physics,,72,,complete,524288,7867398,11.660960553305054,0.951,12.611960553305055,38,5.09988571075099e-09,5.09988571075099e-09,,1,3,1,2592.375,,,,,280b7ee0087c47d1a5101787312dd7574acdfee0,,,,,,,,,,,,,,,
ipm,iter0030,cpu,rchol,,72,,complete,524288,7867398,2.186695,2.128884,4.315579,47,8.28195e-09,9.340578334e-09,,1,3,3,1417.6,,,logical_cell,,fa329b5ac757bab0aeb36cfc7f6ec14ff15bdc9b,c4e6202ab92260ec4c8b8aec659fd9772582676157cff6edd8eaff158f194968,,,,,,,,2.7126,clang,,,explicit-warmup-v1,,
ipm,iter0030,cpu,rchol_par,,72,,failed,,,,,,,,,,1,,,1240.3,,,logical_cell,,fa329b5ac757bab0aeb36cfc7f6ec14ff15bdc9b,c4e6202ab92260ec4c8b8aec659fd9772582676157cff6edd8eaff158f194968,,,,,,,,,clang,,,explicit-warmup-v1,,
ipm,iter0030,gpu,amgcl_cuda,,72,,complete,524288,7867398,7.311957,0.01764417,7.329602,20,9.606331e-09,9.606331287e-09,0.9458,1,3,2,978.1,,,logical_cell,,ea01e2ff32b171d94ae8c048436df98203a0fc67,b09f022854a0d41cc5d07fa78abec4c0eb1b587cb6c00b843afbd7c38e3c80f5,,,,,,,,0.0,clang,,,explicit-warmup-v1,,
ipm,iter0030,gpu,apxchol_v1,bg+tree/gpu-owned-q02[vec_pool_aos],72,,complete,524288,7867398,0.241481098,0.026466808,0.267947906,41,8.213686917458184e-09,8.213686917458184e-09,,1,3,1,504.0,,,,,c94a94a1dee6070947be21e08171210131d9cdd8,d25523bdf16a36173de8bd704c528d358a1489721584d7d5c17dc1ef84e3a8aa,owned_gpu_q02,gks,0.2,True,True,0.0001,6754067,1.6967685354025746,GCC14.3 (pinned native cache/build flags in campaign),,335de48e2884173d53037dbd36529d88197ea9b44318d4b55aff50128cae19bc,complete-object-api-v1,False,"{""setup_s"": {""max"": 0.244450697, ""median"": 0.241481098, ""min"": 0.23513890799999998, ""spread"": 1.0396012258422158}, ""solve_api_s"": {""max"": 0.026765838, ""median"": 0.026549109, ""min"": 0.026466808, ""spread"": 1.011298302386899}, ""total_s"": {""max"": 0.271216535, ""median"": 0.267947906, ""min"": 0.261688017, ""spread"": 1.036411747504663}}"
ipm,iter0030,gpu,apxchol_v1,bg+tree/gpu-owned-q08[vec_pool_aos],72,,complete,524288,7867398,0.19477134,0.027392177,0.22216351699999998,45,9.622219438648359e-09,9.622219438648359e-09,,1,3,3,504.0,,,,,c94a94a1dee6070947be21e08171210131d9cdd8,d25523bdf16a36173de8bd704c528d358a1489721584d7d5c17dc1ef84e3a8aa,owned_gpu,gks,0.8,True,True,0.0001,6797760,1.7086689427231787,GCC14.3 (pinned native cache/build flags in campaign),,335de48e2884173d53037dbd36529d88197ea9b44318d4b55aff50128cae19bc,complete-object-api-v1,False,"{""setup_s"": {""max"": 0.195311741, ""median"": 0.19477134, ""min"": 0.194466004, ""spread"": 1.0043490223617697}, ""solve_api_s"": {""max"": 0.027531725, ""median"": 0.027392177, ""min"": 0.0272797, ""spread"": 1.0092385546761877}, ""total_s"": {""max"": 0.222591441, ""median"": 0.22216351699999998, ""min"": 0.221997729, ""spread"": 1.0026744057368262}}"
ipm,iter0030,gpu,hypre_boomeramg_gpu,,72,,complete,524288,7867398,0.1330283,0.01701873,0.150047,15,8.633228e-09,8.633228189e-09,0.5579,1,3,2,853.4,,,logical_cell,,ea01e2ff32b171d94ae8c048436df98203a0fc67,b09f022854a0d41cc5d07fa78abec4c0eb1b587cb6c00b843afbd7c38e3c80f5,,,,,,,,0.0,clang,,,explicit-warmup-v1,,
ipm,iter0030,gpu,hypre_boomeramg_gpu,cut,72,,complete,524288,7867398,0.1300118,0.01675686,0.1467687,15,8.633228e-09,8.633228189e-09,0.5685,1,3,2,802.9,,,logical_cell,,ea01e2ff32b171d94ae8c048436df98203a0fc67,b09f022854a0d41cc5d07fa78abec4c0eb1b587cb6c00b843afbd7c38e3c80f5,,,,,,,,0.0,clang,,,explicit-warmup-v1,,
ipm,iter0030,gpu,parac_graph,,72,,complete,524288,7867398,11.916833107766724,1.23923,13.156063107766723,74,4.1349997462373765e-09,4.447575752707967e-09,0.655986,1,3,2,1363.3125,,,,,8827024f79d2cd40e3e162faf5ada0fcc5943af6,cfbf0e9d60bf702941f83c8e3a2406a8ba0c36b47abf12e3f0d5fbb20006c804,,,,,,,,,,,,,,
ipm,iter0030,gpu,parac_physics,,72,,complete,524288,7867398,11.793099251547241,0.652045,12.44514425154724,53,3.787828315025406e-09,4.3085737784384625e-09,0.695036,1,3,1,1472.0625,,,,,280b7ee0087c47d1a5101787312dd7574acdfee0,,,,,,,,,,,,,,,
ipm,iter0040,cpu,ac,,72,1,complete,524288,7867398,4.180371462,2.031054143,6.2114256050000005,47,9.889927459192417e-09,9.889927459192417e-09,,1,3,3,2735.25,,,,,17fbacec7886eda3545bde4dc3426d992f7a4af2,,,,,,,,,,julia,,,,,
ipm,iter0040,cpu,ac2,,72,1,complete,524288,7867398,5.750775985,1.306656779,7.057432764,24,5.087320132661897e-09,5.087320132661897e-09,,1,3,1,3867.4375,,,,,17fbacec7886eda3545bde4dc3426d992f7a4af2,,,,,,,,,,julia,,,,,
ipm,iter0040,cpu,amgcl,,72,,complete,524288,7867398,7.766556,0.2151321,7.981688,19,7.00286e-09,7.002859628e-09,,1,3,1,581.3,,,logical_cell,,ea01e2ff32b171d94ae8c048436df98203a0fc67,5942a0926b4d1a67dcd8fd6985633b0f834f734ee4a6c1285fb88db959bac8c7,,,,,,,,0.0,clang,,,explicit-warmup-v1,,
ipm,iter0040,cpu,apxchol_v1,bg+trace_cycle[vec_pool_aos],72,,complete,524288,7867398,0.233392164,0.072458042,0.305850206,27,6.4430982192244046e-09,6.4430982192244046e-09,,1,3,2,360.0,,,,,f17b98eca1d46cde68ffe1555e5284f225745567,d7960e301d068b7d8a70ddeca2e0402da1025c43dac7599b16f02f4201d00067,cpu_cpu,trace_cycle,0.2,False,False,0.0001,5150835,1.2601055955855216,Clang22.1.8/llvm-libomp,unset,683ba7cb0bc7693fecd9a62a74082f2fc08e238426ad451a54af4166b4a31042,complete-object-api-v1,False,"{""setup_s"": {""max"": 0.235642243, ""median"": 0.233392164, ""min"": 0.231711924, ""spread"": 1.016962092119178}, ""solve_api_s"": {""max"": 0.072458042, ""median"": 0.070627503, ""min"": 0.070435253, ""spread"": 1.0287184174663218}, ""total_s"": {""max"": 0.306077496, ""median"": 0.305850206, ""min"": 0.302339427, ""spread"": 1.0123638158512487}}"
ipm,iter0040,cpu,apxchol_v1,bg+tree[vec_pool_aos],72,,complete,524288,7867398,0.218037117,0.113454719,0.331491836,46,8.549984668262033e-09,8.549984668262033e-09,,1,3,2,360.0,,,,,f17b98eca1d46cde68ffe1555e5284f225745567,d7960e301d068b7d8a70ddeca2e0402da1025c43dac7599b16f02f4201d00067,cpu_cpu,gks,0.2,False,False,0.0001,4623065,1.11635996192349,Clang22.1.8/llvm-libomp,unset,683ba7cb0bc7693fecd9a62a74082f2fc08e238426ad451a54af4166b4a31042,complete-object-api-v1,False,"{""setup_s"": {""max"": 0.218248471, ""median"": 0.218037117, ""min"": 0.217375728, ""spread"": 1.0040149054727951}, ""solve_api_s"": {""max"": 0.114385892, ""median"": 0.113454719, ""min"": 0.113195431, ""spread"": 1.010516864413017}, ""total_s"": {""max"": 0.33176162, ""median"": 0.331491836, ""min"": 0.331443902, ""spread"": 1.0009585875560927}}"
ipm,iter0040,cpu,cmg_packed,original-operator,72,1,complete,524288,7867398,1.583701804,2.381859499,3.965561303,33,8.694826971937316e-09,8.69482697193734e-09,,1,3,2,1237.3125,,,logical_cell,,67750bb65e4e872acb408f2467759e75c70fe5b6,42ca4826ba0a67a64f0ae3a36a9c36fa7a9ef8a598328415b22b587f242fe9e5,,,,,,,,,,,,,,
ipm,iter0040,cpu,hypre_boomeramg,,72,,complete,524288,7867398,0.4463518,0.2055987,0.6519504,12,4.601707e-09,4.601706638e-09,,1,3,2,633.0,,,logical_cell,,ea01e2ff32b171d94ae8c048436df98203a0fc67,5942a0926b4d1a67dcd8fd6985633b0f834f734ee4a6c1285fb88db959bac8c7,,,,,,,,0.0,clang,,,explicit-warmup-v1,,
ipm,iter0040,cpu,hypre_boomeramg,cut,72,,complete,524288,7867398,0.2979068,0.4023049,0.7002117,42,7.755445e-09,7.755444689e-09,,1,3,2,633.1,,,logical_cell,,ea01e2ff32b171d94ae8c048436df98203a0fc67,5942a0926b4d1a67dcd8fd6985633b0f834f734ee4a6c1285fb88db959bac8c7,,,,,,,,0.0,clang,,,explicit-warmup-v1,,
ipm,iter0040,cpu,parac,,72,,complete,524288,7867398,11.693720841360475,1.188,12.881720841360476,47,4.8050803441971955e-09,5.5883475043938925e-09,,1,3,3,2363.1875,,,,,8827024f79d2cd40e3e162faf5ada0fcc5943af6,94a4cc3e26ca031ffa01df5a4e26fe788d9e60a5b0bc0e4f2cdf58a9912b0bf1,,,,,,,,,,,,,,
ipm,iter0040,cpu,parac_physics,,72,,complete,524288,7867398,12.094650452255248,1.121,13.215650452255248,45,5.29726180303659e-09,5.29726180303659e-09,,1,3,3,2590.375,,,,,280b7ee0087c47d1a5101787312dd7574acdfee0,,,,,,,,,,,,,,,
ipm,iter0040,cpu,rchol,,72,,complete,524288,7867398,2.189143,2.567367,4.75651,55,9.649452e-09,9.649452057e-09,,1,3,2,1398.6,,,logical_cell,,fa329b5ac757bab0aeb36cfc7f6ec14ff15bdc9b,c4e6202ab92260ec4c8b8aec659fd9772582676157cff6edd8eaff158f194968,,,,,,,,2.6931,clang,,,explicit-warmup-v1,,
ipm,iter0040,cpu,rchol_par,,72,64,complete,524288,7867398,1.935566,2.387973,4.323539,62,7.950152e-09,9.354508781e-09,,1,3,2,1260.9,,,logical_cell,,fa329b5ac757bab0aeb36cfc7f6ec14ff15bdc9b,c4e6202ab92260ec4c8b8aec659fd9772582676157cff6edd8eaff158f194968,,,,,,,,3.6883,clang,,,explicit-warmup-v1,,
ipm,iter0040,gpu,amgcl_cuda,,72,,complete,524288,7867398,7.642024,0.01753521,7.659559,19,7.00286e-09,7.002859628e-09,0.9772000000000001,1,3,2,843.3,,,logical_cell,,ea01e2ff32b171d94ae8c048436df98203a0fc67,b09f022854a0d41cc5d07fa78abec4c0eb1b587cb6c00b843afbd7c38e3c80f5,,,,,,,,0.0,clang,,,explicit-warmup-v1,,
ipm,iter0040,gpu,apxchol_v1,bg+tree/gpu-owned-q02[vec_pool_aos],72,,complete,524288,7867398,0.239442798,0.027383911,0.266826709,46,9.882067764714813e-09,9.882067764714813e-09,,1,3,2,504.0,,,,,c94a94a1dee6070947be21e08171210131d9cdd8,d25523bdf16a36173de8bd704c528d358a1489721584d7d5c17dc1ef84e3a8aa,owned_gpu_q02,gks,0.2,True,True,0.0001,4617598,1.1148709470510452,GCC14.3 (pinned native cache/build flags in campaign),,335de48e2884173d53037dbd36529d88197ea9b44318d4b55aff50128cae19bc,complete-object-api-v1,False,"{""setup_s"": {""max"": 0.24529410999999998, ""median"": 0.239442798, ""min"": 0.23775328099999998, ""spread"": 1.0317170344328497}, ""solve_api_s"": {""max"": 0.027472484, ""median"": 0.027425669, ""min"": 0.027383911, ""spread"": 1.0032344905006447}, ""total_s"": {""max"": 0.272719779, ""median"": 0.266826709, ""min"": 0.265225765, ""spread"": 1.0282552262597866}}"
ipm,iter0040,gpu,apxchol_v1,bg+tree/gpu-owned-q08[vec_pool_aos],72,,complete,524288,7867398,0.19326505500000002,0.026130836,0.219395891,46,8.13405233435998e-09,8.13405233435998e-09,,1,3,1,504.0,,,,,c94a94a1dee6070947be21e08171210131d9cdd8,d25523bdf16a36173de8bd704c528d358a1489721584d7d5c17dc1ef84e3a8aa,owned_gpu,gks,0.8,True,True,0.0001,4653711,1.1247068340253652,GCC14.3 (pinned native cache/build flags in campaign),,335de48e2884173d53037dbd36529d88197ea9b44318d4b55aff50128cae19bc,complete-object-api-v1,False,"{""setup_s"": {""max"": 0.208680235, ""median"": 0.19326505500000002, ""min"": 0.190738593, ""spread"": 1.0940640366367806}, ""solve_api_s"": {""max"": 0.026224178, ""median"": 0.02613794, ""min"": 0.026130836, ""spread"": 1.0035721015584806}, ""total_s"": {""max"": 0.23490441299999998, ""median"": 0.219395891, ""min"": 0.216876533, ""spread"": 1.0831250838927786}}"
ipm,iter0040,gpu,hypre_boomeramg_gpu,,72,,complete,524288,7867398,0.1318183,0.01950419,0.1513225,16,3.625577e-09,9.425358837e-09,0.5549,1,3,1,911.8,,,logical_cell,,ea01e2ff32b171d94ae8c048436df98203a0fc67,b09f022854a0d41cc5d07fa78abec4c0eb1b587cb6c00b843afbd7c38e3c80f5,,,,,,,,0.0,clang,,,explicit-warmup-v1,,
ipm,iter0040,gpu,hypre_boomeramg_gpu,cut,72,,complete,524288,7867398,0.1325058,0.01889877,0.1514045,16,3.625577e-09,9.425358837e-09,0.5612,1,3,1,911.6,,,logical_cell,,ea01e2ff32b171d94ae8c048436df98203a0fc67,b09f022854a0d41cc5d07fa78abec4c0eb1b587cb6c00b843afbd7c38e3c80f5,,,,,,,,0.0,clang,,,explicit-warmup-v1,,
ipm,iter0040,gpu,parac_graph,,72,,complete,524288,7867398,11.540379202404786,1.26834,12.808719202404786,71,4.32329345484891e-09,4.6924690103607644e-09,0.696156,1,3,2,1352.0625,,,,,8827024f79d2cd40e3e162faf5ada0fcc5943af6,cfbf0e9d60bf702941f83c8e3a2406a8ba0c36b47abf12e3f0d5fbb20006c804,,,,,,,,,,,,,,
ipm,iter0040,gpu,parac_physics,,72,,complete,524288,7867398,11.530215991671753,0.821162,12.351377991671752,64,4.687171988129603e-09,4.691506574112086e-09,0.650275,1,3,2,1439.25,,,,,280b7ee0087c47d1a5101787312dd7574acdfee0,,,,,,,,,,,,,,,
suitesparse,G3_circuit,cpu,ac,,72,1,not_converged,1585478,7660826,2.869823951,2.274314854,5.144138805,35,1.3879459210210624e-07,1.3879459210210624e-07,,1,3,2,2899.75,,,,,17fbacec7886eda3545bde4dc3426d992f7a4af2,,,,,,,,,,julia,,,,,
suitesparse,G3_circuit,cpu,ac2,,72,1,not_converged,1585478,7660826,4.923115784,1.964959876,6.88807566,20,1.3867651546302938e-07,1.3867651546302938e-07,,1,3,3,3388.4375,,,,,17fbacec7886eda3545bde4dc3426d992f7a4af2,,,,,,,,,,julia,,,,,
suitesparse,G3_circuit,cpu,amgcl,,72,,complete,1585478,7660826,0.1790086,0.07706846,0.2560771,17,7.542419e-09,7.542418746e-09,,1,3,3,360.0,,,logical_cell,,ea01e2ff32b171d94ae8c048436df98203a0fc67,5942a0926b4d1a67dcd8fd6985633b0f834f734ee4a6c1285fb88db959bac8c7,,,,,,,,0.0,clang,,,explicit-warmup-v1,,
suitesparse,G3_circuit,cpu,apxchol_v1,bg+trace_cycle[vec_pool_aos],72,,complete,1585478,7660826,0.131798016,0.039580414,0.17137843,21,8.985800187700361e-09,8.985800187700361e-09,,1,3,3,360.0,,,,,98b6a4cda51bdaba2c58a6dbb560df43107cf071,ab34ea7daa4dcb1f40264c4019944e4590e4c62f32cb8724a8bc5571ad71d82b,cpu_cpu,trace_cycle,0.2,False,False,0.0001,11265479,3.1866490610908214,Clang22.1.8/llvm-libomp,unset,7ecf0c62fedbfdaf3c9b095ec678822d3537ff3c44d88b2324deef00d863c448,complete-object-api-v1,False,"{""setup_s"": {""max"": 0.131992249, ""median"": 0.131798016, ""min"": 0.131038231, ""spread"": 1.0072804554267831}, ""solve_api_s"": {""max"": 0.041142126, ""median"": 0.040084335, ""min"": 0.039580414, ""spread"": 1.0394566868350594}, ""total_s"": {""max"": 0.173134375, ""median"": 0.17137843, ""min"": 0.171122566, ""spread"": 1.0117565382931437}}"
suitesparse,G3_circuit,cpu,apxchol_v1,bg+tree[vec_pool_aos],72,,complete,1585478,7660826,0.09930784,0.053251919,0.152559759,34,9.424208872604732e-09,9.424208872604732e-09,,1,3,2,360.0,,,,,98b6a4cda51bdaba2c58a6dbb560df43107cf071,ab34ea7daa4dcb1f40264c4019944e4590e4c62f32cb8724a8bc5571ad71d82b,cpu_cpu,gks,0.2,False,False,0.0001,8931156,2.4181916821884113,Clang22.1.8/llvm-libomp,unset,7ecf0c62fedbfdaf3c9b095ec678822d3537ff3c44d88b2324deef00d863c448,complete-object-api-v1,False,"{""setup_s"": {""max"": 0.09930784, ""median"": 0.097191012, ""min"": 0.096902669, ""spread"": 1.0248204824987843}, ""solve_api_s"": {""max"": 0.055373516, ""median"": 0.054664578, ""min"": 0.053251919, ""spread"": 1.0398407614193208}, ""total_s"": {""max"": 0.15256452799999998, ""median"": 0.152559759, ""min"": 0.151567247, ""spread"": 1.0065797922687083}}"
suitesparse,G3_circuit,cpu,cmg_packed,original-operator,72,1,complete,1585478,7660826,5.856665862,4.127549160999999,9.984215022999999,26,6.761993586652241e-09,6.761993586652257e-09,,1,3,3,1347.125,,,logical_cell,,67750bb65e4e872acb408f2467759e75c70fe5b6,42ca4826ba0a67a64f0ae3a36a9c36fa7a9ef8a598328415b22b587f242fe9e5,,,,,,,,,,,,,,
suitesparse,G3_circuit,cpu,hypre_boomeramg,,72,,complete,1585478,7660826,0.695167,0.1173379,0.8125049,9,1.695508e-09,1.695508019e-09,,1,3,1,1537.6,,,logical_cell,,ea01e2ff32b171d94ae8c048436df98203a0fc67,5942a0926b4d1a67dcd8fd6985633b0f834f734ee4a6c1285fb88db959bac8c7,,,,,,,,0.0,clang,,,explicit-warmup-v1,,
suitesparse,G3_circuit,cpu,hypre_boomeramg,cut,72,,complete,1585478,7660826,0.6573377,0.1123261,0.7696638,9,1.695508e-09,1.695508019e-09,,1,3,3,1498.2,,,logical_cell,,ea01e2ff32b171d94ae8c048436df98203a0fc67,5942a0926b4d1a67dcd8fd6985633b0f834f734ee4a6c1285fb88db959bac8c7,,,,,,,,0.0,clang,,,explicit-warmup-v1,,
suitesparse,G3_circuit,cpu,parac,,72,,failed,,,,,,,,,,1,0,,,,,,,8827024f79d2cd40e3e162faf5ada0fcc5943af6,94a4cc3e26ca031ffa01df5a4e26fe788d9e60a5b0bc0e4f2cdf58a9912b0bf1,,,,,,,,,,,,,,
suitesparse,G3_circuit,cpu,parac_physics,,72,,complete,1585478,7660826,12.280822054336548,1.588,13.868822054336547,50,2.1956733140977392e-09,2.676094757918867e-09,,1,3,2,2818.8125,,,,,280b7ee0087c47d1a5101787312dd7574acdfee0,,,,,,,,,,,,,,,
suitesparse,G3_circuit,cpu,rchol,,72,,complete,1585478,7660826,3.11625,2.702487,5.818737,36,5.748406e-09,8.944670587e-09,,1,3,3,2280.0,,,logical_cell,,fa329b5ac757bab0aeb36cfc7f6ec14ff15bdc9b,c4e6202ab92260ec4c8b8aec659fd9772582676157cff6edd8eaff158f194968,,,,,,,,3.368,clang,,,explicit-warmup-v1,,
suitesparse,G3_circuit,cpu,rchol_par,,72,64,complete,1585478,7660826,3.210137,2.785138,5.995275,46,8.70319e-09,9.453144192e-09,,1,3,2,2285.5,,,logical_cell,,fa329b5ac757bab0aeb36cfc7f6ec14ff15bdc9b,c4e6202ab92260ec4c8b8aec659fd9772582676157cff6edd8eaff158f194968,,,,,,,,4.3527,clang,,,explicit-warmup-v1,,
suitesparse,G3_circuit,gpu,amgcl_cuda,,72,,complete,1585478,7660826,0.1958529,0.02519083,0.2210437,17,7.542419e-09,7.542418745e-09,0.5601,1,3,1,776.8,,,logical_cell,,ea01e2ff32b171d94ae8c048436df98203a0fc67,b09f022854a0d41cc5d07fa78abec4c0eb1b587cb6c00b843afbd7c38e3c80f5,,,,,,,,0.0,clang,,,explicit-warmup-v1,,
suitesparse,G3_circuit,gpu,apxchol_v1,bg+tree/gpu-owned-q02[vec_pool_aos],72,,complete,1585478,7660826,0.17126712500000002,0.023876145,0.19514327000000004,33,7.438070113489122e-09,7.438070113489122e-09,,1,3,1,540.0,,,,,c94a94a1dee6070947be21e08171210131d9cdd8,d25523bdf16a36173de8bd704c528d358a1489721584d7d5c17dc1ef84e3a8aa,owned_gpu_q02,gks,0.2,True,True,0.0001,8906900,2.410206625200729,GCC14.3 (pinned native cache/build flags in campaign),,335de48e2884173d53037dbd36529d88197ea9b44318d4b55aff50128cae19bc,complete-object-api-v1,False,"{""setup_s"": {""max"": 0.172754313, ""median"": 0.17126712500000002, ""min"": 0.170121208, ""spread"": 1.015477817439434}, ""solve_api_s"": {""max"": 0.023876145, ""median"": 0.023696694, ""min"": 0.023380383, ""spread"": 1.021204186432703}, ""total_s"": {""max"": 0.19645100699999998, ""median"": 0.19514327000000004, ""min"": 0.193501591, ""spread"": 1.015242334622458}}"
suitesparse,G3_circuit,gpu,apxchol_v1,bg+tree/gpu-owned-q08[vec_pool_aos],72,,complete,1585478,7660826,0.124108273,0.022473012,0.146581285,36,7.310894517966682e-09,7.310894517966682e-09,,1,3,2,540.0,,,,,c94a94a1dee6070947be21e08171210131d9cdd8,d25523bdf16a36173de8bd704c528d358a1489721584d7d5c17dc1ef84e3a8aa,owned_gpu,gks,0.8,True,True,0.0001,8958355,2.427145572566378,GCC14.3 (pinned native cache/build flags in campaign),,335de48e2884173d53037dbd36529d88197ea9b44318d4b55aff50128cae19bc,complete-object-api-v1,False,"{""setup_s"": {""max"": 0.124880989, ""median"": 0.124108273, ""min"": 0.123068876, ""spread"": 1.0147243808418305}, ""solve_api_s"": {""max"": 0.022473012, ""median"": 0.022050143, ""min"": 0.021761478, ""spread"": 1.0326969519257838}, ""total_s"": {""max"": 0.146642467, ""median"": 0.146581285, ""min"": 0.145119019, ""spread"": 1.0104979210202627}}"
suitesparse,G3_circuit,gpu,hypre_boomeramg_gpu,,72,,complete,1585478,7660826,0.1378437,0.02354942,0.1613931,14,6.345612e-09,6.531637089e-09,0.5554,1,3,3,968.1,,,logical_cell,,ea01e2ff32b171d94ae8c048436df98203a0fc67,b09f022854a0d41cc5d07fa78abec4c0eb1b587cb6c00b843afbd7c38e3c80f5,,,,,,,,0.0,clang,,,explicit-warmup-v1,,
suitesparse,G3_circuit,gpu,hypre_boomeramg_gpu,cut,72,,complete,1585478,7660826,0.139026,0.02088684,0.1599129,14,6.345612e-09,6.531637089e-09,0.5735,1,3,3,967.7,,,logical_cell,,ea01e2ff32b171d94ae8c048436df98203a0fc67,b09f022854a0d41cc5d07fa78abec4c0eb1b587cb6c00b843afbd7c38e3c80f5,,,,,,,,0.0,clang,,,explicit-warmup-v1,,
suitesparse,G3_circuit,gpu,parac_graph,,72,,failed,,,,,,,,,,1,0,,,,,,,8827024f79d2cd40e3e162faf5ada0fcc5943af6,cfbf0e9d60bf702941f83c8e3a2406a8ba0c36b47abf12e3f0d5fbb20006c804,,,,,,,,,,,,,,
suitesparse,G3_circuit,gpu,parac_physics,,72,,complete,1585478,7660826,12.75045519151001,0.116176,12.86663119151001,41,4.401050975363772e-09,4.8749200892555856e-09,0.631305,1,3,2,1587.4375,,,,,280b7ee0087c47d1a5101787312dd7574acdfee0,,,,,,,,,,,,,,,
suitesparse,apache2,cpu,ac,,72,1,not_converged,715176,4817870,1.861955952,0.882200852,2.744156804,25,1.2420695483512176e-05,1.2420695483512176e-05,,1,3,3,2067.0625,,,,,17fbacec7886eda3545bde4dc3426d992f7a4af2,,,,,,,,,,julia,,,,,
suitesparse,apache2,cpu,ac2,,72,1,not_converged,715176,4817870,2.867249905,0.567381813,3.434631718,17,1.2420685923268843e-05,1.2420685923268843e-05,,1,3,1,2569.4375,,,,,17fbacec7886eda3545bde4dc3426d992f7a4af2,,,,,,,,,,julia,,,,,
suitesparse,apache2,cpu,amgcl,,72,,complete,715176,4817870,0.06262251,0.0303661,0.0929886,17,7.868329e-09,7.868329131e-09,,1,3,1,216.0,,,logical_cell,,ea01e2ff32b171d94ae8c048436df98203a0fc67,5942a0926b4d1a67dcd8fd6985633b0f834f734ee4a6c1285fb88db959bac8c7,,,,,,,,0.0,clang,,,explicit-warmup-v1,,
suitesparse,apache2,cpu,apxchol_v1,bg+trace_cycle[vec_pool_aos],72,,complete,715176,4817870,0.085985071,0.019717385,0.105702456,19,8.582593692416902e-09,8.582593692416902e-09,,1,3,3,216.0,,,,,f17b98eca1d46cde68ffe1555e5284f225745567,d7960e301d068b7d8a70ddeca2e0402da1025c43dac7599b16f02f4201d00067,cpu_cpu,trace_cycle,0.2,False,False,0.0001,6670456,2.9031070803720675,Clang22.1.8/llvm-libomp,unset,683ba7cb0bc7693fecd9a62a74082f2fc08e238426ad451a54af4166b4a31042,complete-object-api-v1,False,"{""setup_s"": {""max"": 0.086322948, ""median"": 0.085985071, ""min"": 0.085894769, ""spread"": 1.0049849252170409}, ""solve_api_s"": {""max"": 0.019799783, ""median"": 0.019777383, ""min"": 0.019717385, ""spread"": 1.0041789517220463}, ""total_s"": {""max"": 0.106122731, ""median"": 0.105702456, ""min"": 0.10567215199999999, ""spread"": 1.0042639332262298}}"
suitesparse,apache2,cpu,apxchol_v1,bg+tree[vec_pool_aos],72,,complete,715176,4817870,0.063982986,0.021952102,0.085935088,26,6.696698458060762e-09,6.696698458060762e-09,,1,3,2,216.0,,,,,f17b98eca1d46cde68ffe1555e5284f225745567,d7960e301d068b7d8a70ddeca2e0402da1025c43dac7599b16f02f4201d00067,cpu_cpu,gks,0.2,False,False,0.0001,5614638,2.3884121019018236,Clang22.1.8/llvm-libomp,unset,683ba7cb0bc7693fecd9a62a74082f2fc08e238426ad451a54af4166b4a31042,complete-object-api-v1,False,"{""setup_s"": {""max"": 0.069257546, ""median"": 0.063982986, ""min"": 0.063937356, ""spread"": 1.083209415165682}, ""solve_api_s"": {""max"": 0.022395672, ""median"": 0.021952102, ""min"": 0.021484564, ""spread"": 1.0424075629368135}, ""total_s"": {""max"": 0.09165321800000001, ""median"": 0.085935088, ""min"": 0.08542192, ""spread"": 1.0729472950268504}}"
suitesparse,apache2,cpu,cmg_packed,original-operator,72,1,complete,715176,4817870,0.652490988,1.4452627759999999,2.097753764,17,4.538581786246091e-09,4.538581786246174e-09,,1,3,3,741.4375,,,logical_cell,,67750bb65e4e872acb408f2467759e75c70fe5b6,42ca4826ba0a67a64f0ae3a36a9c36fa7a9ef8a598328415b22b587f242fe9e5,,,,,,,,,,,,,,
suitesparse,apache2,cpu,hypre_boomeramg,,72,,complete,715176,4817870,0.3311604,0.06633518,0.3974955,8,9.024355e-09,9.02435474e-09,,1,3,1,919.2,,,logical_cell,,ea01e2ff32b171d94ae8c048436df98203a0fc67,5942a0926b4d1a67dcd8fd6985633b0f834f734ee4a6c1285fb88db959bac8c7,,,,,,,,0.0,clang,,,explicit-warmup-v1,,
suitesparse,apache2,cpu,hypre_boomeramg,cut,72,,complete,715176,4817870,0.3071183,0.06695984,0.3740781,8,9.024355e-09,9.02435474e-09,,1,3,2,602.1,,,logical_cell,,ea01e2ff32b171d94ae8c048436df98203a0fc67,5942a0926b4d1a67dcd8fd6985633b0f834f734ee4a6c1285fb88db959bac8c7,,,,,,,,0.0,clang,,,explicit-warmup-v1,,
suitesparse,apache2,cpu,parac,,72,,complete,715176,4817870,7.3115294344696045,0.744,8.055529434469605,45,4.173486082710896e-09,4.173486082710896e-09,,1,3,2,1494.125,,,,,8827024f79d2cd40e3e162faf5ada0fcc5943af6,94a4cc3e26ca031ffa01df5a4e26fe788d9e60a5b0bc0e4f2cdf58a9912b0bf1,,,,,,,,,,,,,,
suitesparse,apache2,cpu,parac_physics,,72,,complete,715176,4817870,7.9559629968780525,0.509,8.464962996878052,31,5.190749186433682e-09,5.190749186433682e-09,,1,3,3,1746.125,,,,,280b7ee0087c47d1a5101787312dd7574acdfee0,,,,,,,,,,,,,,,
suitesparse,apache2,cpu,rchol,,72,,complete,715176,4817870,1.836975,0.9786682,2.815644,26,8.89804e-09,8.898040117e-09,,1,3,1,1266.6,,,logical_cell,,fa329b5ac757bab0aeb36cfc7f6ec14ff15bdc9b,c4e6202ab92260ec4c8b8aec659fd9772582676157cff6edd8eaff158f194968,,,,,,,,3.8094,clang,,,explicit-warmup-v1,,
suitesparse,apache2,cpu,rchol_par,,72,64,complete,715176,4817870,1.992177,0.8946954,2.886872,26,7.286212e-09,7.928060248e-09,,1,3,2,940.9,,,logical_cell,,fa329b5ac757bab0aeb36cfc7f6ec14ff15bdc9b,c4e6202ab92260ec4c8b8aec659fd9772582676157cff6edd8eaff158f194968,,,,,,,,4.8766,clang,,,explicit-warmup-v1,,
suitesparse,apache2,gpu,amgcl_cuda,,72,,complete,715176,4817870,0.08617065,0.01577401,0.1019447,17,7.868329e-09,7.868329132e-09,0.5605,1,3,2,600.4,,,logical_cell,,ea01e2ff32b171d94ae8c048436df98203a0fc67,b09f022854a0d41cc5d07fa78abec4c0eb1b587cb6c00b843afbd7c38e3c80f5,,,,,,,,0.0,clang,,,explicit-warmup-v1,,
suitesparse,apache2,gpu,apxchol_v1,bg+tree/gpu-owned-q02[vec_pool_aos],72,,complete,715176,4817870,0.16432695,0.013338478,0.17766542800000001,23,8.160089652057977e-09,8.160089652057977e-09,,1,3,1,288.0,,,,,c94a94a1dee6070947be21e08171210131d9cdd8,d25523bdf16a36173de8bd704c528d358a1489721584d7d5c17dc1ef84e3a8aa,owned_gpu_q02,gks,0.2,True,True,0.0001,5593692,2.3782012502029155,GCC14.3 (pinned native cache/build flags in campaign),,335de48e2884173d53037dbd36529d88197ea9b44318d4b55aff50128cae19bc,complete-object-api-v1,False,"{""setup_s"": {""max"": 0.16542358899999998, ""median"": 0.16432695, ""min"": 0.160524473, ""spread"": 1.0305194336317802}, ""solve_api_s"": {""max"": 0.014180917, ""median"": 0.01356932, ""min"": 0.013338478, ""spread"": 1.0631585552714484}, ""total_s"": {""max"": 0.17960450599999997, ""median"": 0.17766542800000001, ""min"": 0.174093793, ""spread"": 1.0316537017491483}}"
suitesparse,apache2,gpu,apxchol_v1,bg+tree/gpu-owned-q08[vec_pool_aos],72,,complete,715176,4817870,0.12058477299999999,0.012085027,0.1326698,24,9.866323653163948e-09,9.866323653163948e-09,,1,3,1,288.0,,,,,c94a94a1dee6070947be21e08171210131d9cdd8,d25523bdf16a36173de8bd704c528d358a1489721584d7d5c17dc1ef84e3a8aa,owned_gpu,gks,0.8,True,True,0.0001,5638293,2.3999435492873706,GCC14.3 (pinned native cache/build flags in campaign),,335de48e2884173d53037dbd36529d88197ea9b44318d4b55aff50128cae19bc,complete-object-api-v1,False,"{""setup_s"": {""max"": 0.122024511, ""median"": 0.12058477299999999, ""min"": 0.119524769, ""spread"": 1.020914008208625}, ""solve_api_s"": {""max"": 0.012085027, ""median"": 0.011956166, ""min"": 0.011943398, ""spread"": 1.0118583505297236}, ""total_s"": {""max"": 0.133980677, ""median"": 0.1326698, ""min"": 0.131468167, ""spread"": 1.0191111662795147}}"
suitesparse,apache2,gpu,hypre_boomeramg_gpu,,72,,complete,715176,4817870,0.09441829,0.01504452,0.1094628,13,3.380117e-09,7.833847873e-09,0.5677000000000001,1,3,3,762.4,,,logical_cell,,ea01e2ff32b171d94ae8c048436df98203a0fc67,b09f022854a0d41cc5d07fa78abec4c0eb1b587cb6c00b843afbd7c38e3c80f5,,,,,,,,0.0,clang,,,explicit-warmup-v1,,
suitesparse,apache2,gpu,hypre_boomeramg_gpu,cut,72,,complete,715176,4817870,0.09229306,0.01497325,0.1072663,12,7.833848e-09,7.833847873e-09,0.5708,1,3,2,724.6,,,logical_cell,,ea01e2ff32b171d94ae8c048436df98203a0fc67,b09f022854a0d41cc5d07fa78abec4c0eb1b587cb6c00b843afbd7c38e3c80f5,,,,,,,,0.0,clang,,,explicit-warmup-v1,,
suitesparse,apache2,gpu,parac_graph,,72,,complete,715176,4817870,7.486925587335205,0.103257,7.590182587335205,38,3.061311931191801e-09,4.1244648815026884e-09,0.555601,1,3,1,1024.8125,,,,,8827024f79d2cd40e3e162faf5ada0fcc5943af6,cfbf0e9d60bf702941f83c8e3a2406a8ba0c36b47abf12e3f0d5fbb20006c804,,,,,,,,,,,,,,
suitesparse,apache2,gpu,parac_physics,,72,,complete,715176,4817870,7.776319763937378,0.0724644,7.8487841639373785,27,3.7262154829034305e-09,3.7262154829034305e-09,0.60988,1,3,3,1030.6875,,,,,280b7ee0087c47d1a5101787312dd7574acdfee0,,,,,,,,,,,,,,,
suitesparse,as-Skitter,cpu,ac,,72,1,complete,1696415,23887011,8.058012326,1.950853668,10.008865994,16,9.171325828802311e-09,9.171325828802311e-09,,1,3,2,5235.0625,,,,,17fbacec7886eda3545bde4dc3426d992f7a4af2,,,,,,,,,,julia,,,,,
suitesparse,as-Skitter,cpu,ac2,,72,1,complete,1696415,23887011,20.201931319,2.00091856,22.202849879,15,3.5065242773894656e-09,3.5065242773894656e-09,,1,3,1,7806.375,,,,,17fbacec7886eda3545bde4dc3426d992f7a4af2,,,,,,,,,,julia,,,,,
suitesparse,as-Skitter,cpu,amgcl,,72,,complete,1696415,23887011,1.88998,4.885581,6.77556,270,9.830486e-09,9.830485699e-09,,1,3,3,2053.5,,,logical_cell,,ea01e2ff32b171d94ae8c048436df98203a0fc67,5942a0926b4d1a67dcd8fd6985633b0f834f734ee4a6c1285fb88db959bac8c7,,,,,,,,0.0,clang,,,explicit-warmup-v1,,
suitesparse,as-Skitter,cpu,apxchol_v1,bg+trace_cycle[vec_pool_aos],72,,complete,1696415,23887011,0.582103856,0.177531275,0.759635131,15,7.0527811906801785e-09,7.0527811906801785e-09,,1,3,1,1152.0,,,,,f17b98eca1d46cde68ffe1555e5284f225745567,d7960e301d068b7d8a70ddeca2e0402da1025c43dac7599b16f02f4201d00067,cpu_cpu,trace_cycle,0.2,False,False,0.0001,17251989,1.4019969540250294,Clang22.1.8/llvm-libomp,unset,683ba7cb0bc7693fecd9a62a74082f2fc08e238426ad451a54af4166b4a31042,complete-object-api-v1,False,"{""setup_s"": {""max"": 0.582447622, ""median"": 0.582103856, ""min"": 0.581373415, ""spread"": 1.0018477057469166}, ""solve_api_s"": {""max"": 0.179073759, ""median"": 0.177531275, ""min"": 0.176832864, ""spread"": 1.012672389901461}, ""total_s"": {""max"": 0.761521381, ""median"": 0.759635131, ""min"": 0.7582062789999999, ""spread"": 1.0043722956295908}}"
suitesparse,as-Skitter,cpu,apxchol_v1,bg+tree[vec_pool_aos],72,,complete,1696415,23887011,0.529141094,0.233028015,0.762169109,21,4.639391447890517e-09,4.639391447890517e-09,,1,3,3,1152.0,,,,,f17b98eca1d46cde68ffe1555e5284f225745567,d7960e301d068b7d8a70ddeca2e0402da1025c43dac7599b16f02f4201d00067,cpu_cpu,gks,0.2,False,False,0.0001,16749038,1.35666685112919,Clang22.1.8/llvm-libomp,unset,683ba7cb0bc7693fecd9a62a74082f2fc08e238426ad451a54af4166b4a31042,complete-object-api-v1,False,"{""setup_s"": {""max"": 0.532260234, ""median"": 0.529378397, ""min"": 0.529141094, ""spread"": 1.005894722665407}, ""solve_api_s"": {""max"": 0.233028015, ""median"": 0.231165412, ""min"": 0.230840109, ""spread"": 1.009478014931972}, ""total_s"": {""max"": 0.763425646, ""median"": 0.762169109, ""min"": 0.760218506, ""spread"": 1.0042187081407354}}"
suitesparse,as-Skitter,cpu,cmg_packed,original-operator,72,1,complete,1696415,23887011,12.5153442,34.580446218,47.095790418,86,9.265016146039621e-09,9.265016146039621e-09,,1,3,2,4394.9375,,,logical_cell,,67750bb65e4e872acb408f2467759e75c70fe5b6,42ca4826ba0a67a64f0ae3a36a9c36fa7a9ef8a598328415b22b587f242fe9e5,,,,,,,,,,,,,,
suitesparse,as-Skitter,cpu,hypre_boomeramg,,72,,complete,1696415,23887011,68.3802,1.367876,69.74807,29,7.442878e-09,7.442877559e-09,,1,3,3,8758.4,,,logical_cell,,ea01e2ff32b171d94ae8c048436df98203a0fc67,5942a0926b4d1a67dcd8fd6985633b0f834f734ee4a6c1285fb88db959bac8c7,,,,,,,,0.0,clang,,,explicit-warmup-v1,,
suitesparse,as-Skitter,cpu,hypre_boomeramg,cut,72,,complete,1696415,23887011,3.512773,8.615108,12.12788,227,9.785149e-09,9.785148748e-09,,1,3,2,2400.6,,,logical_cell,,ea01e2ff32b171d94ae8c048436df98203a0fc67,5942a0926b4d1a67dcd8fd6985633b0f834f734ee4a6c1285fb88db959bac8c7,,,,,,,,0.0,clang,,,explicit-warmup-v1,,
suitesparse,as-Skitter,cpu,parac,,72,,complete,1696415,23887011,62.707771038665776,1.547,64.25477103866578,20,8.123440629856639e-10,8.718167393115338e-10,,1,3,1,6959.375,,,,,280b7ee0087c47d1a5101787312dd7574acdfee0,,,,,,,,,,,,,,,
suitesparse,as-Skitter,cpu,parac_physics,,72,,complete,1696415,23887011,62.12235706349182,1.48,63.602357063491816,19,2.627403134590346e-09,3.691818645228071e-09,,1,3,3,6943.3125,,,,,8827024f79d2cd40e3e162faf5ada0fcc5943af6,94a4cc3e26ca031ffa01df5a4e26fe788d9e60a5b0bc0e4f2cdf58a9912b0bf1,,,,,,,,,,,,,,
suitesparse,as-Skitter,cpu,rchol,,72,,not_converged,1696415,23887011,36.35630446,136.560361235,172.91666569499998,500,1.0916079204446582e-05,1.4477828365664375e-05,,1,3,3,4913.8125,,,logical_cell,,6a8244eaab178d659364f16919362bacda79a601,12000d30c662d98c8a063d2e2c78bd0aef1184e0a6c79d2c9d4a32283b87200c,,,,,,,,3.7185,clang,,,explicit-warmup-v1,,
suitesparse,as-Skitter,cpu,rchol_par,,72,64,not_converged,1696415,23887011,12.46697,64.33849,76.80545,500,0.0001391996,0.0001951830219,,1,3,2,5255.4,,,logical_cell,,fa329b5ac757bab0aeb36cfc7f6ec14ff15bdc9b,c4e6202ab92260ec4c8b8aec659fd9772582676157cff6edd8eaff158f194968,,,,,,,,2.5932,clang,,,explicit-warmup-v1,,
suitesparse,as-Skitter,gpu,amgcl_cuda,,72,,complete,1696415,23887011,1.829682,0.4925375,2.322219,270,9.830486e-09,9.830485635e-09,0.5546,1,3,2,2238.8,,,logical_cell,,ea01e2ff32b171d94ae8c048436df98203a0fc67,b09f022854a0d41cc5d07fa78abec4c0eb1b587cb6c00b843afbd7c38e3c80f5,,,,,,,,0.0,clang,,,explicit-warmup-v1,,
suitesparse,as-Skitter,gpu,apxchol_v1,bg+tree/gpu-owned-q02[vec_pool_aos],72,,complete,1696415,23887011,0.6883874910000001,0.055294138,0.7436816290000001,20,8.962611681988112e-09,8.962611681988112e-09,,1,3,3,1224.0,,,,,c94a94a1dee6070947be21e08171210131d9cdd8,d25523bdf16a36173de8bd704c528d358a1489721584d7d5c17dc1ef84e3a8aa,owned_gpu_q02,gks,0.2,True,True,0.0001,16609556,1.3440955799474696,GCC14.3 (pinned native cache/build flags in campaign),,335de48e2884173d53037dbd36529d88197ea9b44318d4b55aff50128cae19bc,complete-object-api-v1,False,"{""setup_s"": {""max"": 0.6993380210000001, ""median"": 0.6883874910000001, ""min"": 0.6868567609999999, ""spread"": 1.0181715616831502}, ""solve_api_s"": {""max"": 0.056632982, ""median"": 0.056599117, ""min"": 0.055294138, ""spread"": 1.0242131272577213}, ""total_s"": {""max"": 0.7559710030000001, ""median"": 0.7436816290000001, ""min"": 0.7434558779999999, ""spread"": 1.01683371585368}}"
suitesparse,as-Skitter,gpu,apxchol_v1,bg+tree/gpu-owned-q08[vec_pool_aos],72,,complete,1696415,23887011,0.565272921,0.108574855,0.673847776,42,8.488986076261676e-09,8.488986076261676e-09,,1,3,3,1224.0,,,,,c94a94a1dee6070947be21e08171210131d9cdd8,d25523bdf16a36173de8bd704c528d358a1489721584d7d5c17dc1ef84e3a8aa,owned_gpu,gks,0.8,True,True,0.0001,15964312,1.285940855306455,GCC14.3 (pinned native cache/build flags in campaign),,335de48e2884173d53037dbd36529d88197ea9b44318d4b55aff50128cae19bc,complete-object-api-v1,False,"{""setup_s"": {""max"": 0.565804685, ""median"": 0.565272921, ""min"": 0.55942786, ""spread"": 1.0113988334438688}, ""solve_api_s"": {""max"": 0.111056915, ""median"": 0.110732828, ""min"": 0.108574855, ""spread"": 1.0228603574925337}, ""total_s"": {""max"": 0.676537513, ""median"": 0.673847776, ""min"": 0.670484775, ""spread"": 1.0090274055812825}}"
suitesparse,as-Skitter,gpu,hypre_boomeramg_gpu,,72,,complete,1696415,23887011,2.225308,0.3176763,2.542984,38,8.139644e-09,8.1396435e-09,0.9378,1,3,2,2146.7,,,logical_cell,,ea01e2ff32b171d94ae8c048436df98203a0fc67,b09f022854a0d41cc5d07fa78abec4c0eb1b587cb6c00b843afbd7c38e3c80f5,,,,,,,,0.0,clang,,,explicit-warmup-v1,,
suitesparse,as-Skitter,gpu,hypre_boomeramg_gpu,cut,72,,complete,1696415,23887011,2.281801,0.3250139,2.606815,38,8.139644e-09,8.1396435e-09,0.5612,1,3,2,2551.0,,,logical_cell,,ea01e2ff32b171d94ae8c048436df98203a0fc67,b09f022854a0d41cc5d07fa78abec4c0eb1b587cb6c00b843afbd7c38e3c80f5,,,,,,,,0.0,clang,,,explicit-warmup-v1,,
suitesparse,as-Skitter,gpu,parac_graph,,72,,complete,1696415,23887011,49.693283022247314,1.48594,51.179223022247314,21,4.4860790034056035e-09,4.5708871469976905e-09,0.700784,1,3,1,3464.25,,,,,280b7ee0087c47d1a5101787312dd7574acdfee0,,,,,,,,,,,,,,,
suitesparse,as-Skitter,gpu,parac_physics,,72,,complete,1696415,23887011,46.84614394856262,1.41992,48.26606394856262,20,3.965413494974422e-09,3.965413494974422e-09,0.701225,1,3,3,3511.3125,,,,,8827024f79d2cd40e3e162faf5ada0fcc5943af6,18633bf80732fc978eba537b27ca096be8d2381e45bdef13c29774c1c6943c1b,,,,,,,,,,,,,,
suitesparse,coAuthorsDBLP,cpu,ac,,72,1,complete,299067,2254419,0.514954394,0.262272957,0.777227351,20,5.692675678954645e-09,5.692675678954645e-09,,1,3,1,1300.8125,,,,,17fbacec7886eda3545bde4dc3426d992f7a4af2,,,,,,,,,,julia,,,,,
suitesparse,coAuthorsDBLP,cpu,ac2,,72,1,complete,299067,2254419,1.380203366,0.241492088,1.621695454,17,6.49265896704568e-09,6.49265896704568e-09,,1,3,1,1490.8125,,,,,17fbacec7886eda3545bde4dc3426d992f7a4af2,,,,,,,,,,julia,,,,,
suitesparse,coAuthorsDBLP,cpu,amgcl,,72,,complete,299067,2254419,0.4029867,0.1879922,0.5909789,102,8.575697e-09,8.575696756e-09,,1,3,3,1800.4,,,logical_cell,,ea01e2ff32b171d94ae8c048436df98203a0fc67,5942a0926b4d1a67dcd8fd6985633b0f834f734ee4a6c1285fb88db959bac8c7,,,,,,,,0.0,clang,,,explicit-warmup-v1,,
suitesparse,coAuthorsDBLP,cpu,apxchol_v1,bg+trace_cycle[vec_pool_aos],72,,complete,299067,2254419,0.123844823,0.018230024,0.142074847,16,6.089673102686405e-09,6.089673102686405e-09,,1,3,1,108.0,,,,,f17b98eca1d46cde68ffe1555e5284f225745567,d7960e301d068b7d8a70ddeca2e0402da1025c43dac7599b16f02f4201d00067,cpu_cpu,trace_cycle,0.2,False,False,0.0001,2145714,1.8888128582475177,Clang22.1.8/llvm-libomp,unset,683ba7cb0bc7693fecd9a62a74082f2fc08e238426ad451a54af4166b4a31042,complete-object-api-v1,False,"{""setup_s"": {""max"": 0.125989393, ""median"": 0.123844823, ""min"": 0.119970839, ""spread"": 1.050166807618975}, ""solve_api_s"": {""max"": 0.018230024, ""median"": 0.018112012, ""min"": 0.018089868, ""spread"": 1.0077477624491236}, ""total_s"": {""max"": 0.14410140500000002, ""median"": 0.142074847, ""min"": 0.138060707, ""spread"": 1.043753926307215}}"
suitesparse,coAuthorsDBLP,cpu,apxchol_v1,bg+tree[vec_pool_aos],72,,complete,299067,2254419,0.091870515,0.029807052,0.121677567,26,5.533378827041949e-09,5.533378827041949e-09,,1,3,3,108.0,,,,,f17b98eca1d46cde68ffe1555e5284f225745567,d7960e301d068b7d8a70ddeca2e0402da1025c43dac7599b16f02f4201d00067,cpu_cpu,gks,0.2,False,False,0.0001,1961191,1.7000765079637834,Clang22.1.8/llvm-libomp,unset,683ba7cb0bc7693fecd9a62a74082f2fc08e238426ad451a54af4166b4a31042,complete-object-api-v1,True,"{""setup_s"": {""max"": 0.0920827, ""median"": 0.091870515, ""min"": 0.091807509, ""spread"": 1.0029974781256727}, ""solve_api_s"": {""max"": 0.032657998, ""median"": 0.029807052, ""min"": 0.027340893, ""spread"": 1.194474445293356}, ""total_s"": {""max"": 0.124465507, ""median"": 0.121677567, ""min"": 0.11942359300000001, ""spread"": 1.0422187431590673}}"
suitesparse,coAuthorsDBLP,cpu,cmg_packed,original-operator,72,1,complete,299067,2254419,0.35786392,1.5430716469999999,1.9009355669999999,37,9.155584508266847e-09,9.155584508266899e-09,,1,3,2,310.5625,,,logical_cell,,67750bb65e4e872acb408f2467759e75c70fe5b6,42ca4826ba0a67a64f0ae3a36a9c36fa7a9ef8a598328415b22b587f242fe9e5,,,,,,,,,,,,,,
suitesparse,coAuthorsDBLP,cpu,hypre_boomeramg,,72,,complete,299067,2254419,0.7032456,0.1019071,0.8051527,16,9.086754e-09,9.086754134e-09,,1,3,2,233.2,,,logical_cell,,ea01e2ff32b171d94ae8c048436df98203a0fc67,5942a0926b4d1a67dcd8fd6985633b0f834f734ee4a6c1285fb88db959bac8c7,,,,,,,,0.0,clang,,,explicit-warmup-v1,,
suitesparse,coAuthorsDBLP,cpu,hypre_boomeramg,cut,72,,complete,299067,2254419,0.425011,0.1984648,0.6234758,33,7.051751e-09,7.051750969e-09,,1,3,2,300.8,,,logical_cell,,ea01e2ff32b171d94ae8c048436df98203a0fc67,5942a0926b4d1a67dcd8fd6985633b0f834f734ee4a6c1285fb88db959bac8c7,,,,,,,,0.0,clang,,,explicit-warmup-v1,,
suitesparse,coAuthorsDBLP,cpu,parac,,72,,complete,299067,2254419,4.262455397827148,0.234,4.496455397827148,25,2.7111082910926375e-09,3.554934365105737e-09,,1,3,3,709.1875,,,,,280b7ee0087c47d1a5101787312dd7574acdfee0,,,,,,,,,,,,,,,
suitesparse,coAuthorsDBLP,cpu,parac_physics,,72,,complete,299067,2254419,3.9760835920654296,0.225,4.201083592065429,24,3.498143595253609e-09,4.115468320663666e-09,,1,3,3,682.125,,,,,8827024f79d2cd40e3e162faf5ada0fcc5943af6,94a4cc3e26ca031ffa01df5a4e26fe788d9e60a5b0bc0e4f2cdf58a9912b0bf1,,,,,,,,,,,,,,
suitesparse,coAuthorsDBLP,cpu,rchol,,72,,complete,299067,2254419,1.174977,1.838519,3.013497,98,9.592726e-09,9.592725581e-09,,1,3,3,509.2,,,logical_cell,,fa329b5ac757bab0aeb36cfc7f6ec14ff15bdc9b,c4e6202ab92260ec4c8b8aec659fd9772582676157cff6edd8eaff158f194968,,,,,,,,3.2144,clang,,,explicit-warmup-v1,,
suitesparse,coAuthorsDBLP,cpu,rchol_par,,72,,failed,,,,,,,,,,1,,,347.8,,,logical_cell,,fa329b5ac757bab0aeb36cfc7f6ec14ff15bdc9b,c4e6202ab92260ec4c8b8aec659fd9772582676157cff6edd8eaff158f194968,,,,,,,,,clang,,,explicit-warmup-v1,,
suitesparse,coAuthorsDBLP,gpu,amgcl_cuda,,72,,complete,299067,2254419,0.3961862,0.07990742,0.4760936,102,8.575697e-09,8.575696762e-09,0.5777,1,3,3,2146.5,,,logical_cell,,ea01e2ff32b171d94ae8c048436df98203a0fc67,b09f022854a0d41cc5d07fa78abec4c0eb1b587cb6c00b843afbd7c38e3c80f5,,,,,,,,0.0,clang,,,explicit-warmup-v1,,
suitesparse,coAuthorsDBLP,gpu,apxchol_v1,bg+tree/gpu-owned-q02[vec_pool_aos],72,,complete,299067,2254419,0.325953278,0.035523249,0.361476527,24,5.119706375825843e-09,5.119706375825843e-09,,1,3,3,197.1875,,,,,c94a94a1dee6070947be21e08171210131d9cdd8,d25523bdf16a36173de8bd704c528d358a1489721584d7d5c17dc1ef84e3a8aa,owned_gpu_q02,gks,0.2,True,True,0.0001,1945139,1.683657980762543,GCC14.3 (pinned native cache/build flags in campaign),,335de48e2884173d53037dbd36529d88197ea9b44318d4b55aff50128cae19bc,complete-object-api-v1,False,"{""setup_s"": {""max"": 0.32617772, ""median"": 0.325953278, ""min"": 0.325415086, ""spread"": 1.002343572971291}, ""solve_api_s"": {""max"": 0.035537201, ""median"": 0.035523249, ""min"": 0.035513746, ""spread"": 1.000660448492254}, ""total_s"": {""max"": 0.361691466, ""median"": 0.361476527, ""min"": 0.36095228700000004, ""spread"": 1.0020478579209002}}"
suitesparse,coAuthorsDBLP,gpu,apxchol_v1,bg+tree/gpu-owned-q08[vec_pool_aos],72,,complete,299067,2254419,0.15753282700000001,0.024828213,0.18236104,32,6.359900083272628e-09,6.359900083272628e-09,,1,3,3,196.875,,,,,c94a94a1dee6070947be21e08171210131d9cdd8,d25523bdf16a36173de8bd704c528d358a1489721584d7d5c17dc1ef84e3a8aa,owned_gpu,gks,0.8,True,True,0.0001,1780440,1.515198286548918,GCC14.3 (pinned native cache/build flags in campaign),,335de48e2884173d53037dbd36529d88197ea9b44318d4b55aff50128cae19bc,complete-object-api-v1,False,"{""setup_s"": {""max"": 0.158025006, ""median"": 0.157538427, ""min"": 0.15753282700000001, ""spread"": 1.0031242948493522}, ""solve_api_s"": {""max"": 0.024828213, ""median"": 0.024667161, ""min"": 0.024615802, ""spread"": 1.0086290505586615}, ""total_s"": {""max"": 0.182640808, ""median"": 0.18236104, ""min"": 0.182205588, ""spread"": 1.0023886204851191}}"
suitesparse,coAuthorsDBLP,gpu,hypre_boomeramg_gpu,,72,,complete,299067,2254419,0.1192116,0.01616542,0.135377,23,8.526242e-09,8.526241708e-09,0.5706,1,3,2,578.8,,,logical_cell,,ea01e2ff32b171d94ae8c048436df98203a0fc67,b09f022854a0d41cc5d07fa78abec4c0eb1b587cb6c00b843afbd7c38e3c80f5,,,,,,,,0.0,clang,,,explicit-warmup-v1,,
suitesparse,coAuthorsDBLP,gpu,hypre_boomeramg_gpu,cut,72,,complete,299067,2254419,0.1201247,0.01622047,0.1363451,23,8.526242e-09,8.526241708e-09,0.5651,1,3,2,579.0,,,logical_cell,,ea01e2ff32b171d94ae8c048436df98203a0fc67,b09f022854a0d41cc5d07fa78abec4c0eb1b587cb6c00b843afbd7c38e3c80f5,,,,,,,,0.0,clang,,,explicit-warmup-v1,,
suitesparse,coAuthorsDBLP,gpu,parac_graph,,72,,complete,299067,2254419,4.379544732714844,0.0879667,4.4675114327148435,24,4.075594801345266e-09,4.996999740053278e-09,0.558311,1,3,3,672.5,,,,,280b7ee0087c47d1a5101787312dd7574acdfee0,,,,,,,,,,,,,,,
suitesparse,coAuthorsDBLP,gpu,parac_physics,,72,,complete,299067,2254419,3.9898796652984623,0.0922132,4.0820928652984625,26,3.398999365910483e-09,4.248779568373658e-09,0.551045,1,3,2,719.9375,,,,,8827024f79d2cd40e3e162faf5ada0fcc5943af6,18633bf80732fc978eba537b27ca096be8d2381e45bdef13c29774c1c6943c1b,,,,,,,,,,,,,,
suitesparse,coPapersDBLP,cpu,ac,,72,1,complete,540486,31031944,12.562958369,2.078920735,14.641879104000001,19,9.458282941160822e-09,9.458282941160822e-09,,1,3,2,5594.0,,,,,17fbacec7886eda3545bde4dc3426d992f7a4af2,,,,,,,,,,julia,,,,,
suitesparse,coPapersDBLP,cpu,ac2,,72,1,complete,540486,31031944,23.200849867,1.924368538,25.125218405,15,4.880745551707635e-09,4.880745551707635e-09,,1,3,3,7915.0625,,,,,17fbacec7886eda3545bde4dc3426d992f7a4af2,,,,,,,,,,julia,,,,,
suitesparse,coPapersDBLP,cpu,amgcl,,72,,complete,540486,31031944,0.6755144,1.232858,1.908372,174,9.59527e-09,9.595269576e-09,,1,3,2,2471.8,,,logical_cell,,ea01e2ff32b171d94ae8c048436df98203a0fc67,5942a0926b4d1a67dcd8fd6985633b0f834f734ee4a6c1285fb88db959bac8c7,,,,,,,,0.0,clang,,,explicit-warmup-v1,,
suitesparse,coPapersDBLP,cpu,apxchol_v1,bg+trace_cycle[vec_pool_aos],72,,complete,540486,31031944,0.64234913,0.15777168,0.80012081,20,9.538443822502542e-09,9.538443822502542e-09,,1,3,2,1404.0,,,,,f17b98eca1d46cde68ffe1555e5284f225745567,d7960e301d068b7d8a70ddeca2e0402da1025c43dac7599b16f02f4201d00067,cpu_cpu,trace_cycle,0.2,False,False,0.0001,20192229,1.2889998897396118,Clang22.1.8/llvm-libomp,unset,683ba7cb0bc7693fecd9a62a74082f2fc08e238426ad451a54af4166b4a31042,complete-object-api-v1,False,"{""setup_s"": {""max"": 0.649751511, ""median"": 0.642934487, ""min"": 0.64234913, ""spread"": 1.0115239215782854}, ""solve_api_s"": {""max"": 0.157831517, ""median"": 0.15777168, ""min"": 0.153953948, ""spread"": 1.0251865512406346}, ""total_s"": {""max"": 0.8075830279999999, ""median"": 0.80012081, ""min"": 0.7968884350000001, ""spread"": 1.0134204394621436}}"
suitesparse,coPapersDBLP,cpu,apxchol_v1,bg+tree[vec_pool_aos],72,,complete,540486,31031944,0.554260281,0.271324748,0.825585029,37,7.549300780583682e-09,7.549300780583682e-09,,1,3,1,1404.0,,,,,f17b98eca1d46cde68ffe1555e5284f225745567,d7960e301d068b7d8a70ddeca2e0402da1025c43dac7599b16f02f4201d00067,cpu_cpu,gks,0.2,False,False,0.0001,19755055,1.2603247112683165,Clang22.1.8/llvm-libomp,unset,683ba7cb0bc7693fecd9a62a74082f2fc08e238426ad451a54af4166b4a31042,complete-object-api-v1,False,"{""setup_s"": {""max"": 0.556600172, ""median"": 0.554260281, ""min"": 0.551415798, ""spread"": 1.00940193229647}, ""solve_api_s"": {""max"": 0.271324748, ""median"": 0.270175025, ""min"": 0.263010365, ""spread"": 1.031612377709905}, ""total_s"": {""max"": 0.826775197, ""median"": 0.825585029, ""min"": 0.814426163, ""spread"": 1.0151628650466131}}"
suitesparse,coPapersDBLP,cpu,cmg_packed,original-operator,72,1,complete,540486,31031944,8.807891109000002,22.488149842,31.296040951,56,8.589546535198211e-09,8.589546535198216e-09,,1,3,2,5155.5,,,logical_cell,,67750bb65e4e872acb408f2467759e75c70fe5b6,42ca4826ba0a67a64f0ae3a36a9c36fa7a9ef8a598328415b22b587f242fe9e5,,,,,,,,,,,,,,
suitesparse,coPapersDBLP,cpu,hypre_boomeramg,,72,,complete,540486,31031944,9.333139,0.1587723,9.491911,21,7.977647e-09,7.9776473e-09,,1,3,2,2500.1,,,logical_cell,,ea01e2ff32b171d94ae8c048436df98203a0fc67,5942a0926b4d1a67dcd8fd6985633b0f834f734ee4a6c1285fb88db959bac8c7,,,,,,,,0.0,clang,,,explicit-warmup-v1,,
suitesparse,coPapersDBLP,cpu,hypre_boomeramg,cut,72,,complete,540486,31031944,8.409961,0.2626217,8.672582,35,6.202773e-09,6.202773437e-09,,1,3,2,2465.3,,,logical_cell,,ea01e2ff32b171d94ae8c048436df98203a0fc67,5942a0926b4d1a67dcd8fd6985633b0f834f734ee4a6c1285fb88db959bac8c7,,,,,,,,0.0,clang,,,explicit-warmup-v1,,
suitesparse,coPapersDBLP,cpu,parac,,72,,complete,540486,31031944,38.15429904464722,2.064,40.21829904464722,24,2.5969354933953013e-09,3.595626811875312e-09,,1,3,1,8840.375,,,,,280b7ee0087c47d1a5101787312dd7574acdfee0,,,,,,,,,,,,,,,
suitesparse,coPapersDBLP,cpu,parac_physics,,72,,complete,540486,31031944,36.152130903884895,1.931,38.08313090388489,22,3.4484980027155128e-09,4.142425114767492e-09,,1,3,1,9004.5625,,,,,8827024f79d2cd40e3e162faf5ada0fcc5943af6,94a4cc3e26ca031ffa01df5a4e26fe788d9e60a5b0bc0e4f2cdf58a9912b0bf1,,,,,,,,,,,,,,
suitesparse,coPapersDBLP,cpu,rchol,,72,,complete,540486,31031944,8.89075,8.740881,17.63163,51,9.634513e-09,9.634513345e-09,,1,3,2,4379.8,,,logical_cell,,fa329b5ac757bab0aeb36cfc7f6ec14ff15bdc9b,c4e6202ab92260ec4c8b8aec659fd9772582676157cff6edd8eaff158f194968,,,,,,,,2.312,clang,,,explicit-warmup-v1,,
suitesparse,coPapersDBLP,cpu,rchol_par,,72,64,complete,540486,31031944,8.569556,5.987977,14.55753,53,8.78911e-09,8.78911011e-09,,1,3,3,5219.4,,,logical_cell,,fa329b5ac757bab0aeb36cfc7f6ec14ff15bdc9b,c4e6202ab92260ec4c8b8aec659fd9772582676157cff6edd8eaff158f194968,,,,,,,,2.3025,clang,,,explicit-warmup-v1,,
suitesparse,coPapersDBLP,gpu,amgcl_cuda,,72,,complete,540486,31031944,0.6148133,0.261147,0.8759603,174,9.59527e-09,9.595269566e-09,0.5545,1,3,3,2805.5,,,logical_cell,,ea01e2ff32b171d94ae8c048436df98203a0fc67,b09f022854a0d41cc5d07fa78abec4c0eb1b587cb6c00b843afbd7c38e3c80f5,,,,,,,,0.0,clang,,,explicit-warmup-v1,,
suitesparse,coPapersDBLP,gpu,apxchol_v1,bg+tree/gpu-owned-q02[vec_pool_aos],72,,complete,540486,31031944,1.23629115,0.095424483,1.331715633,31,6.784833287915637e-09,6.784833287915637e-09,,1,3,2,1512.0,,,,,c94a94a1dee6070947be21e08171210131d9cdd8,d25523bdf16a36173de8bd704c528d358a1489721584d7d5c17dc1ef84e3a8aa,owned_gpu_q02,gks,0.2,True,True,0.0001,18506051,1.17839986529998,GCC14.3 (pinned native cache/build flags in campaign),,335de48e2884173d53037dbd36529d88197ea9b44318d4b55aff50128cae19bc,complete-object-api-v1,False,"{""setup_s"": {""max"": 1.242497202, ""median"": 1.23629115, ""min"": 1.228504567, ""spread"": 1.011389973937313}, ""solve_api_s"": {""max"": 0.096415014, ""median"": 0.095787193, ""min"": 0.095424483, ""spread"": 1.010380260587841}, ""total_s"": {""max"": 1.338284395, ""median"": 1.331715633, ""min"": 1.324919581, ""spread"": 1.0100872643077043}}"
suitesparse,coPapersDBLP,gpu,apxchol_v1,bg+tree/gpu-owned-q08[vec_pool_aos],72,,complete,540486,31031944,0.8527601029999999,0.121036845,0.9737969479999999,41,7.048137599180601e-09,7.048137599180601e-09,,1,3,2,1512.0,,,,,c94a94a1dee6070947be21e08171210131d9cdd8,d25523bdf16a36173de8bd704c528d358a1489721584d7d5c17dc1ef84e3a8aa,owned_gpu,gks,0.8,True,True,0.0001,16360516,1.0376696319342946,GCC14.3 (pinned native cache/build flags in campaign),,335de48e2884173d53037dbd36529d88197ea9b44318d4b55aff50128cae19bc,complete-object-api-v1,False,"{""setup_s"": {""max"": 0.854599447, ""median"": 0.8527601029999999, ""min"": 0.849765591, ""spread"": 1.0056884581479835}, ""solve_api_s"": {""max"": 0.121824056, ""median"": 0.12118276, ""min"": 0.121036845, ""spread"": 1.0065038955699812}, ""total_s"": {""max"": 0.976423503, ""median"": 0.9737969479999999, ""min"": 0.9709483510000001, ""spread"": 1.0056389734782092}}"
suitesparse,coPapersDBLP,gpu,hypre_boomeramg_gpu,,72,,complete,540486,31031944,0.5441997,0.03571141,0.5799111,33,6.871332e-09,7.683917305e-09,0.5525,1,3,3,2785.5,,,logical_cell,,ea01e2ff32b171d94ae8c048436df98203a0fc67,b09f022854a0d41cc5d07fa78abec4c0eb1b587cb6c00b843afbd7c38e3c80f5,,,,,,,,0.0,clang,,,explicit-warmup-v1,,
suitesparse,coPapersDBLP,gpu,hypre_boomeramg_gpu,cut,72,,complete,540486,31031944,0.5460477,0.03589991,0.5819476,33,7.683917e-09,7.683917305e-09,0.5672999999999999,1,3,1,2793.4,,,logical_cell,,ea01e2ff32b171d94ae8c048436df98203a0fc67,b09f022854a0d41cc5d07fa78abec4c0eb1b587cb6c00b843afbd7c38e3c80f5,,,,,,,,0.0,clang,,,explicit-warmup-v1,,
suitesparse,coPapersDBLP,gpu,parac_graph,,72,,complete,540486,31031944,40.34233585223389,0.472901,40.81523685223389,22,2.625851870244574e-09,3.823402737961848e-09,0.704846,1,3,1,4283.3125,,,,,280b7ee0087c47d1a5101787312dd7574acdfee0,,,,,,,,,,,,,,,
suitesparse,coPapersDBLP,gpu,parac_physics,,72,,complete,540486,31031944,39.172661963027956,0.457049,39.629710963027954,21,3.6903576476438225e-09,4.6460465087892785e-09,0.712329,1,3,3,4355.875,,,,,8827024f79d2cd40e3e162faf5ada0fcc5943af6,18633bf80732fc978eba537b27ca096be8d2381e45bdef13c29774c1c6943c1b,,,,,,,,,,,,,,
suitesparse,com-Amazon,cpu,ac,,72,1,complete,334863,2186607,0.560115829,0.67198801,1.232103839,29,9.879871093478606e-09,9.879871093478606e-09,,1,3,1,1252.625,,,,,17fbacec7886eda3545bde4dc3426d992f7a4af2,,,,,,,,,,julia,,,,,
suitesparse,com-Amazon,cpu,ac2,,72,1,complete,334863,2186607,1.433984317,0.406820913,1.84080523,24,8.959478399456244e-09,8.959478399456244e-09,,1,3,3,1459.8125,,,,,17fbacec7886eda3545bde4dc3426d992f7a4af2,,,,,,,,,,julia,,,,,
suitesparse,com-Amazon,cpu,amgcl,,72,,complete,334863,2186607,0.2884106,0.1155597,0.4039703,74,9.773298e-09,9.773297614e-09,,1,3,1,852.2,,,logical_cell,,ea01e2ff32b171d94ae8c048436df98203a0fc67,5942a0926b4d1a67dcd8fd6985633b0f834f734ee4a6c1285fb88db959bac8c7,,,,,,,,0.0,clang,,,explicit-warmup-v1,,
suitesparse,com-Amazon,cpu,apxchol_v1,bg+trace_cycle[vec_pool_aos],72,,complete,334863,2186607,0.096707656,0.018977952,0.115685608,19,5.068147034137549e-09,5.068147034137549e-09,,1,3,1,108.0,,,,,f17b98eca1d46cde68ffe1555e5284f225745567,d7960e301d068b7d8a70ddeca2e0402da1025c43dac7599b16f02f4201d00067,cpu_cpu,trace_cycle,0.2,False,False,0.0001,2260653,2.079974337705428,Clang22.1.8/llvm-libomp,unset,683ba7cb0bc7693fecd9a62a74082f2fc08e238426ad451a54af4166b4a31042,complete-object-api-v1,False,"{""setup_s"": {""max"": 0.097563855, ""median"": 0.096778118, ""min"": 0.096707656, ""spread"": 1.0088534769160364}, ""solve_api_s"": {""max"": 0.018977952, ""median"": 0.018764871, ""min"": 0.018576044, ""spread"": 1.0216358229986966}, ""total_s"": {""max"": 0.116139899, ""median"": 0.115685608, ""min"": 0.115542989, ""spread"": 1.0051661291192666}}"
suitesparse,com-Amazon,cpu,apxchol_v1,bg+tree[vec_pool_aos],72,,complete,334863,2186607,0.067124619,0.026018026,0.093142645,33,9.423941605918396e-09,9.423941605918396e-09,,1,3,2,108.0,,,,,f17b98eca1d46cde68ffe1555e5284f225745567,d7960e301d068b7d8a70ddeca2e0402da1025c43dac7599b16f02f4201d00067,cpu_cpu,gks,0.2,False,False,0.0001,1961658,1.7570409300637668,Clang22.1.8/llvm-libomp,unset,683ba7cb0bc7693fecd9a62a74082f2fc08e238426ad451a54af4166b4a31042,complete-object-api-v1,False,"{""setup_s"": {""max"": 0.070624256, ""median"": 0.067124619, ""min"": 0.0666822, ""spread"": 1.0591170657236864}, ""solve_api_s"": {""max"": 0.026311169, ""median"": 0.026233668, ""min"": 0.026018026, ""spread"": 1.0112669193273924}, ""total_s"": {""max"": 0.096857924, ""median"": 0.093142645, ""min"": 0.09299336899999999, ""spread"": 1.0415573179201627}}"
suitesparse,com-Amazon,cpu,cmg_packed,original-operator,72,1,complete,334863,2186607,0.444838498,1.597946741,2.042785239,27,9.260025403233474e-09,9.260025403233497e-09,,1,3,3,307.25,,,logical_cell,,67750bb65e4e872acb408f2467759e75c70fe5b6,42ca4826ba0a67a64f0ae3a36a9c36fa7a9ef8a598328415b22b587f242fe9e5,,,,,,,,,,,,,,
suitesparse,com-Amazon,cpu,hypre_boomeramg,,72,,complete,334863,2186607,0.4476529,0.04007296,0.4877259,14,6.493733e-09,6.493732879e-09,,1,3,2,232.1,,,logical_cell,,ea01e2ff32b171d94ae8c048436df98203a0fc67,5942a0926b4d1a67dcd8fd6985633b0f834f734ee4a6c1285fb88db959bac8c7,,,,,,,,0.0,clang,,,explicit-warmup-v1,,
suitesparse,com-Amazon,cpu,hypre_boomeramg,cut,72,,complete,334863,2186607,0.3883108,0.2532717,0.6415824,50,6.863699e-09,6.86369894e-09,,1,3,1,245.5,,,logical_cell,,ea01e2ff32b171d94ae8c048436df98203a0fc67,5942a0926b4d1a67dcd8fd6985633b0f834f734ee4a6c1285fb88db959bac8c7,,,,,,,,0.0,clang,,,explicit-warmup-v1,,
suitesparse,com-Amazon,cpu,parac,,72,,complete,334863,2186607,4.354127578088379,0.273,4.627127578088379,30,2.7385935614008935e-09,4.059644734633939e-09,,1,3,2,648.0,,,,,280b7ee0087c47d1a5101787312dd7574acdfee0,,,,,,,,,,,,,,,
suitesparse,com-Amazon,cpu,parac_physics,,72,,complete,334863,2186607,4.032422523458862,0.272,4.304422523458863,30,4.037874892363599e-09,5.128049904765063e-09,,1,3,2,681.875,,,,,8827024f79d2cd40e3e162faf5ada0fcc5943af6,94a4cc3e26ca031ffa01df5a4e26fe788d9e60a5b0bc0e4f2cdf58a9912b0bf1,,,,,,,,,,,,,,
suitesparse,com-Amazon,cpu,rchol,,72,,complete,334863,2186607,1.250054962,1.756671721,3.006726683,95,9.758713242003321e-09,9.758713242003321e-09,,1,3,1,503.1875,,,logical_cell,,6a8244eaab178d659364f16919362bacda79a601,12000d30c662d98c8a063d2e2c78bd0aef1184e0a6c79d2c9d4a32283b87200c,,,,,,,,2.9187,clang,,,explicit-warmup-v1,,
suitesparse,com-Amazon,cpu,rchol_par,,72,64,complete,334863,2186607,1.678816,1.075291,2.754108,78,8.863406e-09,9.525129066e-09,,1,3,2,371.0,,,logical_cell,,fa329b5ac757bab0aeb36cfc7f6ec14ff15bdc9b,c4e6202ab92260ec4c8b8aec659fd9772582676157cff6edd8eaff158f194968,,,,,,,,2.3159,clang,,,explicit-warmup-v1,,
suitesparse,com-Amazon,gpu,amgcl_cuda,,72,,complete,334863,2186607,0.266055,0.05465102,0.320706,74,9.773298e-09,9.773297612e-09,0.5651,1,3,1,1130.7,,,logical_cell,,ea01e2ff32b171d94ae8c048436df98203a0fc67,b09f022854a0d41cc5d07fa78abec4c0eb1b587cb6c00b843afbd7c38e3c80f5,,,,,,,,0.0,clang,,,explicit-warmup-v1,,
suitesparse,com-Amazon,gpu,apxchol_v1,bg+tree/gpu-owned-q02[vec_pool_aos],72,,complete,334863,2186607,0.213507709,0.033564013,0.247071722,34,7.564982501845979e-09,7.564982501845979e-09,,1,3,1,196.75,,,,,c94a94a1dee6070947be21e08171210131d9cdd8,d25523bdf16a36173de8bd704c528d358a1489721584d7d5c17dc1ef84e3a8aa,owned_gpu_q02,gks,0.2,True,True,0.0001,1959133,1.7543137712340366,GCC14.3 (pinned native cache/build flags in campaign),,335de48e2884173d53037dbd36529d88197ea9b44318d4b55aff50128cae19bc,complete-object-api-v1,False,"{""setup_s"": {""max"": 0.215232841, ""median"": 0.213507709, ""min"": 0.212079401, ""spread"": 1.0148691479942458}, ""solve_api_s"": {""max"": 0.033676649, ""median"": 0.033564013, ""min"": 0.033538733, ""spread"": 1.0041121410281062}, ""total_s"": {""max"": 0.248771574, ""median"": 0.247071722, ""min"": 0.24575605, ""spread"": 1.012270395784763}}"
suitesparse,com-Amazon,gpu,apxchol_v1,bg+tree/gpu-owned-q08[vec_pool_aos],72,,complete,334863,2186607,0.173973292,0.031409256,0.205382548,35,6.134469732600744e-09,6.134469732600744e-09,,1,3,1,196.5,,,,,c94a94a1dee6070947be21e08171210131d9cdd8,d25523bdf16a36173de8bd704c528d358a1489721584d7d5c17dc1ef84e3a8aa,owned_gpu,gks,0.8,True,True,0.0001,1962599,1.7580572692553615,GCC14.3 (pinned native cache/build flags in campaign),,335de48e2884173d53037dbd36529d88197ea9b44318d4b55aff50128cae19bc,complete-object-api-v1,False,"{""setup_s"": {""max"": 0.179649399, ""median"": 0.17402288999999999, ""min"": 0.173973292, ""spread"": 1.03262631254917}, ""solve_api_s"": {""max"": 0.031733504, ""median"": 0.031409256, ""min"": 0.031189358, ""spread"": 1.0174465277547553}, ""total_s"": {""max"": 0.21138290299999998, ""median"": 0.205382548, ""min"": 0.20521224799999999, ""spread"": 1.030069623329695}}"
suitesparse,com-Amazon,gpu,hypre_boomeramg_gpu,,72,,complete,334863,2186607,0.1152179,0.01215131,0.1273692,16,8.840211e-09,8.840211342e-09,0.571,1,3,2,578.0,,,logical_cell,,ea01e2ff32b171d94ae8c048436df98203a0fc67,b09f022854a0d41cc5d07fa78abec4c0eb1b587cb6c00b843afbd7c38e3c80f5,,,,,,,,0.0,clang,,,explicit-warmup-v1,,
suitesparse,com-Amazon,gpu,hypre_boomeramg_gpu,cut,72,,complete,334863,2186607,0.1155085,0.01239421,0.1279027,16,8.840211e-09,8.840211342e-09,0.5754,1,3,2,585.6,,,logical_cell,,ea01e2ff32b171d94ae8c048436df98203a0fc67,b09f022854a0d41cc5d07fa78abec4c0eb1b587cb6c00b843afbd7c38e3c80f5,,,,,,,,0.0,clang,,,explicit-warmup-v1,,
suitesparse,com-Amazon,gpu,parac_graph,,72,,complete,334863,2186607,4.056667599945068,0.0970997,4.153767299945068,33,2.9928073345825587e-09,2.9928073345825587e-09,0.553655,1,3,1,647.8125,,,,,280b7ee0087c47d1a5101787312dd7574acdfee0,,,,,,,,,,,,,,,
suitesparse,com-Amazon,gpu,parac_physics,,72,,complete,334863,2186607,3.8917648246887206,0.101786,3.993550824688721,36,3.423260989304258e-09,3.423260989304258e-09,0.522321,1,3,3,684.0,,,,,8827024f79d2cd40e3e162faf5ada0fcc5943af6,551ecf4dfd2ee6b07f1be0a7ce8d6a8c9e9a8530b329cb7f1b2aea2e42742006,,,,,,,,,,,,,,
suitesparse,com-LiveJournal,cpu,ac,,72,1,complete,3997962,73360340,87.283470301,16.891958191,104.175428492,22,6.882357260319659e-09,6.882357260319659e-09,,1,3,3,14925.0625,,,,,17fbacec7886eda3545bde4dc3426d992f7a4af2,,,,,,,,,,julia,,,,,
suitesparse,com-LiveJournal,cpu,ac2,,72,1,complete,3997962,73360340,158.28126636,17.592934029,175.87420038899998,17,6.626480237772003e-09,6.626480237772003e-09,,1,3,3,20571.625,,,,,17fbacec7886eda3545bde4dc3426d992f7a4af2,,,,,,,,,,julia,,,,,
suitesparse,com-LiveJournal,cpu,amgcl,,72,,complete,3997962,73360340,39.35899,44.38486,83.74385,431,9.743282e-09,9.743281818e-09,,1,3,2,66112.5,,,logical_cell,,ea01e2ff32b171d94ae8c048436df98203a0fc67,5942a0926b4d1a67dcd8fd6985633b0f834f734ee4a6c1285fb88db959bac8c7,,,,,,,,0.0,clang,,,explicit-warmup-v1,,
suitesparse,com-LiveJournal,cpu,apxchol_v1,bg+trace_cycle[vec_pool_aos],72,,complete,3997962,73360340,3.737839879,0.999564975,4.737404854,18,7.3648069438150736e-09,7.3648069438150736e-09,,1,3,1,4321.9375,,,,,f17b98eca1d46cde68ffe1555e5284f225745567,d7960e301d068b7d8a70ddeca2e0402da1025c43dac7599b16f02f4201d00067,cpu_cpu,trace_cycle,0.2,False,False,0.0001,92005090,2.5376041173213526,Clang22.1.8/llvm-libomp,unset,683ba7cb0bc7693fecd9a62a74082f2fc08e238426ad451a54af4166b4a31042,complete-object-api-v1,True,"{""setup_s"": {""max"": 3.770068147, ""median"": 3.737839879, ""min"": 3.647147908, ""spread"": 1.0337031132547092}, ""solve_api_s"": {""max"": 1.171191323, ""median"": 0.999564975, ""min"": 0.986035631, ""spread"": 1.1877778917707285}, ""total_s"": {""max"": 4.94125947, ""median"": 4.737404854, ""min"": 4.633183539, ""spread"": 1.0664933578406206}}"
suitesparse,com-LiveJournal,cpu,apxchol_v1,bg+tree[vec_pool_aos],72,,complete,3997962,73360340,3.182536843,1.501266998,4.683803841,30,6.664806492698672e-09,6.664806492698672e-09,,1,3,2,3862.0625,,,,,f17b98eca1d46cde68ffe1555e5284f225745567,d7960e301d068b7d8a70ddeca2e0402da1025c43dac7599b16f02f4201d00067,cpu_cpu,gks,0.2,False,False,0.0001,86988391,2.3929522427849865,Clang22.1.8/llvm-libomp,unset,683ba7cb0bc7693fecd9a62a74082f2fc08e238426ad451a54af4166b4a31042,complete-object-api-v1,False,"{""setup_s"": {""max"": 3.304936805, ""median"": 3.182536843, ""min"": 3.06077317, ""spread"": 1.0797718816255828}, ""solve_api_s"": {""max"": 1.516564925, ""median"": 1.503054539, ""min"": 1.501266998, ""spread"": 1.0101900108510877}, ""total_s"": {""max"": 4.82150173, ""median"": 4.683803841, ""min"": 4.563827709, ""spread"": 1.0564600676076923}}"
suitesparse,com-LiveJournal,cpu,cmg_packed,original-operator,72,1,complete,3997962,73360340,56.454505372,204.81870705199998,261.273212424,118,9.679214112964644e-09,9.679214112964713e-09,,1,3,2,16869.75,,,logical_cell,,67750bb65e4e872acb408f2467759e75c70fe5b6,42ca4826ba0a67a64f0ae3a36a9c36fa7a9ef8a598328415b22b587f242fe9e5,,,,,,,,,,,,,,
suitesparse,com-LiveJournal,cpu,hypre_boomeramg,,72,,complete,3997962,73360340,142.6112,6.432946,149.0442,19,5.209194e-09,5.20919372e-09,,1,3,1,9835.4,,,logical_cell,,ea01e2ff32b171d94ae8c048436df98203a0fc67,5942a0926b4d1a67dcd8fd6985633b0f834f734ee4a6c1285fb88db959bac8c7,,,,,,,,0.0,clang,,,explicit-warmup-v1,,
suitesparse,com-LiveJournal,cpu,hypre_boomeramg,cut,72,,complete,3997962,73360340,23.60421,44.75756,68.36178,155,9.391595e-09,9.391594869e-09,,1,3,2,12528.9,,,logical_cell,,ea01e2ff32b171d94ae8c048436df98203a0fc67,5942a0926b4d1a67dcd8fd6985633b0f834f734ee4a6c1285fb88db959bac8c7,,,,,,,,0.0,clang,,,explicit-warmup-v1,,
suitesparse,com-LiveJournal,cpu,parac,,72,,complete,3997962,73360340,555.4654621160279,23.351,578.8164621160279,24,3.921845599437223e-09,3.921845599437223e-09,,1,3,3,23239.1875,,,,,280b7ee0087c47d1a5101787312dd7574acdfee0,,,,,,,,,,,,,,,
suitesparse,com-LiveJournal,cpu,parac_physics,,72,,complete,3997962,73360340,556.3499938759918,24.527,580.8769938759918,25,4.823640026697345e-09,4.823640026697345e-09,,1,3,3,25007.0,,,,,8827024f79d2cd40e3e162faf5ada0fcc5943af6,94a4cc3e26ca031ffa01df5a4e26fe788d9e60a5b0bc0e4f2cdf58a9912b0bf1,,,,,,,,,,,,,,
suitesparse,com-LiveJournal,cpu,rchol,,72,,timeout,,,,,,,,,,1,,,,,1500.0,logical_cell,,fa329b5ac757bab0aeb36cfc7f6ec14ff15bdc9b,c4e6202ab92260ec4c8b8aec659fd9772582676157cff6edd8eaff158f194968,,,,,,,,,clang,,,explicit-warmup-v1,,
suitesparse,com-LiveJournal,cpu,rchol_par,,72,,timeout,,,,,,,,,,1,,,,,1200.0,logical_cell,,fa329b5ac757bab0aeb36cfc7f6ec14ff15bdc9b,c4e6202ab92260ec4c8b8aec659fd9772582676157cff6edd8eaff158f194968,,,,,,,,,clang,,,explicit-warmup-v1,,
suitesparse,com-LiveJournal,gpu,amgcl_cuda,,72,,complete,3997962,73360340,39.8191,4.653634,44.47273,431,9.743282e-09,9.743281845e-09,0.7692,1,3,2,64995.9,,,logical_cell,,ea01e2ff32b171d94ae8c048436df98203a0fc67,b09f022854a0d41cc5d07fa78abec4c0eb1b587cb6c00b843afbd7c38e3c80f5,,,,,,,,0.0,clang,,,explicit-warmup-v1,,
suitesparse,com-LiveJournal,gpu,apxchol_v1,bg+tree/gpu-owned-q02[vec_pool_aos],72,,complete,3997962,73360340,3.08390614,0.301123146,3.385029286,32,8.523360016480573e-09,8.523360016480573e-09,,1,3,3,3323.4375,,,,,c94a94a1dee6070947be21e08171210131d9cdd8,d25523bdf16a36173de8bd704c528d358a1489721584d7d5c17dc1ef84e3a8aa,owned_gpu_q02,gks,0.2,True,True,0.0001,86575516,2.381047374125495,GCC14.3 (pinned native cache/build flags in campaign),,335de48e2884173d53037dbd36529d88197ea9b44318d4b55aff50128cae19bc,complete-object-api-v1,False,"{""setup_s"": {""max"": 3.10217974, ""median"": 3.08390614, ""min"": 3.077577634, ""spread"": 1.0079939838814154}, ""solve_api_s"": {""max"": 0.301123146, ""median"": 0.301070186, ""min"": 0.300660247, ""spread"": 1.001539608260882}, ""total_s"": {""max"": 3.402839987, ""median"": 3.385029286, ""min"": 3.37864782, ""spread"": 1.0071603103634519}}"
suitesparse,com-LiveJournal,gpu,apxchol_v1,bg+tree/gpu-owned-q08[vec_pool_aos],72,,complete,3997962,73360340,2.875498319,0.55621397,3.431712289,62,8.327265782615786e-09,8.327265782615786e-09,,1,3,3,3323.5,,,,,c94a94a1dee6070947be21e08171210131d9cdd8,d25523bdf16a36173de8bd704c528d358a1489721584d7d5c17dc1ef84e3a8aa,owned_gpu,gks,0.8,True,True,0.0001,83396841,2.2893932212070354,GCC14.3 (pinned native cache/build flags in campaign),,335de48e2884173d53037dbd36529d88197ea9b44318d4b55aff50128cae19bc,complete-object-api-v1,False,"{""setup_s"": {""max"": 2.878630102, ""median"": 2.875498319, ""min"": 2.8697882320000003, ""spread"": 1.0030810182791214}, ""solve_api_s"": {""max"": 0.556443942, ""median"": 0.55621397, ""min"": 0.553385879, ""spread"": 1.0055260951102079}, ""total_s"": {""max"": 3.4320159809999997, ""median"": 3.431712289, ""min"": 3.4262321740000004, ""spread"": 1.0016880954664689}}"
suitesparse,com-LiveJournal,gpu,hypre_boomeramg_gpu,,72,,complete,3997962,73360340,3.656153,0.3406107,3.996764,43,8.557747e-09,9.255129305e-09,0.5532999999999999,1,3,2,6750.3,,,logical_cell,,ea01e2ff32b171d94ae8c048436df98203a0fc67,b09f022854a0d41cc5d07fa78abec4c0eb1b587cb6c00b843afbd7c38e3c80f5,,,,,,,,0.0,clang,,,explicit-warmup-v1,,
suitesparse,com-LiveJournal,gpu,hypre_boomeramg_gpu,cut,72,,complete,3997962,73360340,3.691298,0.333916,4.025214,43,8.893605e-09,9.255129305e-09,0.5511,1,3,3,6353.8,,,logical_cell,,ea01e2ff32b171d94ae8c048436df98203a0fc67,b09f022854a0d41cc5d07fa78abec4c0eb1b587cb6c00b843afbd7c38e3c80f5,,,,,,,,0.0,clang,,,explicit-warmup-v1,,
suitesparse,com-LiveJournal,gpu,parac_graph,,72,,complete,3997962,73360340,187.73840504875184,3.02584,190.76424504875183,29,3.348427829336364e-09,4.899618172312027e-09,0.693465,1,3,1,10061.5625,,,,,280b7ee0087c47d1a5101787312dd7574acdfee0,,,,,,,,,,,,,,,
suitesparse,com-LiveJournal,gpu,parac_physics,,72,,complete,3997962,73360340,179.76909980583193,3.21303,182.98212980583193,31,3.647335682586102e-09,4.838255089970892e-09,0.733123,1,3,2,10151.5,,,,,8827024f79d2cd40e3e162faf5ada0fcc5943af6,18633bf80732fc978eba537b27ca096be8d2381e45bdef13c29774c1c6943c1b,,,,,,,,,,,,,,
suitesparse,com-Orkut,cpu,ac,,72,1,timeout,,,,,,,,,,1,0,,,,900.0,logical_cell,,17fbacec7886eda3545bde4dc3426d992f7a4af2,,,,,,,,,,julia,,,,,
suitesparse,com-Orkut,cpu,ac2,,72,1,timeout,,,,,,,,,,1,0,,,,900.0,logical_cell,,17fbacec7886eda3545bde4dc3426d992f7a4af2,,,,,,,,,,julia,,,,,
suitesparse,com-Orkut,cpu,amgcl,,72,,complete,3072441,237442607,6.339151,5.112297,11.45145,48,6.137322e-09,6.137322317e-09,,1,3,1,19486.8,,,logical_cell,,ea01e2ff32b171d94ae8c048436df98203a0fc67,5942a0926b4d1a67dcd8fd6985633b0f834f734ee4a6c1285fb88db959bac8c7,,,,,,,,0.0,clang,,,explicit-warmup-v1,,
suitesparse,com-Orkut,cpu,apxchol_v1,bg+trace_cycle[vec_pool_aos],72,,complete,3072441,237442607,13.510019133,3.266685724,16.776704857,13,3.2288093552560325e-09,3.2288093552560325e-09,,1,3,3,16562.5625,,,,,f17b98eca1d46cde68ffe1555e5284f225745567,d7960e301d068b7d8a70ddeca2e0402da1025c43dac7599b16f02f4201d00067,cpu_cpu,trace_cycle,0.2,False,False,0.0001,353730676,2.992345322655103,Clang22.1.8/llvm-libomp,unset,683ba7cb0bc7693fecd9a62a74082f2fc08e238426ad451a54af4166b4a31042,complete-object-api-v1,False,"{""setup_s"": {""max"": 13.524330835, ""median"": 13.510019133, ""min"": 13.492472303, ""spread"": 1.0023612078857422}, ""solve_api_s"": {""max"": 3.275095286, ""median"": 3.266685724, ""min"": 3.262391445, ""spread"": 1.003894027192681}, ""total_s"": {""max"": 16.78672228, ""median"": 16.776704857, ""min"": 16.767567589, ""spread"": 1.001142365515948}}"
suitesparse,com-Orkut,cpu,apxchol_v1,bg+tree[vec_pool_aos],72,,complete,3072441,237442607,11.788739751,3.952132823,15.740872573999999,18,5.9855384707069495e-09,5.9855384707069495e-09,,1,3,3,16006.125,,,,,f17b98eca1d46cde68ffe1555e5284f225745567,d7960e301d068b7d8a70ddeca2e0402da1025c43dac7599b16f02f4201d00067,cpu_cpu,gks,0.2,False,False,0.0001,337401141,2.8529970832550418,Clang22.1.8/llvm-libomp,unset,683ba7cb0bc7693fecd9a62a74082f2fc08e238426ad451a54af4166b4a31042,complete-object-api-v1,False,"{""setup_s"": {""max"": 11.794738598, ""median"": 11.788739751, ""min"": 11.754373775, ""spread"": 1.0034340258164882}, ""solve_api_s"": {""max"": 3.969319374, ""median"": 3.953252065, ""min"": 3.952132823, ""spread"": 1.0043486774786465}, ""total_s"": {""max"": 15.764057972, ""median"": 15.740872573999999, ""min"": 15.707625839999999, ""spread"": 1.0035926582778854}}"
suitesparse,com-Orkut,cpu,cmg_packed,original-operator,72,1,timeout,,,,,,,,,,1,0,,,,1500.0,logical_cell,,67750bb65e4e872acb408f2467759e75c70fe5b6,42ca4826ba0a67a64f0ae3a36a9c36fa7a9ef8a598328415b22b587f242fe9e5,,,,,,,,,,,,,,
suitesparse,com-Orkut,cpu,hypre_boomeramg,,72,,failed,,,,,,,,,,1,,,19193.4,,,logical_cell,,ea01e2ff32b171d94ae8c048436df98203a0fc67,5942a0926b4d1a67dcd8fd6985633b0f834f734ee4a6c1285fb88db959bac8c7,,,,,,,,,clang,,,explicit-warmup-v1,,
suitesparse,com-Orkut,cpu,hypre_boomeramg,cut,72,,complete,3072441,237442607,204.9454,9.657434,214.6028,30,3.547586e-09,3.547586278e-09,,1,3,1,28496.2,,,logical_cell,,ea01e2ff32b171d94ae8c048436df98203a0fc67,5942a0926b4d1a67dcd8fd6985633b0f834f734ee4a6c1285fb88db959bac8c7,,,,,,,,0.0,clang,,,explicit-warmup-v1,,
suitesparse,com-Orkut,cpu,parac,,72,,complete,3072441,237442607,2455.48657889267,59.504,2514.99057889267,15,1.2138445244252652e-09,2.1821045070001863e-09,,1,3,3,74812.75,,,,,8827024f79d2cd40e3e162faf5ada0fcc5943af6,94a4cc3e26ca031ffa01df5a4e26fe788d9e60a5b0bc0e4f2cdf58a9912b0bf1,,,,,,,,,,,,,,
suitesparse,com-Orkut,cpu,parac_physics,,72,,complete,3072441,237442607,2440.437505075226,60.305,2500.742505075226,15,4.189793198765044e-10,2.5800431632413864e-09,,1,3,2,79750.1875,,,,,8827024f79d2cd40e3e162faf5ada0fcc5943af6,94a4cc3e26ca031ffa01df5a4e26fe788d9e60a5b0bc0e4f2cdf58a9912b0bf1,,,,,,,,,,,,,,
suitesparse,com-Orkut,cpu,rchol,,72,,failed,,,,,,,,,,1,,,19488.8,,,logical_cell,,fa329b5ac757bab0aeb36cfc7f6ec14ff15bdc9b,c4e6202ab92260ec4c8b8aec659fd9772582676157cff6edd8eaff158f194968,,,,,,,,,clang,,,explicit-warmup-v1,,
suitesparse,com-Orkut,cpu,rchol_par,,72,,timeout,,,,,,,,,,1,,,,,1500.0,logical_cell,,fa329b5ac757bab0aeb36cfc7f6ec14ff15bdc9b,c4e6202ab92260ec4c8b8aec659fd9772582676157cff6edd8eaff158f194968,,,,,,,,,clang,,,explicit-warmup-v1,,
suitesparse,com-Orkut,gpu,amgcl_cuda,,72,,complete,3072441,237442607,6.584956,0.3855934,6.97055,48,6.137322e-09,6.13732256e-09,0.9602999999999999,1,3,2,19708.6,,,logical_cell,,ea01e2ff32b171d94ae8c048436df98203a0fc67,b09f022854a0d41cc5d07fa78abec4c0eb1b587cb6c00b843afbd7c38e3c80f5,,,,,,,,0.0,clang,,,explicit-warmup-v1,,
suitesparse,com-Orkut,gpu,apxchol_v1,bg+tree/gpu-owned-q02[vec_pool_aos],72,,complete,3072441,237442607,13.736907149,0.265754564,14.002661713,13,2.4151245747511882e-09,2.4151245747511882e-09,,1,3,3,9620.0625,,,,,c94a94a1dee6070947be21e08171210131d9cdd8,d25523bdf16a36173de8bd704c528d358a1489721584d7d5c17dc1ef84e3a8aa,owned_gpu_q02,gks,0.2,True,True,0.0001,325056413,2.747653231597745,GCC14.3 (pinned native cache/build flags in campaign),,335de48e2884173d53037dbd36529d88197ea9b44318d4b55aff50128cae19bc,complete-object-api-v1,False,"{""setup_s"": {""max"": 13.739818039000001, ""median"": 13.736907149, ""min"": 13.698988643, ""spread"": 1.0029804679063563}, ""solve_api_s"": {""max"": 0.265754564, ""median"": 0.265578345, ""min"": 0.265338432, ""spread"": 1.0015683065467125}, ""total_s"": {""max"": 14.005156471000001, ""median"": 14.002661713, ""min"": 13.964566988, ""spread"": 1.0029066051983482}}"
suitesparse,com-Orkut,gpu,apxchol_v1,bg+tree/gpu-owned-q08[vec_pool_aos],72,,complete,3072441,237442607,13.336913791,0.242911036,13.579824827000001,12,9.57957175371124e-09,9.57957175371124e-09,,1,3,2,9620.5625,,,,,c94a94a1dee6070947be21e08171210131d9cdd8,d25523bdf16a36173de8bd704c528d358a1489721584d7d5c17dc1ef84e3a8aa,owned_gpu,gks,0.8,True,True,0.0001,324629226,2.744007827344373,GCC14.3 (pinned native cache/build flags in campaign),,335de48e2884173d53037dbd36529d88197ea9b44318d4b55aff50128cae19bc,complete-object-api-v1,False,"{""setup_s"": {""max"": 13.423099762000001, ""median"": 13.336913791, ""min"": 13.328986484, ""spread"": 1.0070607977668051}, ""solve_api_s"": {""max"": 0.243355719, ""median"": 0.242911036, ""min"": 0.242600512, ""spread"": 1.0031129654005018}, ""total_s"": {""max"": 13.666455481000002, ""median"": 13.579824827000001, ""min"": 13.571586995999999, ""spread"": 1.006990227821401}}"
suitesparse,com-Orkut,gpu,hypre_boomeramg_gpu,,72,,failed,,,,,,,,,0.9043,1,,,19674.9,,,logical_cell,,ea01e2ff32b171d94ae8c048436df98203a0fc67,b09f022854a0d41cc5d07fa78abec4c0eb1b587cb6c00b843afbd7c38e3c80f5,,,,,,,,,clang,,,explicit-warmup-v1,,
suitesparse,com-Orkut,gpu,hypre_boomeramg_gpu,cut,72,,failed,,,,,,,,,0.943,1,,,19765.9,,,logical_cell,,ea01e2ff32b171d94ae8c048436df98203a0fc67,b09f022854a0d41cc5d07fa78abec4c0eb1b587cb6c00b843afbd7c38e3c80f5,,,,,,,,,clang,,,explicit-warmup-v1,,
suitesparse,com-Orkut,gpu,parac_graph,,72,,complete,3072441,237442607,1113.6710370132446,6.91228,1120.5833170132446,14,8.047396095155543e-11,8.047396095155543e-11,0.723886,1,3,2,30777.3125,,,,,280b7ee0087c47d1a5101787312dd7574acdfee0,a6db7a6a8a2f3c5bec8cb6d1226500c19b6cb4d26132a9a0f44f48e71aa3b33e,,,,,,,,,,,,,,
suitesparse,com-Orkut,gpu,parac_physics,,72,,complete,3072441,237442607,1069.966085768509,7.3481,1077.3141857685089,15,2.7419587180886013e-11,6.476826392680365e-11,0.723185,1,3,1,30773.4375,,,,,8827024f79d2cd40e3e162faf5ada0fcc5943af6,19e2ea8c3a49bbd58b6964f2dffa3001f658d938922eac2668f3a1a7e0cc9d05,,,,,,,,,,,,,,
suitesparse,com-Youtube,cpu,ac,,72,1,complete,1134890,7110138,3.09357025,0.770898268,3.864468518,16,6.115876600312724e-09,6.115876600312724e-09,,1,3,3,2299.5625,,,,,17fbacec7886eda3545bde4dc3426d992f7a4af2,,,,,,,,,,julia,,,,,
suitesparse,com-Youtube,cpu,ac2,,72,1,complete,1134890,7110138,4.765356284,0.919055287,5.684411571,12,8.08336785240483e-09,8.08336785240483e-09,,1,3,1,2672.8125,,,,,17fbacec7886eda3545bde4dc3426d992f7a4af2,,,,,,,,,,julia,,,,,
suitesparse,com-Youtube,cpu,amgcl,,72,,complete,1134890,7110138,3.796774,0.9134416,4.710216,69,6.940968e-09,6.940967691e-09,,1,3,1,11796.4,,,logical_cell,,ea01e2ff32b171d94ae8c048436df98203a0fc67,5942a0926b4d1a67dcd8fd6985633b0f834f734ee4a6c1285fb88db959bac8c7,,,,,,,,0.0,clang,,,explicit-warmup-v1,,
suitesparse,com-Youtube,cpu,apxchol_v1,bg+trace_cycle[vec_pool_aos],72,,complete,1134890,7110138,0.264595553,0.062528502,0.32712405499999997,13,3.0645572372586603e-09,3.0645572372586603e-09,,1,3,3,324.0,,,,,f17b98eca1d46cde68ffe1555e5284f225745567,d7960e301d068b7d8a70ddeca2e0402da1025c43dac7599b16f02f4201d00067,cpu_cpu,trace_cycle,0.2,False,False,0.0001,6473598,1.7869410608563863,Clang22.1.8/llvm-libomp,unset,683ba7cb0bc7693fecd9a62a74082f2fc08e238426ad451a54af4166b4a31042,complete-object-api-v1,False,"{""setup_s"": {""max"": 0.264595553, ""median"": 0.264587969, ""min"": 0.263567169, ""spread"": 1.0039017909700279}, ""solve_api_s"": {""max"": 0.06253823, ""median"": 0.062528502, ""min"": 0.06244716, ""spread"": 1.001458352949918}, ""total_s"": {""max"": 0.32712619899999995, ""median"": 0.32712405499999997, ""min"": 0.326014329, ""spread"": 1.003410494266956}}"
suitesparse,com-Youtube,cpu,apxchol_v1,bg+tree[vec_pool_aos],72,,complete,1134890,7110138,0.232206648,0.08517527,0.317381918,19,9.47149055468005e-09,9.47149055468005e-09,,1,3,2,288.0,,,,,f17b98eca1d46cde68ffe1555e5284f225745567,d7960e301d068b7d8a70ddeca2e0402da1025c43dac7599b16f02f4201d00067,cpu_cpu,gks,0.2,False,False,0.0001,6236556,1.707599751508222,Clang22.1.8/llvm-libomp,unset,683ba7cb0bc7693fecd9a62a74082f2fc08e238426ad451a54af4166b4a31042,complete-object-api-v1,False,"{""setup_s"": {""max"": 0.232206648, ""median"": 0.231644873, ""min"": 0.231202807, ""spread"": 1.004341820123317}, ""solve_api_s"": {""max"": 0.086475903, ""median"": 0.08533693, ""min"": 0.08517527, ""spread"": 1.0152700778054475}, ""total_s"": {""max"": 0.31767871000000003, ""median"": 0.317381918, ""min"": 0.316981803, ""spread"": 1.0021985710012509}}"
suitesparse,com-Youtube,cpu,cmg_packed,original-operator,72,1,complete,1134890,7110138,2.468500025,11.058872122,13.527372147000001,66,9.273260416674183e-09,9.273260416674183e-09,,1,3,1,1049.375,,,logical_cell,,67750bb65e4e872acb408f2467759e75c70fe5b6,42ca4826ba0a67a64f0ae3a36a9c36fa7a9ef8a598328415b22b587f242fe9e5,,,,,,,,,,,,,,
suitesparse,com-Youtube,cpu,hypre_boomeramg,,72,,complete,1134890,7110138,38.57446,0.6075901,39.18205,17,4.85788e-09,4.857880369e-09,,1,3,1,3635.8,,,logical_cell,,ea01e2ff32b171d94ae8c048436df98203a0fc67,5942a0926b4d1a67dcd8fd6985633b0f834f734ee4a6c1285fb88db959bac8c7,,,,,,,,0.0,clang,,,explicit-warmup-v1,,
suitesparse,com-Youtube,cpu,hypre_boomeramg,cut,72,,complete,1134890,7110138,0.9566104,3.112208,4.068818,110,7.907324e-09,7.907324039e-09,,1,3,3,1529.6,,,logical_cell,,ea01e2ff32b171d94ae8c048436df98203a0fc67,5942a0926b4d1a67dcd8fd6985633b0f834f734ee4a6c1285fb88db959bac8c7,,,,,,,,0.0,clang,,,explicit-warmup-v1,,
suitesparse,com-Youtube,cpu,parac,,72,,complete,1134890,7110138,18.00421432418518,0.775,18.77921432418518,20,1.3378745283737242e-09,1.3378745283737242e-09,,1,3,3,2222.375,,,,,280b7ee0087c47d1a5101787312dd7574acdfee0,,,,,,,,,,,,,,,
suitesparse,com-Youtube,cpu,parac_physics,,72,,complete,1134890,7110138,17.576364805090332,0.748,18.324364805090333,19,1.907505658003812e-09,1.907505658003812e-09,,1,3,3,2240.5625,,,,,8827024f79d2cd40e3e162faf5ada0fcc5943af6,94a4cc3e26ca031ffa01df5a4e26fe788d9e60a5b0bc0e4f2cdf58a9912b0bf1,,,,,,,,,,,,,,
suitesparse,com-Youtube,cpu,rchol,,72,,complete,1134890,7110138,9.630160055,49.81026562,59.440425675,471,9.87987184058426e-09,9.87987184058426e-09,,1,3,3,2008.1875,,,logical_cell,,6a8244eaab178d659364f16919362bacda79a601,12000d30c662d98c8a063d2e2c78bd0aef1184e0a6c79d2c9d4a32283b87200c,,,,,,,,4.3163,clang,,,explicit-warmup-v1,,
suitesparse,com-Youtube,cpu,rchol_par,,72,64,not_converged,1134890,7110138,6.46433,26.42347,32.8878,500,1.793227e-07,2.521544603e-07,,1,3,1,2143.9,,,logical_cell,,fa329b5ac757bab0aeb36cfc7f6ec14ff15bdc9b,c4e6202ab92260ec4c8b8aec659fd9772582676157cff6edd8eaff158f194968,,,,,,,,2.7176,clang,,,explicit-warmup-v1,,
suitesparse,com-Youtube,gpu,amgcl_cuda,,72,,complete,1134890,7110138,3.872067,0.1246426,3.996709,69,6.931902e-09,6.935455733e-09,0.5572,1,3,2,11818.1,,,logical_cell,,ea01e2ff32b171d94ae8c048436df98203a0fc67,b09f022854a0d41cc5d07fa78abec4c0eb1b587cb6c00b843afbd7c38e3c80f5,,,,,,,,0.0,clang,,,explicit-warmup-v1,,
suitesparse,com-Youtube,gpu,apxchol_v1,bg+tree/gpu-owned-q02[vec_pool_aos],72,,complete,1134890,7110138,0.41240461900000003,0.0531706,0.46557521900000004,19,5.178612703804316e-09,5.178612703804316e-09,,1,3,3,432.0,,,,,c94a94a1dee6070947be21e08171210131d9cdd8,d25523bdf16a36173de8bd704c528d358a1489721584d7d5c17dc1ef84e3a8aa,owned_gpu_q02,gks,0.2,True,True,0.0001,6082029,1.6558773794828265,GCC14.3 (pinned native cache/build flags in campaign),,335de48e2884173d53037dbd36529d88197ea9b44318d4b55aff50128cae19bc,complete-object-api-v1,False,"{""setup_s"": {""max"": 0.413546213, ""median"": 0.41240461900000003, ""min"": 0.411683362, ""spread"": 1.00452496061767}, ""solve_api_s"": {""max"": 0.053243749, ""median"": 0.0531706, ""min"": 0.053126505, ""spread"": 1.0022068833626454}, ""total_s"": {""max"": 0.466672718, ""median"": 0.46557521900000004, ""min"": 0.464927111, ""spread"": 1.0037545820811469}}"
suitesparse,com-Youtube,gpu,apxchol_v1,bg+tree/gpu-owned-q08[vec_pool_aos],72,,complete,1134890,7110138,0.374528737,0.089081727,0.463610464,34,8.93520545791851e-09,8.93520545791851e-09,,1,3,3,432.0,,,,,c94a94a1dee6070947be21e08171210131d9cdd8,d25523bdf16a36173de8bd704c528d358a1489721584d7d5c17dc1ef84e3a8aa,owned_gpu,gks,0.8,True,True,0.0001,6027572,1.637649851520807,GCC14.3 (pinned native cache/build flags in campaign),,335de48e2884173d53037dbd36529d88197ea9b44318d4b55aff50128cae19bc,complete-object-api-v1,False,"{""setup_s"": {""max"": 0.391759388, ""median"": 0.374528737, ""min"": 0.371672523, ""spread"": 1.0540445251046981}, ""solve_api_s"": {""max"": 0.089092735, ""median"": 0.089081727, ""min"": 0.088367027, ""spread"": 1.0082124297335475}, ""total_s"": {""max"": 0.480852123, ""median"": 0.463610464, ""min"": 0.46003954999999996, ""spread"": 1.0452408341848}}"
suitesparse,com-Youtube,gpu,hypre_boomeramg_gpu,,72,,complete,1134890,7110138,0.4603943,0.02515923,0.4855536,22,6.61498e-09,6.731729155e-09,0.5626,1,3,3,904.7,,,logical_cell,,ea01e2ff32b171d94ae8c048436df98203a0fc67,b09f022854a0d41cc5d07fa78abec4c0eb1b587cb6c00b843afbd7c38e3c80f5,,,,,,,,0.0,clang,,,explicit-warmup-v1,,
suitesparse,com-Youtube,gpu,hypre_boomeramg_gpu,cut,72,,complete,1134890,7110138,0.459939,0.02519074,0.4851298,22,6.731729e-09,6.731729155e-09,0.5642,1,3,2,846.1,,,logical_cell,,ea01e2ff32b171d94ae8c048436df98203a0fc67,b09f022854a0d41cc5d07fa78abec4c0eb1b587cb6c00b843afbd7c38e3c80f5,,,,,,,,0.0,clang,,,explicit-warmup-v1,,
suitesparse,com-Youtube,gpu,parac_graph,,72,,complete,1134890,7110138,14.516946094223021,0.716155,15.233101094223022,23,4.777407274079069e-09,4.777407274079069e-09,0.662883,1,3,1,1325.625,,,,,280b7ee0087c47d1a5101787312dd7574acdfee0,,,,,,,,,,,,,,,
suitesparse,com-Youtube,gpu,parac_physics,,72,,complete,1134890,7110138,14.533371999176026,0.773014,15.306385999176026,25,4.10232828126311e-09,4.539508189048292e-09,0.664414,1,3,3,1360.8125,,,,,8827024f79d2cd40e3e162faf5ada0fcc5943af6,18633bf80732fc978eba537b27ca096be8d2381e45bdef13c29774c1c6943c1b,,,,,,,,,,,,,,
suitesparse,ecology1,cpu,ac,,72,1,complete,1000000,4996000,1.345835958,1.305775865,2.651611823,42,8.881334623048985e-09,8.881334623048985e-09,,1,3,1,2336.25,,,,,17fbacec7886eda3545bde4dc3426d992f7a4af2,,,,,,,,,,julia,,,,,
suitesparse,ecology1,cpu,ac2,,72,1,complete,1000000,4996000,2.001986741,1.250228266,3.252215007,25,9.893600977933016e-09,9.893600977933016e-09,,1,3,3,2446.875,,,,,17fbacec7886eda3545bde4dc3426d992f7a4af2,,,,,,,,,,julia,,,,,
suitesparse,ecology1,cpu,amgcl,,72,,complete,1000000,4996000,0.07892377,0.0149867,0.09391047,12,6.012928e-09,6.01292803e-09,,1,3,3,282.4,,,logical_cell,,ea01e2ff32b171d94ae8c048436df98203a0fc67,5942a0926b4d1a67dcd8fd6985633b0f834f734ee4a6c1285fb88db959bac8c7,,,,,,,,0.0,clang,,,explicit-warmup-v1,,
suitesparse,ecology1,cpu,apxchol_v1,bg+trace_cycle[vec_pool_aos],72,,complete,1000000,4996000,0.07254603,0.027586228,0.100132258,28,6.064273420385317e-09,6.064273420385317e-09,,1,3,1,252.0,,,,,f17b98eca1d46cde68ffe1555e5284f225745567,d7960e301d068b7d8a70ddeca2e0402da1025c43dac7599b16f02f4201d00067,cpu_cpu,trace_cycle,0.2,False,False,0.0001,6726097,2.8659144144144144,Clang22.1.8/llvm-libomp,unset,683ba7cb0bc7693fecd9a62a74082f2fc08e238426ad451a54af4166b4a31042,complete-object-api-v1,False,"{""setup_s"": {""max"": 0.073854243, ""median"": 0.07254603, ""min"": 0.069979074, ""spread"": 1.055376111435827}, ""solve_api_s"": {""max"": 0.028491512, ""median"": 0.028004007, ""min"": 0.027586228, ""spread"": 1.0328165198953623}, ""total_s"": {""max"": 0.10185825, ""median"": 0.100132258, ""min"": 0.098470586, ""spread"": 1.0344028012588449}}"
suitesparse,ecology1,cpu,apxchol_v1,bg+tree[vec_pool_aos],72,,complete,1000000,4996000,0.052932756,0.039910496,0.09284325199999999,43,8.479826391977398e-09,8.479826391977398e-09,,1,3,3,252.0,,,,,f17b98eca1d46cde68ffe1555e5284f225745567,d7960e301d068b7d8a70ddeca2e0402da1025c43dac7599b16f02f4201d00067,cpu_cpu,gks,0.2,False,False,0.0001,5457147,2.2308043043043044,Clang22.1.8/llvm-libomp,unset,683ba7cb0bc7693fecd9a62a74082f2fc08e238426ad451a54af4166b4a31042,complete-object-api-v1,False,"{""setup_s"": {""max"": 0.056488446, ""median"": 0.052932756, ""min"": 0.052173964, ""spread"": 1.082694157568706}, ""solve_api_s"": {""max"": 0.039910496, ""median"": 0.039577611, ""min"": 0.037751622, ""spread"": 1.0571862581162736}, ""total_s"": {""max"": 0.096066057, ""median"": 0.09284325199999999, ""min"": 0.089925586, ""spread"": 1.0682839142132474}}"
suitesparse,ecology1,cpu,cmg_packed,original-operator,72,1,complete,1000000,4996000,0.425280088,1.3070439230000002,1.732324011,17,8.273561443413308e-09,8.273561443413374e-09,,1,3,3,696.1875,,,logical_cell,,67750bb65e4e872acb408f2467759e75c70fe5b6,42ca4826ba0a67a64f0ae3a36a9c36fa7a9ef8a598328415b22b587f242fe9e5,,,,,,,,,,,,,,
suitesparse,ecology1,cpu,hypre_boomeramg,,72,,complete,1000000,4996000,0.409336,0.06585126,0.4751873,8,1.236975e-09,1.236974842e-09,,1,3,3,1178.1,,,logical_cell,,ea01e2ff32b171d94ae8c048436df98203a0fc67,5942a0926b4d1a67dcd8fd6985633b0f834f734ee4a6c1285fb88db959bac8c7,,,,,,,,0.0,clang,,,explicit-warmup-v1,,
suitesparse,ecology1,cpu,hypre_boomeramg,cut,72,,complete,1000000,4996000,0.4101965,0.06123064,0.4714272,8,1.236975e-09,1.236974842e-09,,1,3,1,1176.6,,,logical_cell,,ea01e2ff32b171d94ae8c048436df98203a0fc67,5942a0926b4d1a67dcd8fd6985633b0f834f734ee4a6c1285fb88db959bac8c7,,,,,,,,0.0,clang,,,explicit-warmup-v1,,
suitesparse,ecology1,cpu,parac,,72,,complete,1000000,4996000,7.443969369052124,0.86,8.303969369052124,50,5.47093334519122e-09,6.00116325539866e-09,,1,3,1,1583.5,,,,,280b7ee0087c47d1a5101787312dd7574acdfee0,,,,,,,,,,,,,,,
suitesparse,ecology1,cpu,parac_physics,,72,,complete,1000000,4996000,7.355024430633544,0.844,8.199024430633544,49,5.605590310001242e-09,5.605590310001242e-09,,1,3,2,1592.0,,,,,8827024f79d2cd40e3e162faf5ada0fcc5943af6,94a4cc3e26ca031ffa01df5a4e26fe788d9e60a5b0bc0e4f2cdf58a9912b0bf1,,,,,,,,,,,,,,
suitesparse,ecology1,cpu,rchol,,72,,complete,1000000,4996000,1.658629,1.357415,3.016044,36,7.316162e-09,9.458181025e-09,,1,3,2,1482.3,,,logical_cell,,fa329b5ac757bab0aeb36cfc7f6ec14ff15bdc9b,c4e6202ab92260ec4c8b8aec659fd9772582676157cff6edd8eaff158f194968,,,,,,,,3.0903,clang,,,explicit-warmup-v1,,
suitesparse,ecology1,cpu,rchol_par,,72,64,complete,1000000,4996000,1.838741,1.597947,3.436688,46,9.961453e-09,9.961452606e-09,,1,3,3,927.6,,,logical_cell,,fa329b5ac757bab0aeb36cfc7f6ec14ff15bdc9b,c4e6202ab92260ec4c8b8aec659fd9772582676157cff6edd8eaff158f194968,,,,,,,,3.6169,clang,,,explicit-warmup-v1,,
suitesparse,ecology1,gpu,amgcl_cuda,,72,,complete,1000000,4996000,0.100302,0.01010442,0.1104064,12,6.012928e-09,6.012928031e-09,0.5495,1,3,3,661.1,,,logical_cell,,ea01e2ff32b171d94ae8c048436df98203a0fc67,b09f022854a0d41cc5d07fa78abec4c0eb1b587cb6c00b843afbd7c38e3c80f5,,,,,,,,0.0,clang,,,explicit-warmup-v1,,
suitesparse,ecology1,gpu,apxchol_v1,bg+tree/gpu-owned-q02[vec_pool_aos],72,,complete,1000000,4996000,0.106916457,0.021474553,0.12839101,44,8.23800412227711e-09,8.23800412227711e-09,,1,3,3,324.0,,,,,c94a94a1dee6070947be21e08171210131d9cdd8,d25523bdf16a36173de8bd704c528d358a1489721584d7d5c17dc1ef84e3a8aa,owned_gpu_q02,gks,0.2,True,True,0.0001,5420790,2.2126076076076076,GCC14.3 (pinned native cache/build flags in campaign),,335de48e2884173d53037dbd36529d88197ea9b44318d4b55aff50128cae19bc,complete-object-api-v1,False,"{""setup_s"": {""max"": 0.10890945299999999, ""median"": 0.106916457, ""min"": 0.106722031, ""spread"": 1.0204964427635377}, ""solve_api_s"": {""max"": 0.021570806, ""median"": 0.021526519, ""min"": 0.021474553, ""spread"": 1.0044821887561526}, ""total_s"": {""max"": 0.130480259, ""median"": 0.12839101, ""min"": 0.12824855, ""spread"": 1.0174014365074693}}"
suitesparse,ecology1,gpu,apxchol_v1,bg+tree/gpu-owned-q08[vec_pool_aos],72,,complete,1000000,4996000,0.08314185,0.019047309,0.102189159,44,6.7655386650301846e-09,6.7655386650301846e-09,,1,3,3,324.0,,,,,c94a94a1dee6070947be21e08171210131d9cdd8,d25523bdf16a36173de8bd704c528d358a1489721584d7d5c17dc1ef84e3a8aa,owned_gpu,gks,0.8,True,True,0.0001,5434745,2.219592092092092,GCC14.3 (pinned native cache/build flags in campaign),,335de48e2884173d53037dbd36529d88197ea9b44318d4b55aff50128cae19bc,complete-object-api-v1,False,"{""setup_s"": {""max"": 0.083469202, ""median"": 0.08314185, ""min"": 0.08297232, ""spread"": 1.0059885272582472}, ""solve_api_s"": {""max"": 0.019170633, ""median"": 0.019047309, ""min"": 0.019006477, ""spread"": 1.0086368452186063}, ""total_s"": {""max"": 0.10263983500000001, ""median"": 0.102189159, ""min"": 0.10197879700000001, ""spread"": 1.00648211215906}}"
suitesparse,ecology1,gpu,hypre_boomeramg_gpu,,72,,complete,1000000,4996000,0.1275907,0.0157346,0.1433253,12,8.389327e-09,8.389326939e-09,0.554,1,3,2,765.6,,,logical_cell,,ea01e2ff32b171d94ae8c048436df98203a0fc67,b09f022854a0d41cc5d07fa78abec4c0eb1b587cb6c00b843afbd7c38e3c80f5,,,,,,,,0.0,clang,,,explicit-warmup-v1,,
suitesparse,ecology1,gpu,hypre_boomeramg_gpu,cut,72,,complete,1000000,4996000,0.1269258,0.01562542,0.1425512,12,8.389327e-09,8.389326939e-09,0.5719,1,3,2,742.8,,,logical_cell,,ea01e2ff32b171d94ae8c048436df98203a0fc67,b09f022854a0d41cc5d07fa78abec4c0eb1b587cb6c00b843afbd7c38e3c80f5,,,,,,,,0.0,clang,,,explicit-warmup-v1,,
suitesparse,ecology1,gpu,parac_graph,,72,,complete,1000000,4996000,8.426920271847534,0.0927562,8.519676471847534,59,4.810835170505343e-09,4.810835170505343e-09,0.551032,1,3,2,1042.625,,,,,280b7ee0087c47d1a5101787312dd7574acdfee0,,,,,,,,,,,,,,,
suitesparse,ecology1,gpu,parac_physics,,72,,complete,1000000,4996000,8.132741641137695,0.0913624,8.224104041137695,58,4.388641479856883e-09,4.831866345127059e-09,0.561052,1,3,3,1132.0,,,,,8827024f79d2cd40e3e162faf5ada0fcc5943af6,18633bf80732fc978eba537b27ca096be8d2381e45bdef13c29774c1c6943c1b,,,,,,,,,,,,,,
suitesparse,kron_g500-logn16,cpu,ac,,72,1,complete,65536,4977678,2.358126584,0.151177798,2.509304382,10,1.5357648540240411e-09,1.5357648540240411e-09,,1,3,2,1747.5,,,,,17fbacec7886eda3545bde4dc3426d992f7a4af2,,,,,,,,,,julia,,,,,
suitesparse,kron_g500-logn16,cpu,ac2,,72,1,complete,65536,4977678,3.253733869,0.134042573,3.387776442,8,8.902735710268152e-09,8.902735710268152e-09,,1,3,2,2017.375,,,,,17fbacec7886eda3545bde4dc3426d992f7a4af2,,,,,,,,,,julia,,,,,
suitesparse,kron_g500-logn16,cpu,amgcl,,72,,complete,65536,4977678,0.07110088,0.008183807,0.07928469,16,4.575458e-09,4.575458096e-09,,1,3,3,381.9,,,logical_cell,,ea01e2ff32b171d94ae8c048436df98203a0fc67,5942a0926b4d1a67dcd8fd6985633b0f834f734ee4a6c1285fb88db959bac8c7,,,,,,,,0.0,clang,,,explicit-warmup-v1,,
suitesparse,kron_g500-logn16,cpu,apxchol_v1,bg+trace_cycle[vec_pool_aos],72,,complete,65536,4977678,0.164045421,0.029684464,0.193729885,13,3.882973515946036e-09,3.882973515946036e-09,,1,3,2,180.0,,,,,f17b98eca1d46cde68ffe1555e5284f225745567,d7960e301d068b7d8a70ddeca2e0402da1025c43dac7599b16f02f4201d00067,cpu_cpu,trace_cycle,0.2,False,False,0.0001,2810694,1.117703030571999,Clang22.1.8/llvm-libomp,unset,683ba7cb0bc7693fecd9a62a74082f2fc08e238426ad451a54af4166b4a31042,complete-object-api-v1,True,"{""setup_s"": {""max"": 0.170473466, ""median"": 0.164045421, ""min"": 0.15956656, ""spread"": 1.068353331675509}, ""solve_api_s"": {""max"": 0.029684464, ""median"": 0.025196483, ""min"": 0.024825231, ""spread"": 1.1957376751096496}, ""total_s"": {""max"": 0.195298697, ""median"": 0.193729885, ""min"": 0.184763043, ""spread"": 1.0570225182965838}}"
suitesparse,kron_g500-logn16,cpu,apxchol_v1,bg+tree[vec_pool_aos],72,,complete,65536,4977678,0.14797171,0.027289374,0.175261084,14,5.964489846593494e-09,5.964489846593494e-09,,1,3,2,180.0,,,,,f17b98eca1d46cde68ffe1555e5284f225745567,d7960e301d068b7d8a70ddeca2e0402da1025c43dac7599b16f02f4201d00067,cpu_cpu,gks,0.2,False,False,0.0001,2628253,1.0434213831766264,Clang22.1.8/llvm-libomp,unset,683ba7cb0bc7693fecd9a62a74082f2fc08e238426ad451a54af4166b4a31042,complete-object-api-v1,False,"{""setup_s"": {""max"": 0.14797171, ""median"": 0.147392784, ""min"": 0.140347704, ""spread"": 1.0543222709222233}, ""solve_api_s"": {""max"": 0.028273342, ""median"": 0.027289374, ""min"": 0.025443803, ""spread"": 1.1112073930143225}, ""total_s"": {""max"": 0.175666126, ""median"": 0.175261084, ""min"": 0.165791507, ""spread"": 1.0595604634922584}}"
suitesparse,kron_g500-logn16,cpu,cmg_packed,original-operator,72,1,complete,65536,4977678,2.27865466,0.9392951279999999,3.217949788,12,1.0990597147689902e-09,1.0990597147689912e-09,,1,3,3,808.4375,,,logical_cell,,67750bb65e4e872acb408f2467759e75c70fe5b6,42ca4826ba0a67a64f0ae3a36a9c36fa7a9ef8a598328415b22b587f242fe9e5,,,,,,,,,,,,,,
suitesparse,kron_g500-logn16,cpu,hypre_boomeramg,,72,,complete,65536,4977678,0.5693221,0.00655313,0.5758753,6,9.229282e-09,9.229282091e-09,,1,3,3,381.9,,,logical_cell,,ea01e2ff32b171d94ae8c048436df98203a0fc67,5942a0926b4d1a67dcd8fd6985633b0f834f734ee4a6c1285fb88db959bac8c7,,,,,,,,0.0,clang,,,explicit-warmup-v1,,
suitesparse,kron_g500-logn16,cpu,hypre_boomeramg,cut,72,,complete,65536,4977678,0.4346164,0.0151944,0.4498108,15,1.469691e-09,1.469690921e-09,,1,3,1,381.9,,,logical_cell,,ea01e2ff32b171d94ae8c048436df98203a0fc67,5942a0926b4d1a67dcd8fd6985633b0f834f734ee4a6c1285fb88db959bac8c7,,,,,,,,0.0,clang,,,explicit-warmup-v1,,
suitesparse,kron_g500-logn16,cpu,parac,,72,,complete,65536,4977678,8.581888817272949,0.14,8.72188881727295,13,2.880197848618587e-09,3.7177805656349355e-09,,1,3,2,1374.6875,,,,,280b7ee0087c47d1a5101787312dd7574acdfee0,,,,,,,,,,,,,,,
suitesparse,kron_g500-logn16,cpu,parac_physics,,72,,complete,65536,4977678,9.764750300711059,0.142,9.906750300711058,13,1.6058988098962454e-09,1.6058988098962454e-09,,1,3,2,1405.5625,,,,,8827024f79d2cd40e3e162faf5ada0fcc5943af6,94a4cc3e26ca031ffa01df5a4e26fe788d9e60a5b0bc0e4f2cdf58a9912b0bf1,,,,,,,,,,,,,,
suitesparse,kron_g500-logn16,cpu,rchol,,72,,complete,65536,4977678,2.346401,0.7786212,3.125022,38,6.40836e-09,9.095684512e-09,,1,3,2,666.3,,,logical_cell,,fa329b5ac757bab0aeb36cfc7f6ec14ff15bdc9b,c4e6202ab92260ec4c8b8aec659fd9772582676157cff6edd8eaff158f194968,,,,,,,,2.2591,clang,,,explicit-warmup-v1,,
suitesparse,kron_g500-logn16,cpu,rchol_par,,72,,failed,,,,,,,,,,1,,,2128.8,,,logical_cell,,fa329b5ac757bab0aeb36cfc7f6ec14ff15bdc9b,c4e6202ab92260ec4c8b8aec659fd9772582676157cff6edd8eaff158f194968,,,,,,,,,clang,,,explicit-warmup-v1,,
suitesparse,kron_g500-logn16,gpu,amgcl_cuda,,72,,complete,65536,4977678,0.07727158,0.00765729,0.08492887,16,4.575455e-09,4.57545646e-09,0.5472,1,3,3,677.1,,,logical_cell,,ea01e2ff32b171d94ae8c048436df98203a0fc67,b09f022854a0d41cc5d07fa78abec4c0eb1b587cb6c00b843afbd7c38e3c80f5,,,,,,,,0.0,clang,,,explicit-warmup-v1,,
suitesparse,kron_g500-logn16,gpu,apxchol_v1,bg+tree/gpu-owned-q02[vec_pool_aos],72,,complete,65536,4977678,0.40450523299999996,0.017533055,0.422038288,10,4.780509191508532e-09,4.780509191508532e-09,,1,3,3,288.0,,,,,c94a94a1dee6070947be21e08171210131d9cdd8,d25523bdf16a36173de8bd704c528d358a1489721584d7d5c17dc1ef84e3a8aa,owned_gpu_q02,gks,0.2,True,True,0.0001,2642290,1.0491366088358194,GCC14.3 (pinned native cache/build flags in campaign),,335de48e2884173d53037dbd36529d88197ea9b44318d4b55aff50128cae19bc,complete-object-api-v1,False,"{""setup_s"": {""max"": 0.407373139, ""median"": 0.40450523299999996, ""min"": 0.40087181800000005, ""spread"": 1.0162179547378407}, ""solve_api_s"": {""max"": 0.017630396, ""median"": 0.017549373, ""min"": 0.017533055, ""spread"": 1.005551856193915}, ""total_s"": {""max"": 0.425003535, ""median"": 0.422038288, ""min"": 0.418421191, ""spread"": 1.0157313829738608}}"
suitesparse,kron_g500-logn16,gpu,apxchol_v1,bg+tree/gpu-owned-q08[vec_pool_aos],72,,complete,65536,4977678,0.871273225,0.031102543,0.9023757680000001,10,9.820722719817094e-09,9.820722719817094e-09,,1,3,2,288.0,,,,,c94a94a1dee6070947be21e08171210131d9cdd8,d25523bdf16a36173de8bd704c528d358a1489721584d7d5c17dc1ef84e3a8aa,owned_gpu,gks,0.8,True,True,0.0001,3598743,1.4385606116435559,GCC14.3 (pinned native cache/build flags in campaign),,335de48e2884173d53037dbd36529d88197ea9b44318d4b55aff50128cae19bc,complete-object-api-v1,False,"{""setup_s"": {""max"": 0.874556722, ""median"": 0.871273225, ""min"": 0.87110843, ""spread"": 1.003958510652916}, ""solve_api_s"": {""max"": 0.031102543, ""median"": 0.031081104, ""min"": 0.031026962, ""spread"": 1.0024359781018843}, ""total_s"": {""max"": 0.905583684, ""median"": 0.9023757680000001, ""min"": 0.902189534, ""spread"": 1.003762125221018}}"
suitesparse,kron_g500-logn16,gpu,hypre_boomeramg_gpu,,72,,complete,65536,4977678,0.1580966,0.003904594,0.1620012,8,4.774923e-09,4.836058573e-09,0.5534,1,3,3,698.3,,,logical_cell,,ea01e2ff32b171d94ae8c048436df98203a0fc67,b09f022854a0d41cc5d07fa78abec4c0eb1b587cb6c00b843afbd7c38e3c80f5,,,,,,,,0.0,clang,,,explicit-warmup-v1,,
suitesparse,kron_g500-logn16,gpu,hypre_boomeramg_gpu,cut,72,,complete,65536,4977678,0.1591496,0.004248733,0.1633983,8,4.836059e-09,4.836058573e-09,0.5569,1,3,2,742.8,,,logical_cell,,ea01e2ff32b171d94ae8c048436df98203a0fc67,b09f022854a0d41cc5d07fa78abec4c0eb1b587cb6c00b843afbd7c38e3c80f5,,,,,,,,0.0,clang,,,explicit-warmup-v1,,
suitesparse,kron_g500-logn16,gpu,parac_graph,,72,,complete,65536,4977678,17.10566392581177,0.0805192,17.18618312581177,9,3.5001414504588296e-09,3.5001414504588296e-09,0.544225,1,3,2,931.9375,,,,,280b7ee0087c47d1a5101787312dd7574acdfee0,,,,,,,,,,,,,,,
suitesparse,kron_g500-logn16,gpu,parac_physics,,72,,complete,65536,4977678,17.687096133560182,0.0887243,17.77582043356018,10,8.861767420565271e-10,2.6219398627199257e-09,0.553898,1,3,2,959.0625,,,,,8827024f79d2cd40e3e162faf5ada0fcc5943af6,18633bf80732fc978eba537b27ca096be8d2381e45bdef13c29774c1c6943c1b,,,,,,,,,,,,,,
suitesparse,parabolic_fem,cpu,ac,,72,1,n/a,,,,,,,,,,1,0,,1044.0,,,,,17fbacec7886eda3545bde4dc3426d992f7a4af2,,,,,,,,,,julia,,,,,
suitesparse,parabolic_fem,cpu,ac2,,72,1,n/a,,,,,,,,,,1,0,,1080.0,,,,,17fbacec7886eda3545bde4dc3426d992f7a4af2,,,,,,,,,,julia,,,,,
suitesparse,parabolic_fem,cpu,amgcl,,72,,complete,525825,3674625,0.03024386,0.01257032,0.04281418,20,6.521635e-09,6.521634676e-09,,1,3,2,202.6,,,logical_cell,,ea01e2ff32b171d94ae8c048436df98203a0fc67,5942a0926b4d1a67dcd8fd6985633b0f834f734ee4a6c1285fb88db959bac8c7,,,,,,,,0.0,clang,,,explicit-warmup-v1,,
suitesparse,parabolic_fem,cpu,apxchol_v1,bg+trace_cycle[vec_pool_aos],72,,complete,525825,3674625,0.066247837,0.019322533,0.08557037,25,5.6205372128353145e-09,5.6205372128353145e-09,,1,3,1,147.125,,,,,f17b98eca1d46cde68ffe1555e5284f225745567,d7960e301d068b7d8a70ddeca2e0402da1025c43dac7599b16f02f4201d00067,cpu_cpu,trace_cycle,0.2,False,False,0.0001,3520363,1.9020185467479676,Clang22.1.8/llvm-libomp,unset,683ba7cb0bc7693fecd9a62a74082f2fc08e238426ad451a54af4166b4a31042,complete-object-api-v1,False,"{""setup_s"": {""max"": 0.066247837, ""median"": 0.064376059, ""min"": 0.062630356, ""spread"": 1.0577592278095946}, ""solve_api_s"": {""max"": 0.022038731, ""median"": 0.020495615, ""min"": 0.019322533, ""spread"": 1.1405715285878926}, ""total_s"": {""max"": 0.08641478999999999, ""median"": 0.08557037, ""min"": 0.08312597099999999, ""spread"": 1.0395642776912646}}"
suitesparse,parabolic_fem,cpu,apxchol_v1,bg+tree[vec_pool_aos],72,,complete,525825,3674625,0.051941524,0.022932749,0.074874273,40,7.442350249943549e-09,7.442350249943549e-09,,1,3,1,147.25,,,,,f17b98eca1d46cde68ffe1555e5284f225745567,d7960e301d068b7d8a70ddeca2e0402da1025c43dac7599b16f02f4201d00067,cpu_cpu,gks,0.2,False,False,0.0001,2811999,1.4520922256097561,Clang22.1.8/llvm-libomp,unset,683ba7cb0bc7693fecd9a62a74082f2fc08e238426ad451a54af4166b4a31042,complete-object-api-v1,True,"{""setup_s"": {""max"": 0.051941524, ""median"": 0.050504548, ""min"": 0.049255469, ""spread"": 1.054533132148229}, ""solve_api_s"": {""max"": 0.025570711, ""median"": 0.022932749, ""min"": 0.020992141, ""spread"": 1.2181087674668345}, ""total_s"": {""max"": 0.076075259, ""median"": 0.074874273, ""min"": 0.07024761, ""spread"": 1.082958680017726}}"
suitesparse,parabolic_fem,cpu,cmg_packed,original-operator,72,1,n/a,,,,,,,,,,1,0,,,,,logical_cell,,67750bb65e4e872acb408f2467759e75c70fe5b6,42ca4826ba0a67a64f0ae3a36a9c36fa7a9ef8a598328415b22b587f242fe9e5,,,,,,,,,,,,,,
suitesparse,parabolic_fem,cpu,hypre_boomeramg,,72,,complete,525825,3674625,0.2604641,0.05859825,0.3190623,8,3.052891e-09,3.052891343e-09,,1,3,3,442.1,,,logical_cell,,ea01e2ff32b171d94ae8c048436df98203a0fc67,5942a0926b4d1a67dcd8fd6985633b0f834f734ee4a6c1285fb88db959bac8c7,,,,,,,,0.0,clang,,,explicit-warmup-v1,,
suitesparse,parabolic_fem,cpu,hypre_boomeramg,cut,72,,complete,525825,3674625,0.2542792,0.06131528,0.3155945,8,3.052891e-09,3.052891343e-09,,1,3,1,443.6,,,logical_cell,,ea01e2ff32b171d94ae8c048436df98203a0fc67,5942a0926b4d1a67dcd8fd6985633b0f834f734ee4a6c1285fb88db959bac8c7,,,,,,,,0.0,clang,,,explicit-warmup-v1,,
suitesparse,parabolic_fem,cpu,parac,,72,,complete,525825,3674625,5.554184690548706,0.671,6.225184690548706,62,3.034598608483617e-09,4.020358748344431e-09,,1,3,3,864.0,,,,,8827024f79d2cd40e3e162faf5ada0fcc5943af6,94a4cc3e26ca031ffa01df5a4e26fe788d9e60a5b0bc0e4f2cdf58a9912b0bf1,,,,,,,,,,,,,,
suitesparse,parabolic_fem,cpu,parac_physics,,72,,complete,525825,3674625,5.774293367269897,0.491,6.265293367269897,46,4.771335513136232e-09,5.029796997629857e-09,,1,3,2,1145.8125,,,,,280b7ee0087c47d1a5101787312dd7574acdfee0,,,,,,,,,,,,,,,
suitesparse,parabolic_fem,cpu,rchol,,72,,complete,525825,3674625,1.263529,1.35938,2.622909,48,8.895038e-09,9.784303066e-09,,1,3,3,893.1,,,logical_cell,,fa329b5ac757bab0aeb36cfc7f6ec14ff15bdc9b,c4e6202ab92260ec4c8b8aec659fd9772582676157cff6edd8eaff158f194968,,,,,,,,2.1372,clang,,,explicit-warmup-v1,,
suitesparse,parabolic_fem,cpu,rchol_par,,72,,failed,,,,,,,,,,1,,,8396.4,,,logical_cell,,fa329b5ac757bab0aeb36cfc7f6ec14ff15bdc9b,c4e6202ab92260ec4c8b8aec659fd9772582676157cff6edd8eaff158f194968,,,,,,,,,clang,,,explicit-warmup-v1,,
suitesparse,parabolic_fem,gpu,amgcl_cuda,,72,,complete,525825,3674625,0.04304222,0.01250553,0.05554776,20,6.521635e-09,6.521634676e-09,0.555,1,3,3,515.8,,,logical_cell,,ea01e2ff32b171d94ae8c048436df98203a0fc67,b09f022854a0d41cc5d07fa78abec4c0eb1b587cb6c00b843afbd7c38e3c80f5,,,,,,,,0.0,clang,,,explicit-warmup-v1,,
suitesparse,parabolic_fem,gpu,apxchol_v1,bg+tree/gpu-owned-q02[vec_pool_aos],72,,complete,525825,3674625,0.101666123,0.016499968,0.118166091,36,9.05220017124641e-09,9.05220017124641e-09,,1,3,1,252.0,,,,,c94a94a1dee6070947be21e08171210131d9cdd8,d25523bdf16a36173de8bd704c528d358a1489721584d7d5c17dc1ef84e3a8aa,owned_gpu_q02,gks,0.2,True,True,0.0001,2850023,1.4762436483739838,GCC14.3 (pinned native cache/build flags in campaign),,335de48e2884173d53037dbd36529d88197ea9b44318d4b55aff50128cae19bc,complete-object-api-v1,False,"{""setup_s"": {""max"": 0.10196624, ""median"": 0.101666123, ""min"": 0.099309529, ""spread"": 1.0267518235838176}, ""solve_api_s"": {""max"": 0.01657539, ""median"": 0.016499968, ""min"": 0.016348901, ""spread"": 1.0138534694166905}, ""total_s"": {""max"": 0.118315141, ""median"": 0.118166091, ""min"": 0.11588491899999999, ""spread"": 1.020970994508785}}"
suitesparse,parabolic_fem,gpu,apxchol_v1,bg+tree/gpu-owned-q08[vec_pool_aos],72,,complete,525825,3674625,0.077853765,0.015031317,0.09288508200000001,39,8.082837568824567e-09,8.082837568824567e-09,,1,3,3,252.0,,,,,c94a94a1dee6070947be21e08171210131d9cdd8,d25523bdf16a36173de8bd704c528d358a1489721584d7d5c17dc1ef84e3a8aa,owned_gpu,gks,0.8,True,True,0.0001,2860960,1.4831904217479674,GCC14.3 (pinned native cache/build flags in campaign),,335de48e2884173d53037dbd36529d88197ea9b44318d4b55aff50128cae19bc,complete-object-api-v1,False,"{""setup_s"": {""max"": 0.079555096, ""median"": 0.077853765, ""min"": 0.077750759, ""spread"": 1.0232066802074562}, ""solve_api_s"": {""max"": 0.015031317, ""median"": 0.014875418, ""min"": 0.014766748, ""spread"": 1.0179165378863377}, ""total_s"": {""max"": 0.09443051400000001, ""median"": 0.09288508200000001, ""min"": 0.092517507, ""spread"": 1.0206772432811015}}"
suitesparse,parabolic_fem,gpu,hypre_boomeramg_gpu,,72,,complete,525825,3674625,0.07410405,0.01099241,0.08509646,12,6.067025e-09,6.639316979e-09,0.5632999999999999,1,3,2,674.2,,,logical_cell,,ea01e2ff32b171d94ae8c048436df98203a0fc67,b09f022854a0d41cc5d07fa78abec4c0eb1b587cb6c00b843afbd7c38e3c80f5,,,,,,,,0.0,clang,,,explicit-warmup-v1,,
suitesparse,parabolic_fem,gpu,hypre_boomeramg_gpu,cut,72,,complete,525825,3674625,0.07373886,0.01134505,0.08508391,12,6.639317e-09,6.639316979e-09,0.557,1,3,3,657.2,,,logical_cell,,ea01e2ff32b171d94ae8c048436df98203a0fc67,b09f022854a0d41cc5d07fa78abec4c0eb1b587cb6c00b843afbd7c38e3c80f5,,,,,,,,0.0,clang,,,explicit-warmup-v1,,
suitesparse,parabolic_fem,gpu,parac_graph,,72,,complete,525825,3674625,5.957714614480591,0.0786012,6.036315814480591,68,3.5284496391191724e-09,4.253966283908824e-09,0.648501,1,3,1,756.0,,,,,8827024f79d2cd40e3e162faf5ada0fcc5943af6,cfbf0e9d60bf702941f83c8e3a2406a8ba0c36b47abf12e3f0d5fbb20006c804,,,,,,,,,,,,,,
suitesparse,parabolic_fem,gpu,parac_physics,,72,,complete,525825,3674625,6.224426820996094,0.0574433,6.281870120996094,51,4.0941713530427675e-09,4.2895282806879905e-09,0.576326,1,3,3,823.375,,,,,280b7ee0087c47d1a5101787312dd7574acdfee0,,,,,,,,,,,,,,,
suitesparse,thermal2,cpu,ac,,72,1,n/a,,,,,,,,,,1,0,,1296.0,,,,,17fbacec7886eda3545bde4dc3426d992f7a4af2,,,,,,,,,,julia,,,,,
suitesparse,thermal2,cpu,ac2,,72,1,n/a,,,,,,,,,,1,0,,1296.0,,,,,17fbacec7886eda3545bde4dc3426d992f7a4af2,,,,,,,,,,julia,,,,,
suitesparse,thermal2,cpu,amgcl,,72,,complete,1228045,8580313,0.1395178,0.04584605,0.1853639,20,5.647838e-09,5.647837875e-09,,1,3,3,468.0,,,logical_cell,,ea01e2ff32b171d94ae8c048436df98203a0fc67,5942a0926b4d1a67dcd8fd6985633b0f834f734ee4a6c1285fb88db959bac8c7,,,,,,,,0.0,clang,,,explicit-warmup-v1,,
suitesparse,thermal2,cpu,apxchol_v1,bg+trace_cycle[vec_pool_aos],72,,complete,1228045,8580313,0.131483883,0.041614641,0.173098524,28,8.285158747775408e-09,8.285158747775408e-09,,1,3,3,432.0,,,,,f17b98eca1d46cde68ffe1555e5284f225745567,d7960e301d068b7d8a70ddeca2e0402da1025c43dac7599b16f02f4201d00067,cpu_cpu,trace_cycle,0.2,False,False,0.0001,9232298,2.177356157310914,Clang22.1.8/llvm-libomp,unset,683ba7cb0bc7693fecd9a62a74082f2fc08e238426ad451a54af4166b4a31042,complete-object-api-v1,False,"{""setup_s"": {""max"": 0.134968545, ""median"": 0.131928062, ""min"": 0.131483883, ""spread"": 1.0265025790271192}, ""solve_api_s"": {""max"": 0.041614641, ""median"": 0.041430968, ""min"": 0.041145247, ""spread"": 1.0114082192774294}, ""total_s"": {""max"": 0.176399513, ""median"": 0.173098524, ""min"": 0.173073309, ""spread"": 1.01921846886281}}"
suitesparse,thermal2,cpu,apxchol_v1,bg+tree[vec_pool_aos],72,,complete,1228045,8580313,0.112021402,0.050013427,0.162034829,38,8.426622486908246e-09,8.426622486908246e-09,,1,3,3,432.0,,,,,f17b98eca1d46cde68ffe1555e5284f225745567,d7960e301d068b7d8a70ddeca2e0402da1025c43dac7599b16f02f4201d00067,cpu_cpu,gks,0.2,False,False,0.0001,7980548,1.8368489831981099,Clang22.1.8/llvm-libomp,unset,683ba7cb0bc7693fecd9a62a74082f2fc08e238426ad451a54af4166b4a31042,complete-object-api-v1,False,"{""setup_s"": {""max"": 0.116776073, ""median"": 0.112021402, ""min"": 0.111261969, ""spread"": 1.0495596478253948}, ""solve_api_s"": {""max"": 0.050013427, ""median"": 0.049888311, ""min"": 0.049858872, ""spread"": 1.0030998495112364}, ""total_s"": {""max"": 0.16663494499999998, ""median"": 0.162034829, ""min"": 0.16115028, ""spread"": 1.0340344739084535}}"
suitesparse,thermal2,cpu,cmg_packed,original-operator,72,1,n/a,,,,,,,,,,1,0,,,,,logical_cell,,67750bb65e4e872acb408f2467759e75c70fe5b6,42ca4826ba0a67a64f0ae3a36a9c36fa7a9ef8a598328415b22b587f242fe9e5,,,,,,,,,,,,,,
suitesparse,thermal2,cpu,hypre_boomeramg,,72,,complete,1228045,8580313,0.7198274,0.1040486,0.8238761,10,2.245046e-09,2.245045646e-09,,1,3,1,1188.6,,,logical_cell,,ea01e2ff32b171d94ae8c048436df98203a0fc67,5942a0926b4d1a67dcd8fd6985633b0f834f734ee4a6c1285fb88db959bac8c7,,,,,,,,0.0,clang,,,explicit-warmup-v1,,
suitesparse,thermal2,cpu,hypre_boomeramg,cut,72,,complete,1228045,8580313,0.7597163,0.1002874,0.8600037,10,2.245046e-09,2.245045646e-09,,1,3,2,1452.5,,,logical_cell,,ea01e2ff32b171d94ae8c048436df98203a0fc67,5942a0926b4d1a67dcd8fd6985633b0f834f734ee4a6c1285fb88db959bac8c7,,,,,,,,0.0,clang,,,explicit-warmup-v1,,
suitesparse,thermal2,cpu,parac,,72,,complete,1228045,8580313,13.953295326345826,5.236,19.189295326345825,166,5.094020639743122e-09,5.094020639743122e-09,,1,3,3,2673.9375,,,,,8827024f79d2cd40e3e162faf5ada0fcc5943af6,94a4cc3e26ca031ffa01df5a4e26fe788d9e60a5b0bc0e4f2cdf58a9912b0bf1,,,,,,,,,,,,,,
suitesparse,thermal2,cpu,parac_physics,,72,,complete,1228045,8580313,14.275089351531982,1.242,15.517089351531983,40,5.28866358642866e-09,5.28866358642866e-09,,1,3,3,2888.5625,,,,,280b7ee0087c47d1a5101787312dd7574acdfee0,,,,,,,,,,,,,,,
suitesparse,thermal2,cpu,rchol,,72,,failed,,,,,,,,,,1,,,2035.5,,,logical_cell,,fa329b5ac757bab0aeb36cfc7f6ec14ff15bdc9b,c4e6202ab92260ec4c8b8aec659fd9772582676157cff6edd8eaff158f194968,,,,,,,,,clang,,,explicit-warmup-v1,,
suitesparse,thermal2,cpu,rchol_par,,72,,failed,,,,,,,,,,1,,,1387.7,,,logical_cell,,fa329b5ac757bab0aeb36cfc7f6ec14ff15bdc9b,c4e6202ab92260ec4c8b8aec659fd9772582676157cff6edd8eaff158f194968,,,,,,,,,clang,,,explicit-warmup-v1,,
suitesparse,thermal2,gpu,amgcl_cuda,,72,,complete,1228045,8580313,0.1546681,0.01876903,0.1734371,20,5.647838e-09,5.647837875e-09,0.5569,1,3,1,792.0,,,logical_cell,,ea01e2ff32b171d94ae8c048436df98203a0fc67,b09f022854a0d41cc5d07fa78abec4c0eb1b587cb6c00b843afbd7c38e3c80f5,,,,,,,,0.0,clang,,,explicit-warmup-v1,,
suitesparse,thermal2,gpu,apxchol_v1,bg+tree/gpu-owned-q02[vec_pool_aos],72,,complete,1228045,8580313,0.15381058,0.022742291,0.176552871,39,7.63034518172767e-09,7.63034518172767e-09,,1,3,1,540.0,,,,,c94a94a1dee6070947be21e08171210131d9cdd8,d25523bdf16a36173de8bd704c528d358a1489721584d7d5c17dc1ef84e3a8aa,owned_gpu_q02,gks,0.2,True,True,0.0001,7933998,1.8241862238971702,GCC14.3 (pinned native cache/build flags in campaign),,335de48e2884173d53037dbd36529d88197ea9b44318d4b55aff50128cae19bc,complete-object-api-v1,False,"{""setup_s"": {""max"": 0.157678421, ""median"": 0.15381058, ""min"": 0.152885522, ""spread"": 1.0313495937175792}, ""solve_api_s"": {""max"": 0.022742291, ""median"": 0.022712435, ""min"": 0.022658101, ""spread"": 1.003715668846211}, ""total_s"": {""max"": 0.180336522, ""median"": 0.176552871, ""min"": 0.175597957, ""spread"": 1.0269853082630114}}"
suitesparse,thermal2,gpu,apxchol_v1,bg+tree/gpu-owned-q08[vec_pool_aos],72,,complete,1228045,8580313,0.129869873,0.021535883,0.151405756,40,8.914426754761913e-09,8.914426754761913e-09,,1,3,1,540.0,,,,,c94a94a1dee6070947be21e08171210131d9cdd8,d25523bdf16a36173de8bd704c528d358a1489721584d7d5c17dc1ef84e3a8aa,owned_gpu,gks,0.8,True,True,0.0001,7985913,1.8383083968103449,GCC14.3 (pinned native cache/build flags in campaign),,335de48e2884173d53037dbd36529d88197ea9b44318d4b55aff50128cae19bc,complete-object-api-v1,False,"{""setup_s"": {""max"": 0.130060589, ""median"": 0.129957391, ""min"": 0.129869873, ""spread"": 1.001468516104578}, ""solve_api_s"": {""max"": 0.021674087, ""median"": 0.021535883, ""min"": 0.020787519, ""spread"": 1.0426490530207093}, ""total_s"": {""max"": 0.151734676, ""median"": 0.151405756, ""min"": 0.15074491, ""spread"": 1.006565833632459}}"
suitesparse,thermal2,gpu,hypre_boomeramg_gpu,,72,,complete,1228045,8580313,0.2569085,0.01765179,0.2745603,13,8.303588e-09,9.606091498e-09,0.5957,1,3,1,1079.1,,,logical_cell,,ea01e2ff32b171d94ae8c048436df98203a0fc67,b09f022854a0d41cc5d07fa78abec4c0eb1b587cb6c00b843afbd7c38e3c80f5,,,,,,,,0.0,clang,,,explicit-warmup-v1,,
suitesparse,thermal2,gpu,hypre_boomeramg_gpu,cut,72,,complete,1228045,8580313,0.2577803,0.01728684,0.2750671,13,8.303588e-09,9.606091498e-09,0.5567000000000001,1,3,1,1079.1,,,logical_cell,,ea01e2ff32b171d94ae8c048436df98203a0fc67,b09f022854a0d41cc5d07fa78abec4c0eb1b587cb6c00b843afbd7c38e3c80f5,,,,,,,,0.0,clang,,,explicit-warmup-v1,,
suitesparse,thermal2,gpu,parac_graph,,72,,complete,1228045,8580313,14.490490847476197,0.288209,14.778699847476197,163,4.195829565739114e-09,4.619603925731222e-09,0.512137,1,3,3,1502.25,,,,,8827024f79d2cd40e3e162faf5ada0fcc5943af6,cfbf0e9d60bf702941f83c8e3a2406a8ba0c36b47abf12e3f0d5fbb20006c804,,,,,,,,,,,,,,
suitesparse,thermal2,gpu,parac_physics,,72,,complete,1228045,8580313,14.932830596176148,0.0876633,15.020493896176148,50,4.655073628204476e-09,4.655073628204476e-09,0.663833,1,3,1,1582.0,,,,,280b7ee0087c47d1a5101787312dd7574acdfee0,,,,,,,,,,,,,,,
